gamma_1,label,id
0.013200751695551904,0.0,1.0
0.014251773634840426,1.0,1.0
0.013387694532392302,0.0,2.0
0.013872392298651892,1.0,2.0
0.013216168770599612,0.0,3.0
0.013946236499585485,1.0,3.0
0.015938767828609812,0.0,4.0
0.017646586112071372,1.0,4.0
0.021521357570448263,0.0,5.0
0.02260276052179666,1.0,5.0
0.016005163290891744,0.0,6.0
0.016395527259599252,1.0,6.0
0.012531345394646731,0.0,7.0
0.012987401258977904,1.0,7.0
0.012787794929545182,0.0,8.0
0.01974570474076298,1.0,8.0
0.014997746580181381,0.0,9.0
0.024824939313379257,1.0,9.0
0.01548482391934991,0.0,10.0
0.024230449001112042,1.0,10.0
0.018222187956964397,0.0,11.0
0.027289211390411072,1.0,11.0
0.024582704213022222,0.0,12.0
0.03201317010272309,1.0,12.0
0.017542983894337283,0.0,13.0
0.02380457285803983,1.0,13.0
0.014675092367510523,0.0,14.0
0.024781434950487125,1.0,14.0
0.014472892360462453,0.0,15.0
0.017093823170305278,1.0,15.0
0.013957914638431212,0.0,16.0
0.017059793125919764,1.0,16.0
0.015413194415811127,0.0,17.0
0.02274705292195911,1.0,17.0
0.017860035768384463,0.0,18.0
0.025162527757012665,1.0,18.0
0.020159400429149876,0.0,19.0
0.02707883854524784,1.0,19.0
0.01614137287586015,0.0,20.0
0.01974151519128231,1.0,20.0
0.012544032595227073,0.0,21.0
0.01566055945139988,1.0,21.0
0.012271463129383875,0.0,22.0
0.020856803925942913,1.0,22.0
0.014720182694051953,0.0,23.0
0.02426876838014458,1.0,23.0
0.015950708106066802,0.0,24.0
0.02984900855423689,1.0,24.0
0.016880993691160917,0.0,25.0
0.030553336261322173,1.0,25.0
0.018348990679174726,0.0,26.0
0.03163909856050573,1.0,26.0
0.015134743849011034,0.0,27.0
0.02624810937507549,1.0,27.0
0.012854368450345266,0.0,28.0
0.024823031534331186,1.0,28.0
0.013577972293461471,0.0,29.0
0.035400611618882305,1.0,29.0
0.015031136858564054,0.0,30.0
0.036402061934688756,1.0,30.0
0.015241272408863527,0.0,31.0
0.0391945600949577,1.0,31.0
0.01678262716895995,0.0,32.0
0.035738530391535406,1.0,32.0
0.022625026598408038,0.0,33.0
0.035445636701828764,1.0,33.0
0.01772413310898946,0.0,34.0
0.03287883720290985,1.0,34.0
0.014542096041758157,0.0,35.0
0.04107011990564269,1.0,35.0
0.010402833352118446,0.0,36.0
0.02475285676452188,1.0,36.0
0.012962782953142238,0.0,37.0
0.03453349276992901,1.0,37.0
0.012437748863094455,0.0,38.0
0.031738064290664614,1.0,38.0
0.015514877983074271,0.0,39.0
0.03373831199083588,1.0,39.0
0.01916110541422844,0.0,40.0
0.027897540391273346,1.0,40.0
0.014235908987950019,0.0,41.0
0.025375177771743473,1.0,41.0
0.012518074594437323,0.0,42.0
0.02992299233789142,1.0,42.0
0.01233683028990562,0.0,43.0
0.016666844522033486,1.0,43.0
0.012247630543963162,0.0,44.0
0.01772069536590415,1.0,44.0
0.013959804448340662,0.0,45.0
0.021665512154280808,1.0,45.0
0.01646426456221528,0.0,46.0
0.02489412695346438,1.0,46.0
0.020279423836483623,0.0,47.0
0.024151386048288703,1.0,47.0
0.014701848239859316,0.0,48.0
0.018717634678313555,1.0,48.0
0.012620324854625053,0.0,49.0
0.019927686501734154,1.0,49.0
0.013540791430349586,0.0,50.0
0.01944104628903709,1.0,50.0
0.01408342691893072,0.0,51.0
0.017683062255123616,1.0,51.0
0.013946776907012737,0.0,52.0
0.016562712583961137,1.0,52.0
0.017742993476339564,0.0,53.0
0.023508925774364364,1.0,53.0
0.021200960641578614,0.0,54.0
0.025378798848712414,1.0,54.0
0.016342514978740397,0.0,55.0
0.02049548706395976,1.0,55.0
0.013747038692842661,0.0,56.0
0.018533198128485306,1.0,56.0
0.012515644626470479,0.0,57.0
0.01916829993861846,1.0,57.0
0.013708029252347043,0.0,58.0
0.025362198620584753,1.0,58.0
0.013458568496083512,0.0,59.0
0.024961606405700998,1.0,59.0
0.015640211474732713,0.0,60.0
0.026389795814249606,1.0,60.0
0.018207919232278602,0.0,61.0
0.02276562433951934,1.0,61.0
0.01603182697292782,0.0,62.0
0.021580551382168967,1.0,62.0
0.012282279532286555,0.0,63.0
0.02142362873472292,1.0,63.0
0.013595853503157507,0.0,64.0
0.03011026200436806,1.0,64.0
0.014116003836780688,0.0,65.0
0.025218866144709917,1.0,65.0
0.01529926475700849,0.0,66.0
0.03511680594767208,1.0,66.0
0.018833249201061886,0.0,67.0
0.039618599336471494,1.0,67.0
0.018887328148567306,0.0,68.0
0.03634611171841895,1.0,68.0
0.015335362899082217,0.0,69.0
0.02975646843257973,1.0,69.0
0.014097090983542504,0.0,70.0
0.021298320233471557,1.0,70.0
0.010101325470869948,0.0,71.0
0.013742429627097597,1.0,71.0
0.011486502058652537,0.0,72.0
0.015443922081976424,1.0,72.0
0.012497132393911592,0.0,73.0
0.01564109746824549,1.0,73.0
0.01316840129797825,0.0,74.0
0.016157116249300163,1.0,74.0
0.016790643403954864,0.0,75.0
0.018832627202642005,1.0,75.0
0.012901303924364615,0.0,76.0
0.014928515487683924,1.0,76.0
0.010341510298311984,0.0,77.0
0.013343492348376618,1.0,77.0
0.011287280818236045,0.0,78.0
0.023435091082125936,1.0,78.0
0.013233458298775425,0.0,79.0
0.022644373237530768,1.0,79.0
0.012492060287622841,0.0,80.0
0.026241803111194173,1.0,80.0
0.014965674031776732,0.0,81.0
0.031429185583753405,1.0,81.0
0.016807850796011437,0.0,82.0
0.028835792776857883,1.0,82.0
0.015167768254380487,0.0,83.0
0.023077558669653886,1.0,83.0
0.012780547825141042,0.0,84.0
0.023966934418677255,1.0,84.0
0.012100863525744021,0.0,85.0
0.022786962309963688,1.0,85.0
0.014526593973047675,0.0,86.0
0.028016649710546737,1.0,86.0
0.013115848322136525,0.0,87.0
0.029935144667332825,1.0,87.0
0.016561569669494958,0.0,88.0
0.03152870949014197,1.0,88.0
0.0177203777938697,0.0,89.0
0.026810765586516627,1.0,89.0
0.014359159571124103,0.0,90.0
0.02560063830379411,1.0,90.0
0.012108390597874052,0.0,91.0
0.0281702292652386,1.0,91.0
0.01493922150589988,0.0,92.0
0.02527884243911327,1.0,92.0
0.01721243877201184,0.0,93.0
0.028383003220681324,1.0,93.0
0.016291814194550724,0.0,94.0
0.027511920791664313,1.0,94.0
0.020781754198536895,0.0,95.0
0.02827817186499537,1.0,95.0
0.019837150120483926,0.0,96.0
0.02426325327379031,1.0,96.0
0.017876466609046737,0.0,97.0
0.022872277314262668,1.0,97.0
0.015975819024427462,0.0,98.0
0.024740892862908925,1.0,98.0
0.012365309429981597,0.0,99.0
0.03563762361646017,1.0,99.0
0.01213470475142886,0.0,100.0
0.0313531172414061,1.0,100.0
0.012070329723308681,0.0,101.0
0.028226344547144233,1.0,101.0
0.016856509912096307,0.0,102.0
0.035327552155162145,1.0,102.0
0.020108487226047966,0.0,103.0
0.031006107043233477,1.0,103.0
0.01592903698249959,0.0,104.0
0.026891186508853693,1.0,104.0
0.013997780302351437,0.0,105.0
0.02846566320984989,1.0,105.0
0.0132345132365832,0.0,106.0
0.0444419985395097,1.0,106.0
0.014756539516551204,0.0,107.0
0.06382629423638253,1.0,107.0
0.014451888372824406,0.0,108.0
0.05253697982629735,1.0,108.0
0.015731469546947707,0.0,109.0
0.0504469756127599,1.0,109.0
0.015207866895192712,0.0,110.0
0.03816407885368367,1.0,110.0
0.012314011682957648,0.0,111.0
0.042417921516128665,1.0,111.0
0.013293220583729948,0.0,112.0
0.04989948110607667,1.0,112.0
0.012690887543787444,0.0,113.0
0.029688698444881645,1.0,113.0
0.013159863920375159,0.0,114.0
0.03230295267572725,1.0,114.0
0.01389870889383582,0.0,115.0
0.036424192830886604,1.0,115.0
0.014692609498017095,0.0,116.0
0.03252704855878141,1.0,116.0
0.017189406458358647,0.0,117.0
0.027411115438295663,1.0,117.0
0.014568281024054386,0.0,118.0
0.02672314200440784,1.0,118.0
0.012598614167730116,0.0,119.0
0.027073903756072326,1.0,119.0
0.012357199099028104,0.0,120.0
0.016665929287656756,1.0,120.0
0.014097710593991675,0.0,121.0
0.01925345076230789,1.0,121.0
0.01541608517678883,0.0,122.0
0.021005016987799774,1.0,122.0
0.015204206447915425,0.0,123.0
0.019472426490974026,1.0,123.0
0.014362274108375761,0.0,124.0
0.018113989055235535,1.0,124.0
0.013875113409376638,0.0,125.0
0.020063270615094275,1.0,125.0
0.013441187875448346,0.0,126.0
0.018633555587199258,1.0,126.0
0.011301769827680719,0.0,127.0
0.0344890834641145,1.0,127.0
0.01378099641135222,0.0,128.0
0.041112274469687016,1.0,128.0
0.01356893980210172,0.0,129.0
0.04744897930526015,1.0,129.0
0.016326879786592752,0.0,130.0
0.04970352860226335,1.0,130.0
0.01983551624285651,0.0,131.0
0.047491156997733874,1.0,131.0
0.015307453462166887,0.0,132.0
0.04406426636775507,1.0,132.0
0.013479329661312267,0.0,133.0
0.022272934142837375,1.0,133.0
0.010018167771473685,0.0,134.0
0.019322564866007585,1.0,134.0
0.012508935154819767,0.0,135.0
0.03109040300332344,1.0,135.0
0.011656691744889258,0.0,136.0
0.02678564271004591,1.0,136.0
0.013115425596714303,0.0,137.0
0.050009959754719,1.0,137.0
0.015546558081267037,0.0,138.0
0.049892681326642485,1.0,138.0
0.0122409720290384,0.0,139.0
0.05927818044085109,1.0,139.0
0.011307493856946849,0.0,140.0
0.03568929460840797,1.0,140.0
0.012760953123462482,0.0,141.0
0.03054317016998942,1.0,141.0
0.015199767575342804,0.0,142.0
0.03832987083869677,1.0,142.0
0.014463575013257568,0.0,143.0
0.0388209890873461,1.0,143.0
0.018164016820900297,0.0,144.0
0.04298261550202609,1.0,144.0
0.019764649511179844,0.0,145.0
0.0564287267195116,1.0,145.0
0.015469898976619323,0.0,146.0
0.03255815687057595,1.0,146.0
0.014578645347835817,0.0,147.0
0.03401505234569635,1.0,147.0
0.015249116180882982,0.0,148.0
0.026882991376389054,1.0,148.0
0.018394084422347134,0.0,149.0
0.03238580514144518,1.0,149.0
0.01726994277710725,0.0,150.0
0.030881132007345435,1.0,150.0
0.021024280699502906,0.0,151.0
0.029251250080904345,1.0,151.0
0.02432561351203999,0.0,152.0
0.03151143407175727,1.0,152.0
0.01651549054143686,0.0,153.0
0.024517554047676526,1.0,153.0
0.016949304183297986,0.0,154.0
0.030194816191769558,1.0,154.0
0.014535724245555937,0.0,155.0
0.02247226612177,1.0,155.0
0.018104829000741507,0.0,156.0
0.024749687356642625,1.0,156.0
0.017529360741227684,0.0,157.0
0.023983582488206867,1.0,157.0
0.021427528488870085,0.0,158.0
0.026428301186950165,1.0,158.0
0.023964761409178248,0.0,159.0
0.026865407970904087,1.0,159.0
0.018713707624550047,0.0,160.0
0.02277973603641481,1.0,160.0
0.016937279266475702,0.0,161.0
0.028135143978265553,1.0,161.0
0.013447192636923955,0.0,162.0
0.02159262666665951,1.0,162.0
0.014727130090203655,0.0,163.0
0.024248649098023378,1.0,163.0
0.014052579624828532,0.0,164.0
0.023897336858159868,1.0,164.0
0.017000083192830306,0.0,165.0
0.024165293927715048,1.0,165.0
0.02146424792100854,0.0,166.0
0.028685439532861956,1.0,166.0
0.01782911127565212,0.0,167.0
0.024248854115792806,1.0,167.0
0.014372686793426848,0.0,168.0
0.028110785521594295,1.0,168.0
0.012959797551602925,0.0,169.0
0.02410548960548109,1.0,169.0
0.013746870251712728,0.0,170.0
0.024738765430043053,1.0,170.0
0.013365356241644477,0.0,171.0
0.025252482465929038,1.0,171.0
0.01613090129795447,0.0,172.0
0.02990905483857631,1.0,172.0
0.018748934746670276,0.0,173.0
0.0296978743871823,1.0,173.0
0.015680868973990236,0.0,174.0
0.02593230034264371,1.0,174.0
0.015156199758785682,0.0,175.0
0.026053963286066573,1.0,175.0
0.012943852167090153,0.0,176.0
0.03709912704539864,1.0,176.0
0.015539943120168154,0.0,177.0
0.038187334930746,1.0,177.0
0.014098621110166132,0.0,178.0
0.029090929325858994,1.0,178.0
0.016206089458418393,0.0,179.0
0.03253095484920676,1.0,179.0
0.021937387544124665,0.0,180.0
0.03307182503528949,1.0,180.0
0.01453943466652552,0.0,181.0
0.03131684772916943,1.0,181.0
0.013240862703294276,0.0,182.0
0.03365654486548353,1.0,182.0
0.015528768330527853,0.0,183.0
0.019979559297479188,1.0,183.0
0.016649749155992044,0.0,184.0
0.020464733756442754,1.0,184.0
0.016301203133537445,0.0,185.0
0.020102721232695853,1.0,185.0
0.02233979581974488,0.0,186.0
0.02665573728783821,1.0,186.0
0.023357355988123718,0.0,187.0
0.026822406055588832,1.0,187.0
0.017064104848240724,0.0,188.0
0.021620073275594454,1.0,188.0
0.016324309906221135,0.0,189.0
0.021240062286463246,1.0,189.0
0.014387895005639084,0.0,190.0
0.034672735791109854,1.0,190.0
0.016224432189726468,0.0,191.0
0.033087870135280806,1.0,191.0
0.01655322828955974,0.0,192.0
0.035479346573963344,1.0,192.0
0.01683864546073366,0.0,193.0
0.033866197666653886,1.0,193.0
0.017276932065200423,0.0,194.0
0.02954395679169286,1.0,194.0
0.015311909695795212,0.0,195.0
0.027732824944410872,1.0,195.0
0.013774265547859876,0.0,196.0
0.0299323316061737,1.0,196.0
0.012849510531721897,0.0,197.0
0.02237071338820318,1.0,197.0
0.014060488145884786,0.0,198.0
0.024398514776104552,1.0,198.0
0.014503622330233501,0.0,199.0
0.02805976255758713,1.0,199.0
0.018795628321210067,0.0,200.0
0.0313691064365611,1.0,200.0
0.023820704345699717,0.0,201.0
0.035733487823371934,1.0,201.0
0.016124401733313753,0.0,202.0
0.021251883598067955,1.0,202.0
0.013495568365325727,0.0,203.0
0.023820765117407827,1.0,203.0
0.013079005967654656,0.0,204.0
0.02428418144124267,1.0,204.0
0.013500842181656036,0.0,205.0
0.021559285186516952,1.0,205.0
0.014052144529612676,0.0,206.0
0.02115395465992842,1.0,206.0
0.020387994518513697,0.0,207.0
0.027190610020114914,1.0,207.0
0.018696675477337443,0.0,208.0
0.027566395420927314,1.0,208.0
0.016073637673565067,0.0,209.0
0.024272564913553563,1.0,209.0
0.013666437705968093,0.0,210.0
0.0208599142778656,1.0,210.0
0.010505385224971242,0.0,211.0
0.01337138981935393,1.0,211.0
0.011821552595681961,0.0,212.0
0.01880881840177162,1.0,212.0
0.012762486504898085,0.0,213.0
0.020207391971106325,1.0,213.0
0.013751935449125785,0.0,214.0
0.021521621126636248,1.0,214.0
0.01592485818814815,0.0,215.0
0.02135042074420923,1.0,215.0
0.012464767160533796,0.0,216.0
0.01776169318850762,1.0,216.0
0.010850561451054563,0.0,217.0
0.01689709609218948,1.0,217.0
0.012452090935165305,0.0,218.0
0.015567226720689664,1.0,218.0
0.015557077452097001,0.0,219.0
0.019054824546275384,1.0,219.0
0.015564967310213618,0.0,220.0
0.020831604571043716,1.0,220.0
0.01831201866184129,0.0,221.0
0.03715008034335421,1.0,221.0
0.021167134696964407,0.0,222.0
0.032376842290061436,1.0,222.0
0.015496171531702796,0.0,223.0
0.02522364120357956,1.0,223.0
0.01512195567051533,0.0,224.0
0.030396318247861043,1.0,224.0
0.013686682531109273,0.0,225.0
0.015133325461603064,1.0,225.0
0.014460722419163297,0.0,226.0
0.018477755986126887,1.0,226.0
0.01580301664230399,0.0,227.0
0.01983963324188398,1.0,227.0
0.018358695488977173,0.0,228.0
0.02243743202752846,1.0,228.0
0.018821787578473526,0.0,229.0
0.02155772167946246,1.0,229.0
0.014946433903111789,0.0,230.0
0.017473478097268735,1.0,230.0
0.014490998804693511,0.0,231.0
0.017763048499907175,1.0,231.0
0.012055149064914339,0.0,232.0
0.028117737046440272,1.0,232.0
0.016405968065723364,0.0,233.0
0.03864655108838955,1.0,233.0
0.01657671078090983,0.0,234.0
0.03559351079688122,1.0,234.0
0.016454682801163578,0.0,235.0
0.040828153156103664,1.0,235.0
0.015926375693789296,0.0,236.0
0.025897371075049858,1.0,236.0
0.013243420276008333,0.0,237.0
0.026712893322559328,1.0,237.0
0.014583434191193678,0.0,238.0
0.038101935636365436,1.0,238.0
0.013435773504756554,0.0,239.0
0.04868761286627965,1.0,239.0
0.014008796043974314,0.0,240.0
0.05824339752372998,1.0,240.0
0.015912976655049427,0.0,241.0
0.0545748552620382,1.0,241.0
0.015832259595362164,0.0,242.0
0.06337079599986328,1.0,242.0
0.01854588611328234,0.0,243.0
0.06014235097506715,1.0,243.0
0.01666324621603854,0.0,244.0
0.047024504245854803,1.0,244.0
0.013990486577492245,0.0,245.0
0.05351983148540773,1.0,245.0
0.011657395246190028,0.0,246.0
0.02128239916058039,1.0,246.0
0.012004483228027496,0.0,247.0
0.02152453179809033,1.0,247.0
0.01238423277414169,0.0,248.0
0.019810033774101843,1.0,248.0
0.014088848725985148,0.0,249.0
0.020791064650244273,1.0,249.0
0.01811347074669234,0.0,250.0
0.02324126840593399,1.0,250.0
0.013519399098878448,0.0,251.0
0.02034056962217079,1.0,251.0
0.011309067249269944,0.0,252.0
0.019427943758922428,1.0,252.0
0.01275447820796094,0.0,253.0
0.02239030078472215,1.0,253.0
0.012764066387336737,0.0,254.0
0.02171976678428056,1.0,254.0
0.014025159954611954,0.0,255.0
0.021535264991697556,1.0,255.0
0.016254277012554663,0.0,256.0
0.022020646322912896,1.0,256.0
0.01932570326922889,0.0,257.0
0.03162081448119025,1.0,257.0
0.0157460596895036,0.0,258.0
0.019549601665092453,1.0,258.0
0.01360342953963567,0.0,259.0
0.021204681128936365,1.0,259.0
0.01044555162045846,0.0,260.0
0.019973035985012988,1.0,260.0
0.01144259388387514,0.0,261.0
0.02465489003837895,1.0,261.0
0.011737685744246829,0.0,262.0
0.023165654110271827,1.0,262.0
0.011733727165490926,0.0,263.0
0.04455920842786831,1.0,263.0
0.01503319965697969,0.0,264.0
0.041144253475358106,1.0,264.0
0.011443391139515757,0.0,265.0
0.047630897047217235,1.0,265.0
0.010766157901402007,0.0,266.0
0.02206592957622444,1.0,266.0
0.012596141739473765,0.0,267.0
0.01719265936579495,1.0,267.0
0.013162799623251509,0.0,268.0
0.018657113299167083,1.0,268.0
0.013903352214123643,0.0,269.0
0.018340705119585188,1.0,269.0
0.01600574816556488,0.0,270.0
0.020031155056079886,1.0,270.0
0.0213050325496269,0.0,271.0
0.023936255187170907,1.0,271.0
0.014101050214808453,0.0,272.0
0.016693007335922605,1.0,272.0
0.013117759824756714,0.0,273.0
0.01711972304919618,1.0,273.0
0.01191026796704886,0.0,274.0
0.015281640311441969,1.0,274.0
0.011979230510323902,0.0,275.0
0.015835082067567452,1.0,275.0
0.012130035983376697,0.0,276.0
0.015367557368750173,1.0,276.0
0.01471837947959509,0.0,277.0
0.017548988432597667,1.0,277.0
0.01911374029938262,0.0,278.0
0.020945324633832474,1.0,278.0
0.015969590142746792,0.0,279.0
0.01769217696464187,1.0,279.0
0.012618141712583686,0.0,280.0
0.015400587433077373,1.0,280.0
0.01376894923786276,0.0,281.0
0.020474555009128093,1.0,281.0
0.016290232403011196,0.0,282.0
0.02394757505660028,1.0,282.0
0.017295075890883638,0.0,283.0
0.02523619603555094,1.0,283.0
0.01647941512864648,0.0,284.0
0.02389545792386949,1.0,284.0
0.019161262663180523,0.0,285.0
0.023382267422508818,1.0,285.0
0.016422200383647834,0.0,286.0
0.021001652970989326,1.0,286.0
0.012869885139169313,0.0,287.0
0.019080212879200698,1.0,287.0
0.012870788542883815,0.0,288.0
0.019300005620860983,1.0,288.0
0.015119619798354744,0.0,289.0
0.022956951888933208,1.0,289.0
0.013587526017823759,0.0,290.0
0.020759062749633017,1.0,290.0
0.015914988914257133,0.0,291.0
0.023467688026390654,1.0,291.0
0.016563119338873555,0.0,292.0
0.02169491581920502,1.0,292.0
0.013180656759779197,0.0,293.0
0.018997363522287536,1.0,293.0
0.013291849067465389,0.0,294.0
0.02178859006946654,1.0,294.0
0.0132913416682916,0.0,295.0
0.03761065822576137,1.0,295.0
0.013168287007348844,0.0,296.0
0.03421054454744388,1.0,296.0
0.013807068791610977,0.0,297.0
0.0313027131203607,1.0,297.0
0.015543160377422094,0.0,298.0
0.03340208722382698,1.0,298.0
0.018179338929388056,0.0,299.0
0.029275845777878562,1.0,299.0
0.0158643731644319,0.0,300.0
0.027049275375204296,1.0,300.0
0.012784239648976126,0.0,301.0
0.02736867990310632,1.0,301.0
0.011940291515939006,0.0,302.0
0.023091577400525587,1.0,302.0
0.011732963625358472,0.0,303.0
0.022277434378006777,1.0,303.0
0.012271911222310194,0.0,304.0
0.022065515532033952,1.0,304.0
0.014607535217583845,0.0,305.0
0.02160360838760056,1.0,305.0
0.020537637238859485,0.0,306.0
0.02970376213209791,1.0,306.0
0.014333436607983252,0.0,307.0
0.024427670374413513,1.0,307.0
0.012168454407686102,0.0,308.0
0.020736692982768812,1.0,308.0
0.01398841153583108,0.0,309.0
0.019123205630385165,1.0,309.0
0.013998441218908475,0.0,310.0
0.022308368689130553,1.0,310.0
0.013847966027913827,0.0,311.0
0.022413663811576612,1.0,311.0
0.01631228630477599,0.0,312.0
0.03335774718697371,1.0,312.0
0.020363846366521,0.0,313.0
0.0324381627008794,1.0,313.0
0.015499888008423834,0.0,314.0
0.03172445785438338,1.0,314.0
0.013038040929993944,0.0,315.0
0.022098459579703356,1.0,315.0
0.011821715975224745,0.0,316.0
0.020543839086042848,1.0,316.0
0.012986146647013808,0.0,317.0
0.02227864064140217,1.0,317.0
0.012983204996880104,0.0,318.0
0.025228104607883495,1.0,318.0
0.014481518386571413,0.0,319.0
0.026663262907778762,1.0,319.0
0.017517517179026054,0.0,320.0
0.029813521798474074,1.0,320.0
0.014714144455374,0.0,321.0
0.025598675372523694,1.0,321.0
0.012367100717934232,0.0,322.0
0.02373040598618914,1.0,322.0
0.013170416221095937,0.0,323.0
0.014785116514948182,1.0,323.0
0.015065025518260722,0.0,324.0
0.023651200393396632,1.0,324.0
0.01366952414164091,0.0,325.0
0.02711643364231664,1.0,325.0
0.018845865839495435,0.0,326.0
0.03605320434706849,1.0,326.0
0.0219884523928906,0.0,327.0
0.03578078346743041,1.0,327.0
0.01814042346909739,0.0,328.0
0.04355937261622289,1.0,328.0
0.015259216463789471,0.0,329.0
0.044179166162958694,1.0,329.0
0.011470690303942543,0.0,330.0
0.019389767400637137,1.0,330.0
0.012262270847930523,0.0,331.0
0.023327074277558424,1.0,331.0
0.012660659616805514,0.0,332.0
0.026996108165963317,1.0,332.0
0.016187175796569253,0.0,333.0
0.058054121138008785,1.0,333.0
0.020655349982188653,0.0,334.0
0.05410258195185369,1.0,334.0
0.016208177545764535,0.0,335.0
0.0437033329111598,1.0,335.0
0.013923646583705818,0.0,336.0
0.05296538589616606,1.0,336.0
0.01366798617776288,0.0,337.0
0.031750880200545506,1.0,337.0
0.01457507434203098,0.0,338.0
0.03408581252697607,1.0,338.0
0.014102842251750847,0.0,339.0
0.037227577906835396,1.0,339.0
0.01777083120507461,0.0,340.0
0.04182676795773199,1.0,340.0
0.020094311834916834,0.0,341.0
0.03796567182021837,1.0,341.0
0.01661936374229045,0.0,342.0
0.032551198648858026,1.0,342.0
0.014945031486024885,0.0,343.0
0.03383269657693422,1.0,343.0
0.01194760300697606,0.0,344.0
0.02190720697184556,1.0,344.0
0.013894769501049176,0.0,345.0
0.03239888995292617,1.0,345.0
0.014446200036911883,0.0,346.0
0.03004010932661716,1.0,346.0
0.018662955624465294,0.0,347.0
0.05343996634535442,1.0,347.0
0.02120509516525315,0.0,348.0
0.05333488144482912,1.0,348.0
0.016940232828947188,0.0,349.0
0.0592426744347776,1.0,349.0
0.012410970378128994,0.0,350.0
0.03710772616815827,1.0,350.0
0.01163054967088284,0.0,351.0
0.015467280341172618,1.0,351.0
0.012773388879514513,0.0,352.0
0.017609094015373028,1.0,352.0
0.012569766418167205,0.0,353.0
0.01827895509302646,1.0,353.0
0.014489730390934596,0.0,354.0
0.01923049838416757,1.0,354.0
0.017028146857574367,0.0,355.0
0.01979464155791133,1.0,355.0
0.013615200177572007,0.0,356.0
0.01679396295060931,1.0,356.0
0.012171641757701579,0.0,357.0
0.01718097483934411,1.0,357.0
0.012477897939179083,0.0,358.0
0.015758368845253834,1.0,358.0
0.0157268604664913,0.0,359.0
0.023995435541464882,1.0,359.0
0.016535840220704312,0.0,360.0
0.02558808681861402,1.0,360.0
0.018958462031948287,0.0,361.0
0.028849354943500938,1.0,361.0
0.016756016255846884,0.0,362.0
0.0229128176817035,1.0,362.0
0.014285722209343099,0.0,363.0
0.020078720589726817,1.0,363.0
0.013522527840503784,0.0,364.0
0.020982208733122842,1.0,364.0
0.01290026190260285,0.0,365.0
0.023780754747814825,1.0,365.0
0.016967671771397352,0.0,366.0
0.02288122363011391,1.0,366.0
0.01625647513144335,0.0,367.0
0.021798347405030505,1.0,367.0
0.016872353922270378,0.0,368.0
0.021807473342409622,1.0,368.0
0.0178862483752531,0.0,369.0
0.026563123778803988,1.0,369.0
0.014025966838642656,0.0,370.0
0.03108167848194565,1.0,370.0
0.013122301023136718,0.0,371.0
0.019414455231287597,1.0,371.0
0.012251480324203534,0.0,372.0
0.023020920553895596,1.0,372.0
0.012307320739195493,0.0,373.0
0.02595818789438642,1.0,373.0
0.012744703918438294,0.0,374.0
0.0276313854140966,1.0,374.0
0.013340569311725226,0.0,375.0
0.03174956558695863,1.0,375.0
0.01839265366370002,0.0,376.0
0.02704938752903585,1.0,376.0
0.014938435286398821,0.0,377.0
0.021181928194585975,1.0,377.0
0.010874944330953262,0.0,378.0
0.022721464814851267,1.0,378.0
0.011868763168380259,0.0,379.0
0.03735248912732336,1.0,379.0
0.013083633430831743,0.0,380.0
0.030452822550401493,1.0,380.0
0.014394711649541758,0.0,381.0
0.026186913235359377,1.0,381.0
0.015270788962311155,0.0,382.0
0.042042004783029885,1.0,382.0
0.018586552719228155,0.0,383.0
0.0348506332447891,1.0,383.0
0.013416752653521158,0.0,384.0
0.0316579114354556,1.0,384.0
0.011884267277270322,0.0,385.0
0.036243230228520495,1.0,385.0
0.015145161362240867,0.0,386.0
0.024032850353790547,1.0,386.0
0.01564607842218635,0.0,387.0
0.025676099619298842,1.0,387.0
0.017357954290893485,0.0,388.0
0.029026457216825285,1.0,388.0
0.018883326030246117,0.0,389.0
0.027347619127053857,1.0,389.0
0.021199870602383264,0.0,390.0
0.0347745196926299,1.0,390.0
0.017484205566660638,0.0,391.0
0.023147845274356538,1.0,391.0
0.01517313806872922,0.0,392.0
0.025331245608607222,1.0,392.0
0.012948973872111136,0.0,393.0
0.03503011245330079,1.0,393.0
0.017867172878416326,0.0,394.0
0.04020477518959664,1.0,394.0
0.01841853145189143,0.0,395.0
0.036748800372535584,1.0,395.0
0.019713330088213965,0.0,396.0
0.03624266506972562,1.0,396.0
0.01723303882569871,0.0,397.0
0.027291672147408352,1.0,397.0
0.014629005631814351,0.0,398.0
0.027576689682701883,1.0,398.0
0.018310485316435532,0.0,399.0
0.03764762006085087,1.0,399.0
0.012378803200217892,0.0,400.0
0.013611666654075982,1.0,400.0
0.013153167798554133,0.0,401.0
0.01643706908576803,1.0,401.0
0.014732797068752301,0.0,402.0
0.018070190055379687,1.0,402.0
0.014763521168668525,0.0,403.0
0.01833116603623486,1.0,403.0
0.01691511257185363,0.0,404.0
0.01926589683673363,1.0,404.0
0.013492494010128198,0.0,405.0
0.015748034531096078,1.0,405.0
0.012455425950354648,0.0,406.0
0.015494185501021551,1.0,406.0
0.011897786374792219,0.0,407.0
0.017907523829395977,1.0,407.0
0.012874450820322014,0.0,408.0
0.019443033184052716,1.0,408.0
0.014156184377911885,0.0,409.0
0.020641175591711747,1.0,409.0
0.014300833718101202,0.0,410.0
0.020233070075603266,1.0,410.0
0.0195628887177568,0.0,411.0
0.023630800243550798,1.0,411.0
0.014687565152290638,0.0,412.0
0.019663436851194316,1.0,412.0
0.011899266120300123,0.0,413.0
0.02183031122764101,1.0,413.0
0.012202066296066238,0.0,414.0
0.03164612776632003,1.0,414.0
0.012536898680727493,0.0,415.0
0.0241432552661629,1.0,415.0
0.01359641519815824,0.0,416.0
0.024676827493076647,1.0,416.0
0.013887772269967513,0.0,417.0
0.024042558456058405,1.0,417.0
0.016386642246647654,0.0,418.0
0.024340125698859794,1.0,418.0
0.01553112461510997,0.0,419.0
0.02461451441410789,1.0,419.0
0.012404363275118069,0.0,420.0
0.020529474933641545,1.0,420.0
0.012235223603490386,0.0,421.0
0.019711710944012584,1.0,421.0
0.01229913604920796,0.0,422.0
0.022184212798185055,1.0,422.0
0.012686995024536074,0.0,423.0
0.023168807225131705,1.0,423.0
0.013986408980175113,0.0,424.0
0.0210845983417407,1.0,424.0
0.01761129930294647,0.0,425.0
0.02624521549924097,1.0,425.0
0.013671657589346076,0.0,426.0
0.024714700452804994,1.0,426.0
0.01317690314179032,0.0,427.0
0.020622496202606033,1.0,427.0
0.012821663822366158,0.0,428.0
0.03465122611779714,1.0,428.0
0.015368766741212347,0.0,429.0
0.042959024661256784,1.0,429.0
0.014828596829335794,0.0,430.0
0.04002966800632324,1.0,430.0
0.0206810950080909,0.0,431.0
0.039089887477267826,1.0,431.0
0.020369685521025804,0.0,432.0
0.040630210549869705,1.0,432.0
0.016248988875483317,0.0,433.0
0.03669109984615693,1.0,433.0
0.014487227396951408,0.0,434.0
0.03388301557659723,1.0,434.0
0.01419098119122486,0.0,435.0
0.021074931830406207,1.0,435.0
0.015425349737684169,0.0,436.0
0.0235502580838145,1.0,436.0
0.016266768338316417,0.0,437.0
0.02426990416453423,1.0,437.0
0.01720311544498898,0.0,438.0
0.023371903267987548,1.0,438.0
0.02172962039818005,0.0,439.0
0.02757735408719686,1.0,439.0
0.013250073404516893,0.0,440.0
0.020433959409880575,1.0,440.0
0.0135524870448136,0.0,441.0
0.022956732312680916,1.0,441.0
0.011767819975139648,0.0,442.0
0.01830316209843197,1.0,442.0
0.012414157452586227,0.0,443.0
0.022485486520218423,1.0,443.0
0.013404775782749567,0.0,444.0
0.02453340462016218,1.0,444.0
0.015879024350448745,0.0,445.0
0.024421713957274438,1.0,445.0
0.019543428001204788,0.0,446.0
0.02592333656482948,1.0,446.0
0.014646657894767934,0.0,447.0
0.018391030140546327,1.0,447.0
0.01213213426441273,0.0,448.0
0.01746480218174451,1.0,448.0
0.013307703224462841,0.0,449.0
0.023335631528405898,1.0,449.0
0.013886556962925845,0.0,450.0
0.024879757816306025,1.0,450.0
0.013371763001010173,0.0,451.0
0.02496568051773851,1.0,451.0
0.015650568456569314,0.0,452.0
0.023899254611972065,1.0,452.0
0.01916639231211814,0.0,453.0
0.027357572869844304,1.0,453.0
0.01555140143059397,0.0,454.0
0.02285014052431178,1.0,454.0
0.014476560232097757,0.0,455.0
0.029488192904876254,1.0,455.0
0.010642218420293226,0.0,456.0
0.03231558592768158,1.0,456.0
0.01202923193888017,0.0,457.0
0.02823057021607811,1.0,457.0
0.012801378438167532,0.0,458.0
0.02911436112636334,1.0,458.0
0.013129352717294651,0.0,459.0
0.032061264303579584,1.0,459.0
0.017132775554101976,0.0,460.0
0.03222936915359975,1.0,460.0
0.012927994569925882,0.0,461.0
0.030802093502806382,1.0,461.0
0.012900032468887268,0.0,462.0
0.034847194217165534,1.0,462.0
0.014120253946629635,0.0,463.0
0.023862237989070945,1.0,463.0
0.014088666328602173,0.0,464.0
0.020241017715718623,1.0,464.0
0.014853674736264644,0.0,465.0
0.025055210260309657,1.0,465.0
0.014927318890254337,0.0,466.0
0.0245545956955735,1.0,466.0
0.018801050318999035,0.0,467.0
0.026956505166336964,1.0,467.0
0.015569982595389664,0.0,468.0
0.021510584882665995,1.0,468.0
0.012935093865377834,0.0,469.0
0.023398478674446554,1.0,469.0
0.013581647150598286,0.0,470.0
0.020030496703983935,1.0,470.0
0.016051452226053087,0.0,471.0
0.02457037253037786,1.0,471.0
0.014346012147583131,0.0,472.0
0.022738854298249844,1.0,472.0
0.014800338366133037,0.0,473.0
0.02183409770783573,1.0,473.0
0.019183472738253826,0.0,474.0
0.022921699386198036,1.0,474.0
0.014576270499243815,0.0,475.0
0.019433279760481703,1.0,475.0
0.013142545598858302,0.0,476.0
0.023194925217228768,1.0,476.0
0.01372969737696561,0.0,477.0
0.01718979862683101,1.0,477.0
0.018871450697187875,0.0,478.0
0.024838284886596007,1.0,478.0
0.019045862879812248,0.0,479.0
0.02725407282416903,1.0,479.0
0.017645923821663967,0.0,480.0
0.038254148104494234,1.0,480.0
0.019236160791192614,0.0,481.0
0.035213011393669724,1.0,481.0
0.013873236150737434,0.0,482.0
0.04460208514636754,1.0,482.0
0.015140988633258967,0.0,483.0
0.056495806598028775,1.0,483.0
0.012280751955898506,0.0,484.0
0.016363395476336695,1.0,484.0
0.012643851080141655,0.0,485.0
0.018201194131741705,1.0,485.0
0.013465973997155434,0.0,486.0
0.01942298258162367,1.0,486.0
0.017719541175007514,0.0,487.0
0.022813340925849523,1.0,487.0
0.019855619242580502,0.0,488.0
0.022212920531569313,1.0,488.0
0.016026565502999635,0.0,489.0
0.021730866433367968,1.0,489.0
0.01394521122705461,0.0,490.0
0.021618188560765805,1.0,490.0
0.013297159955834026,0.0,491.0
0.02385300431113535,1.0,491.0
0.013818593682327407,0.0,492.0
0.023895000564072344,1.0,492.0
0.014240537205060022,0.0,493.0
0.027863803193209247,1.0,493.0
0.0169792791384622,0.0,494.0
0.02582768283579817,1.0,494.0
0.022207786356769343,0.0,495.0
0.038198826395390295,1.0,495.0
0.015310827857006437,0.0,496.0
0.021373285659838537,1.0,496.0
0.01288390379319937,0.0,497.0
0.023810056147973935,1.0,497.0
0.012429353531836718,0.0,498.0
0.03538793049117661,1.0,498.0
0.014117925924429287,0.0,499.0
0.04027919463336094,1.0,499.0
0.015091527235924218,0.0,500.0
0.05183364002116786,1.0,500.0
0.016591750700936547,0.0,501.0
0.04629398772303395,1.0,501.0
0.01869964632417709,0.0,502.0
0.03350324376090619,1.0,502.0
0.01733610172409117,0.0,503.0
0.03501148665634002,1.0,503.0
0.013583745465454822,0.0,504.0
0.03425922420981431,1.0,504.0
0.014297592515770674,0.0,505.0
0.01981132065211222,1.0,505.0
0.016191040606683416,0.0,506.0
0.026337048335105973,1.0,506.0
0.016971841791656672,0.0,507.0
0.027721406282184002,1.0,507.0
0.016844231487846972,0.0,508.0
0.026023894840017103,1.0,508.0
0.017278131416539555,0.0,509.0
0.023334860483913644,1.0,509.0
0.014575830289268232,0.0,510.0
0.020366959086566272,1.0,510.0
0.014039528740554363,0.0,511.0
0.020793433675619255,1.0,511.0
0.0119534859766941,0.0,512.0
0.0204715146010801,1.0,512.0
0.012802285383501921,0.0,513.0
0.021849291452873842,1.0,513.0
0.013521796865696878,0.0,514.0
0.022897369212315333,1.0,514.0
0.01386217603839679,0.0,515.0
0.019948934409218744,1.0,515.0
0.015290169771070339,0.0,516.0
0.020890379739666898,1.0,516.0
0.012974004403633721,0.0,517.0
0.019172779815615826,1.0,517.0
0.011413941507826486,0.0,518.0
0.020947740720566266,1.0,518.0
0.01261965890608252,0.0,519.0
0.02740696608705706,1.0,519.0
0.013752720161638976,0.0,520.0
0.02787786387331126,1.0,520.0
0.013100385131659564,0.0,521.0
0.025423774126668075,1.0,521.0
0.01629830384758746,0.0,522.0
0.02721781159088188,1.0,522.0
0.017841706244084765,0.0,523.0
0.026930934168542198,1.0,523.0
0.013689962296485891,0.0,524.0
0.026460909322279846,1.0,524.0
0.012408580499274624,0.0,525.0
0.026535567975567442,1.0,525.0
0.013138852409520396,0.0,526.0
0.02242491228222221,1.0,526.0
0.013589809579603429,0.0,527.0
0.02112576440963787,1.0,527.0
0.013608214033661525,0.0,528.0
0.02185251010103384,1.0,528.0
0.0175764661685891,0.0,529.0
0.03191799452034205,1.0,529.0
0.01956629285844569,0.0,530.0
0.030501453374389254,1.0,530.0
0.015162151704137372,0.0,531.0
0.02183001272680274,1.0,531.0
0.012587182806254038,0.0,532.0
0.021188532326159137,1.0,532.0
0.01283805219969203,0.0,533.0
0.023488543570319376,1.0,533.0
0.013634112054059067,0.0,534.0
0.027333918002118818,1.0,534.0
0.015366898408052165,0.0,535.0
0.02794741919124588,1.0,535.0
0.016927139477429964,0.0,536.0
0.04713822348909158,1.0,536.0
0.017736032646258337,0.0,537.0
0.04354775064974303,1.0,537.0
0.0138181611858883,0.0,538.0
0.05210662092163032,1.0,538.0
0.012463495960984172,0.0,539.0
0.025239221211926566,1.0,539.0
0.015430010978338515,0.0,540.0
0.04484738151223899,1.0,540.0
0.01617499892958474,0.0,541.0
0.04580734714582535,1.0,541.0
0.01666268310543595,0.0,542.0
0.047024259446079686,1.0,542.0
0.02078025969164221,0.0,543.0
0.045820346105601484,1.0,543.0
0.02241019748935047,0.0,544.0
0.04703343053648368,1.0,544.0
0.019101459874645954,0.0,545.0
0.04471950468968844,1.0,545.0
0.0209039504669013,0.0,546.0
0.044042228657993565,1.0,546.0
0.012966670236391309,0.0,547.0
0.027453448220776444,1.0,547.0
0.013356305368484644,0.0,548.0
0.03008809043028604,1.0,548.0
0.012500852956591757,0.0,549.0
0.029584854930707838,1.0,549.0
0.016931009204243175,0.0,550.0
0.03080068972939287,1.0,550.0
0.01886949102323099,0.0,551.0
0.02953939269005401,1.0,551.0
0.016085998913094812,0.0,552.0
0.030904575350517494,1.0,552.0
0.013598176978430576,0.0,553.0
0.0400169816855378,1.0,553.0
0.011451812380668613,0.0,554.0
0.022681538140944202,1.0,554.0
0.012576930869987457,0.0,555.0
0.022576746748754317,1.0,555.0
0.0133652587124371,0.0,556.0
0.02571361205810252,1.0,556.0
0.014395898158468423,0.0,557.0
0.02284437052734667,1.0,557.0
0.01964395944271846,0.0,558.0
0.02709964207305937,1.0,558.0
0.013052974752391755,0.0,559.0
0.022030440900891346,1.0,559.0
0.01180448539275547,0.0,560.0
0.02290276190104734,1.0,560.0
0.01192469435513166,0.0,561.0
0.019293607192911733,1.0,561.0
0.012514512850698267,0.0,562.0
0.02371745048222129,1.0,562.0
0.013244976459427793,0.0,563.0
0.02721375819137961,1.0,563.0
0.0160427613842149,0.0,564.0
0.02847508372788754,1.0,564.0
0.019639905772012245,0.0,565.0
0.024226554461329375,1.0,565.0
0.015457293139242712,0.0,566.0
0.020811286171922738,1.0,566.0
0.013051337313074285,0.0,567.0
0.02529864834799289,1.0,567.0
0.01236587326192451,0.0,568.0
0.024667777518094347,1.0,568.0
0.011522758304347125,0.0,569.0
0.02311488748510193,1.0,569.0
0.010986704732848906,0.0,570.0
0.020946260895283952,1.0,570.0
0.013342782118663798,0.0,571.0
0.022715294795640606,1.0,571.0
0.01719111801391726,0.0,572.0
0.022457251659383726,1.0,572.0
0.015512763712954403,0.0,573.0
0.0207207125785005,1.0,573.0
0.012409690838619092,0.0,574.0
0.019429388395729053,1.0,574.0
0.014409010257898203,0.0,575.0
0.018839315998246065,1.0,575.0
0.015094397106345525,0.0,576.0
0.020786841319145655,1.0,576.0
0.01602659735493539,0.0,577.0
0.022636737626669845,1.0,577.0
0.01656928916771827,0.0,578.0
0.021522779723326835,1.0,578.0
0.019845652093088084,0.0,579.0
0.022236941396188925,1.0,579.0
0.016704974579189624,0.0,580.0
0.019360643921272125,1.0,580.0
0.015774077114182994,0.0,581.0
0.01987148941688055,1.0,581.0
0.01309071622803204,0.0,582.0
0.02423724770806901,1.0,582.0
0.015696944959738612,0.0,583.0
0.03300042027521366,1.0,583.0
0.01453934349175734,0.0,584.0
0.026335780325057456,1.0,584.0
0.015673318370317713,0.0,585.0
0.028694167373715995,1.0,585.0
0.02080698694673888,0.0,586.0
0.02756404145005087,1.0,586.0
0.016731024184689858,0.0,587.0
0.02451353396659961,1.0,587.0
0.013363402871006347,0.0,588.0
0.026858600710035763,1.0,588.0
0.011687000589266638,0.0,589.0
0.017361509797862773,1.0,589.0
0.01267133148590549,0.0,590.0
0.016944521228076326,1.0,590.0
0.013657939006498587,0.0,591.0
0.017128017573735388,1.0,591.0
0.016176135242242484,0.0,592.0
0.01956233580482758,1.0,592.0
0.01884399980342799,0.0,593.0
0.023509779998183156,1.0,593.0
0.01505447056774134,0.0,594.0
0.01914767013754526,1.0,594.0
0.012032762212295989,0.0,595.0
0.015563459156695103,1.0,595.0
0.013240444737929291,0.0,596.0
0.0276030008936754,1.0,596.0
0.013568927658659469,0.0,597.0
0.028656452110742414,1.0,597.0
0.014033430471948272,0.0,598.0
0.032558732900073384,1.0,598.0
0.016806035276407005,0.0,599.0
0.028497742060686004,1.0,599.0
0.016845713878846702,0.0,600.0
0.0356548375172574,1.0,600.0
0.015399000466791435,0.0,601.0
0.026739564744390876,1.0,601.0
0.01211180893001318,0.0,602.0
0.028054863550251774,1.0,602.0
0.01335733048796639,0.0,603.0
0.025165453652264524,1.0,603.0
0.013675132824737979,0.0,604.0
0.025665184972354815,1.0,604.0
0.014820173796632918,0.0,605.0
0.026265291822909376,1.0,605.0
0.017623776140958558,0.0,606.0
0.025819351212584163,1.0,606.0
0.01886201548988442,0.0,607.0
0.024243609196831883,1.0,607.0
0.015772573791722255,0.0,608.0
0.02311569180889217,1.0,608.0
0.01371720004600796,0.0,609.0
0.02330819161564035,1.0,609.0
0.011566854231965351,0.0,610.0
0.02466141584285486,1.0,610.0
0.014124147530747422,0.0,611.0
0.0340317328096309,1.0,611.0
0.01393593751888611,0.0,612.0
0.028368333201226115,1.0,612.0
0.014812676442252037,0.0,613.0
0.031056891469581682,1.0,613.0
0.015635188200636474,0.0,614.0
0.0233302639420514,1.0,614.0
0.01277889206648064,0.0,615.0
0.022204357274568043,1.0,615.0
0.011906274894143642,0.0,616.0
0.027514746548827684,1.0,616.0
0.013435835587384037,0.0,617.0
0.03271323458786135,1.0,617.0
0.016425620138581287,0.0,618.0
0.03647013441538727,1.0,618.0
0.015050100174940795,0.0,619.0
0.03403091786682877,1.0,619.0
0.018560434911551127,0.0,620.0
0.03525980161662545,1.0,620.0
0.01864484080361395,0.0,621.0
0.03649488205300333,1.0,621.0
0.014868715780107955,0.0,622.0
0.03141961284785166,1.0,622.0
0.013953925043754811,0.0,623.0
0.03366871358049339,1.0,623.0
0.012528880791316421,0.0,624.0
0.02821727928601625,1.0,624.0
0.013914143210868257,0.0,625.0
0.045532084345380586,1.0,625.0
0.014641910085843701,0.0,626.0
0.04586586272064164,1.0,626.0
0.01714353644833988,0.0,627.0
0.04938401607566245,1.0,627.0
0.019821651244421812,0.0,628.0
0.04661812895236661,1.0,628.0
0.014428527230609944,0.0,629.0
0.04206398857407789,1.0,629.0
0.011996913806572085,0.0,630.0
0.05276581973654704,1.0,630.0
0.012041597921979896,0.0,631.0
0.025618491635559515,1.0,631.0
0.012290060044765738,0.0,632.0
0.03317804244723099,1.0,632.0
0.013781482835985681,0.0,633.0
0.03930860859211949,1.0,633.0
0.015164798289728054,0.0,634.0
0.03852500200297149,1.0,634.0
0.019111996066618175,0.0,635.0
0.029082720112680427,1.0,635.0
0.014534115307024198,0.0,636.0
0.024529912114146235,1.0,636.0
0.011743753734676066,0.0,637.0
0.028287737765448018,1.0,637.0
0.01372487135981304,0.0,638.0
0.020370079190241697,1.0,638.0
0.01573962782315208,0.0,639.0
0.024471998066143197,1.0,639.0
0.015097924946660957,0.0,640.0
0.02455080504962437,1.0,640.0
0.016734183896096155,0.0,641.0
0.024400451630113285,1.0,641.0
0.017423219730493766,0.0,642.0
0.02310727030419546,1.0,642.0
0.015392469692776967,0.0,643.0
0.01984877040434796,1.0,643.0
0.014905083025871235,0.0,644.0
0.021857806004204505,1.0,644.0
0.013102266590464762,0.0,645.0
0.02335923683322738,1.0,645.0
0.013766855649165688,0.0,646.0
0.023174739583700088,1.0,646.0
0.013409734006828877,0.0,647.0
0.0264233983794937,1.0,647.0
0.015144658286799118,0.0,648.0
0.025766843715028465,1.0,648.0
0.018972753367340278,0.0,649.0
0.023989950986933906,1.0,649.0
0.01239849626388434,0.0,650.0
0.02153306598088367,1.0,650.0
0.012379281506578188,0.0,651.0
0.02138452754390041,1.0,651.0
0.012716971739386018,0.0,652.0
0.018595105588178118,1.0,652.0
0.014405649571491264,0.0,653.0
0.01987423345674566,1.0,653.0
0.01580132341763818,0.0,654.0
0.022326720678358836,1.0,654.0
0.017025879377558173,0.0,655.0
0.020886315058277205,1.0,655.0
0.02111322723651421,0.0,656.0
0.02421287510341852,1.0,656.0
0.013227470552408693,0.0,657.0
0.0169569518810766,1.0,657.0
0.014448497323059417,0.0,658.0
0.018943284815829742,1.0,658.0
0.010021581733696383,0.0,659.0
0.01745357780837109,1.0,659.0
0.012541660772245056,0.0,660.0
0.019441078552084434,1.0,660.0
0.012077728886497496,0.0,661.0
0.019894618758436344,1.0,661.0
0.014277867701021574,0.0,662.0
0.02098762537511334,1.0,662.0
0.019463689396655326,0.0,663.0
0.023308883675656755,1.0,663.0
0.013061224124812476,0.0,664.0
0.017604776472980976,1.0,664.0
0.01228721565696178,0.0,665.0
0.01840440669978749,1.0,665.0
0.01487151698664313,0.0,666.0
0.02000830893998673,1.0,666.0
0.020683184233016405,0.0,667.0
0.028582015149755335,1.0,667.0
0.02069145991100596,0.0,668.0
0.027886374020706928,1.0,668.0
0.01877890123461068,0.0,669.0
0.025913724469967203,1.0,669.0
0.0162078284655216,0.0,670.0
0.019712554089110323,1.0,670.0
0.014329706544696563,0.0,671.0
0.018711677261568305,1.0,671.0
0.02031175510183081,0.0,672.0
0.026466486112314058,1.0,672.0
0.011846744789373975,0.0,673.0
0.02192590091554969,1.0,673.0
0.014418862285405343,0.0,674.0
0.024709546231603596,1.0,674.0
0.012969407905651487,0.0,675.0
0.02479859067988155,1.0,675.0
0.01737668128858605,0.0,676.0
0.02733127315243733,1.0,676.0
0.02229286182235546,0.0,677.0
0.02825806936142694,1.0,677.0
0.015174698034870815,0.0,678.0
0.02142197423738823,1.0,678.0
0.013385329930161838,0.0,679.0
0.02333322045184305,1.0,679.0
0.01405676689871882,0.0,680.0
0.018669097652423083,1.0,680.0
0.015900509589840794,0.0,681.0
0.02356862929298531,1.0,681.0
0.01791321149869951,0.0,682.0
0.02427911510422298,1.0,682.0
0.021772986019441554,0.0,683.0
0.028361311184092575,1.0,683.0
0.02220895270466361,0.0,684.0
0.027783074299930988,1.0,684.0
0.01663991249676533,0.0,685.0
0.021262054906861838,1.0,685.0
0.0158756909947515,0.0,686.0
0.023460174702078618,1.0,686.0
0.012130524803748877,0.0,687.0
0.03193233529570261,1.0,687.0
0.013603760325030745,0.0,688.0
0.04259052515384987,1.0,688.0
0.014298022523485887,0.0,689.0
0.05015501126408228,1.0,689.0
0.0165632315601294,0.0,690.0
0.04658900250269449,1.0,690.0
0.022287812307733912,0.0,691.0
0.036789218698008774,1.0,691.0
0.01631291973919602,0.0,692.0
0.03297145705890259,1.0,692.0
0.012173360032367686,0.0,693.0
0.03423921726193102,1.0,693.0
0.012505263979674996,0.0,694.0
0.019673623256496242,1.0,694.0
0.012402959439231864,0.0,695.0
0.021622503376248936,1.0,695.0
0.012991656523958728,0.0,696.0
0.023916774586966838,1.0,696.0
0.013301121031608076,0.0,697.0
0.020319886909648144,1.0,697.0
0.016918693850493938,0.0,698.0
0.027131806973621497,1.0,698.0
0.011780758279803738,0.0,699.0
0.02585165483441898,1.0,699.0
0.010753171574303444,0.0,700.0
0.019419958897699985,1.0,700.0
0.01232585113530682,0.0,701.0
0.025563658810662915,1.0,701.0
0.013742907075405153,0.0,702.0
0.029788563540195767,1.0,702.0
0.014128414680173229,0.0,703.0
0.028087597200445735,1.0,703.0
0.01720735180237698,0.0,704.0
0.02993005151969319,1.0,704.0
0.019502187635153323,0.0,705.0
0.028768254231309687,1.0,705.0
0.015515286473250622,0.0,706.0
0.025257910976609566,1.0,706.0
0.013734758152676108,0.0,707.0
0.027854843399761187,1.0,707.0
0.0119611554231831,0.0,708.0
0.028209399246641897,1.0,708.0
0.012687971502340911,0.0,709.0
0.038688400567349124,1.0,709.0
0.013510594252587715,0.0,710.0
0.03217876916144169,1.0,710.0
0.016598376885936794,0.0,711.0
0.031194517786035547,1.0,711.0
0.018942485073676796,0.0,712.0
0.033992630094397125,1.0,712.0
0.01553442471457922,0.0,713.0
0.03239589470399551,1.0,713.0
0.013140062967843757,0.0,714.0
0.029773207482532538,1.0,714.0
0.015983478305532817,0.0,715.0
0.02346162717479583,1.0,715.0
0.01807066870602725,0.0,716.0
0.034750685433546646,1.0,716.0
0.018313034003279327,0.0,717.0
0.030549677442188283,1.0,717.0
0.02179195716031579,0.0,718.0
0.029187746201436493,1.0,718.0
0.02316593197638639,0.0,719.0
0.028495907359511463,1.0,719.0
0.015751849721788336,0.0,720.0
0.020825288920702345,1.0,720.0
0.018574752898694147,0.0,721.0
0.02888215105252767,1.0,721.0
0.012046939670530499,0.0,722.0
0.01259472183422039,1.0,722.0
0.01312672238268009,0.0,723.0
0.01619310060649992,1.0,723.0
0.012741993310106725,0.0,724.0
0.017655795600964197,1.0,724.0
0.016938394109562438,0.0,725.0
0.022791109835354817,1.0,725.0
0.021033671483284166,0.0,726.0
0.025462702661599224,1.0,726.0
0.01687640792768308,0.0,727.0
0.02540760057210889,1.0,727.0
0.014610896220547342,0.0,728.0
0.02424653841741975,1.0,728.0
0.012253843325788605,0.0,729.0
0.0635338699298833,1.0,729.0
0.014858992887939237,0.0,730.0
0.0689112673904595,1.0,730.0
0.013165394089440507,0.0,731.0
0.07227899329198006,1.0,731.0
0.014899311160823547,0.0,732.0
0.08949782283120733,1.0,732.0
0.020292029658296684,0.0,733.0
0.07636876021157457,1.0,733.0
0.013791428548652007,0.0,734.0
0.0792692858387345,1.0,734.0
0.012151687865118888,0.0,735.0
0.0627122166703864,1.0,735.0
0.010953914839117562,0.0,736.0
0.023503962775748732,1.0,736.0
0.012168840720681473,0.0,737.0
0.025543596185872097,1.0,737.0
0.013613197873819871,0.0,738.0
0.02665297541089018,1.0,738.0
0.014400230658641267,0.0,739.0
0.025587652705978403,1.0,739.0
0.018547993143991803,0.0,740.0
0.027562410420806316,1.0,740.0
0.013598008717439214,0.0,741.0
0.025395818695728156,1.0,741.0
0.010743669825008961,0.0,742.0
0.02349471390899094,1.0,742.0
0.012297847382899185,0.0,743.0
0.022403319033077906,1.0,743.0
0.012903860398737699,0.0,744.0
0.019605471937069296,1.0,744.0
0.0140320522794819,0.0,745.0
0.024681708177383577,1.0,745.0
0.016030331828259303,0.0,746.0
0.026095642740512126,1.0,746.0
0.022321151043772858,0.0,747.0
0.03085924915181648,1.0,747.0
0.01349823881271206,0.0,748.0
0.019592195033336868,1.0,748.0
0.011543962487710502,0.0,749.0
0.02336685874035105,1.0,749.0
0.012280269240819486,0.0,750.0
0.02503599933786349,1.0,750.0
0.014434339576433697,0.0,751.0
0.03474048533897989,1.0,751.0
0.015920899217274798,0.0,752.0
0.035778986051478334,1.0,752.0
0.020845318086962106,0.0,753.0
0.0437875712344864,1.0,753.0
0.02183306439726085,0.0,754.0
0.0392307540362844,1.0,754.0
0.017195640929168476,0.0,755.0
0.04419072054357409,1.0,755.0
0.015664593600005716,0.0,756.0
0.03851817393758061,1.0,756.0
0.013333420442678712,0.0,757.0
0.02515340885221473,1.0,757.0
0.013790520632324554,0.0,758.0
0.03038690693835111,1.0,758.0
0.015933919208812153,0.0,759.0
0.030573877568702112,1.0,759.0
0.018130380481011343,0.0,760.0
0.030784643734459216,1.0,760.0
0.022125531978922197,0.0,761.0
0.029824372842663927,1.0,761.0
0.017555056443184114,0.0,762.0
0.023175545748236992,1.0,762.0
0.014377051431879284,0.0,763.0
0.03013416394899293,1.0,763.0
0.011809727224269206,0.0,764.0
0.016663152801007275,1.0,764.0
0.011839904641485877,0.0,765.0
0.014348211452875681,1.0,765.0
0.013340644218104547,0.0,766.0
0.015512815432132232,1.0,766.0
0.015202340646489176,0.0,767.0
0.017049393484588116,1.0,767.0
0.017960393909772776,0.0,768.0
0.021814094819474494,1.0,768.0
0.013195432576893484,0.0,769.0
0.020809775394750485,1.0,769.0
0.012613013212868562,0.0,770.0
0.015299153069783245,1.0,770.0
0.013609734802500828,0.0,771.0
0.02285989937680588,1.0,771.0
0.01452657999097351,0.0,772.0
0.02852766188008582,1.0,772.0
0.014367307032133514,0.0,773.0
0.027563269939606894,1.0,773.0
0.017517231775951103,0.0,774.0
0.02935756348289109,1.0,774.0
0.017931387523543396,0.0,775.0
0.025233436202931614,1.0,775.0
0.014759702998007107,0.0,776.0
0.022498665830052555,1.0,776.0
0.01273932090267449,0.0,777.0
0.025296992621016923,1.0,777.0
0.011425306394500456,0.0,778.0
0.025531670359538516,1.0,778.0
0.013843266503434482,0.0,779.0
0.04603208977152384,1.0,779.0
0.013267107326928151,0.0,780.0
0.040140931191034124,1.0,780.0
0.015511957225448292,0.0,781.0
0.04590463391413291,1.0,781.0
0.01834859664977806,0.0,782.0
0.03861056002788743,1.0,782.0
0.012423083047384154,0.0,783.0
0.03769533814694048,1.0,783.0
0.011986687795545237,0.0,784.0
0.03398884506286981,1.0,784.0
0.011778967635304394,0.0,785.0
0.03537343115587088,1.0,785.0
0.013039549278932139,0.0,786.0
0.06190036094428786,1.0,786.0
0.014350043777135113,0.0,787.0
0.05816203428973532,1.0,787.0
0.01448046500798128,0.0,788.0
0.07920704335399087,1.0,788.0
0.019398726740847305,0.0,789.0
0.06815673446637138,1.0,789.0
0.014531047674873232,0.0,790.0
0.05807338463647893,1.0,790.0
0.012548902750292523,0.0,791.0
0.08977635457123867,1.0,791.0
0.011808648438456082,0.0,792.0
0.014528944351149153,1.0,792.0
0.012827543956138499,0.0,793.0
0.021255421277675435,1.0,793.0
0.012665888188640118,0.0,794.0
0.01816074391699285,1.0,794.0
0.013672016820871491,0.0,795.0
0.02589847433097825,1.0,795.0
0.02114246885054305,0.0,796.0
0.03289478136907853,1.0,796.0
0.013160210255442895,0.0,797.0
0.029036501387958324,1.0,797.0
0.011271768351001299,0.0,798.0
0.020250921454797677,1.0,798.0
0.01386260257371541,0.0,799.0
0.033584383576147125,1.0,799.0
0.01555215971709023,0.0,800.0
0.03643983367802317,1.0,800.0
0.01544756023548155,0.0,801.0
0.0362694554475822,1.0,801.0
0.021104917546004742,0.0,802.0
0.03623376882485285,1.0,802.0
0.023662179662288896,0.0,803.0
0.03788108878030627,1.0,803.0
0.016603946800648473,0.0,804.0
0.03573309536383373,1.0,804.0
0.015285618266132506,0.0,805.0
0.038234732906761604,1.0,805.0
0.015363212382554448,0.0,806.0
0.02044140820610263,1.0,806.0
0.014971703581620144,0.0,807.0
0.018137643190297315,1.0,807.0
0.015324195124958084,0.0,808.0
0.01924383710404909,1.0,808.0
0.01879610665835596,0.0,809.0
0.022375349016530155,1.0,809.0
0.023207184316972995,0.0,810.0
0.02616341751164697,1.0,810.0
0.0177049402370395,0.0,811.0
0.020735200846590196,1.0,811.0
0.015249433626391085,0.0,812.0
0.01850903686031735,1.0,812.0
0.011950719159206091,0.0,813.0
0.03168530614605336,1.0,813.0
0.014266988795612168,0.0,814.0
0.026201797008624794,1.0,814.0
0.014791846484423221,0.0,815.0
0.03889023697905358,1.0,815.0
0.01550613081564789,0.0,816.0
0.03921736856133773,1.0,816.0
0.019553078261043133,0.0,817.0
0.03895441500733998,1.0,817.0
0.01440547480973331,0.0,818.0
0.030862169467469336,1.0,818.0
0.012199818294528875,0.0,819.0
0.020106569558015153,1.0,819.0
0.012416014389053043,0.0,820.0
0.037031793776945765,1.0,820.0
0.013048777992141769,0.0,821.0
0.043603641835473717,1.0,821.0
0.013338916810310852,0.0,822.0
0.04726839622091994,1.0,822.0
0.014794793290285657,0.0,823.0
0.03903862189974916,1.0,823.0
0.019471908458167153,0.0,824.0
0.03752096367070168,1.0,824.0
0.014316050467226393,0.0,825.0
0.03707850679019131,1.0,825.0
0.013412372948973683,0.0,826.0
0.04053146716389522,1.0,826.0
0.011530036624507467,0.0,827.0
0.018854090141316338,1.0,827.0
0.01289898860682781,0.0,828.0
0.020216367270446955,1.0,828.0
0.012723595257727371,0.0,829.0
0.0209854297831229,1.0,829.0
0.015179727515196362,0.0,830.0
0.021934205398674855,1.0,830.0
0.01648311409838099,0.0,831.0
0.0212857128088646,1.0,831.0
0.012999855694257434,0.0,832.0
0.018834665495300662,1.0,832.0
0.012687274287368933,0.0,833.0
0.019136337435930795,1.0,833.0
0.011810625570385369,0.0,834.0
0.021168911263875323,1.0,834.0
0.013893944354911536,0.0,835.0
0.030140062642910248,1.0,835.0
0.014336364630668896,0.0,836.0
0.02966123545397803,1.0,836.0
0.017858351912790393,0.0,837.0
0.030264773398930078,1.0,837.0
0.02072984273899925,0.0,838.0
0.024733048800352986,1.0,838.0
0.017272619784044707,0.0,839.0
0.022672196671231326,1.0,839.0
0.013676948813764689,0.0,840.0
0.024291337963175508,1.0,840.0
0.010746545104178384,0.0,841.0
0.017118546024921688,1.0,841.0
0.013020871898720365,0.0,842.0
0.020015491434405508,1.0,842.0
0.012871627181426426,0.0,843.0
0.020413344914227416,1.0,843.0
0.015391241871705486,0.0,844.0
0.022338270521600645,1.0,844.0
0.021051051789438002,0.0,845.0
0.02456751987575778,1.0,845.0
0.014539302011837396,0.0,846.0
0.01874344252336435,1.0,846.0
0.012298755243494774,0.0,847.0
0.01789973245892984,1.0,847.0
0.010685343942030467,0.0,848.0
0.023319476923397087,1.0,848.0
0.012307336668348157,0.0,849.0
0.025855678848837993,1.0,849.0
0.012741166330996201,0.0,850.0
0.028915823524382045,1.0,850.0
0.015467125048815422,0.0,851.0
0.028172187578879626,1.0,851.0
0.018210365579200527,0.0,852.0
0.024760503131668887,1.0,852.0
0.015443468292706708,0.0,853.0
0.025741982808551,1.0,853.0
0.012199092345146934,0.0,854.0
0.02331856740734395,1.0,854.0
0.011287504661312564,0.0,855.0
0.039191935322937965,1.0,855.0
0.014090737882360926,0.0,856.0
0.05138262491334533,1.0,856.0
0.013448167559047874,0.0,857.0
0.044084483015029985,1.0,857.0
0.016796523963692245,0.0,858.0
0.04230261684763059,1.0,858.0
0.02069006701785492,0.0,859.0
0.038477592621085854,1.0,859.0
0.013430509360327303,0.0,860.0
0.0379861652523088,1.0,860.0
0.012508322859956511,0.0,861.0
0.03868080687180342,1.0,861.0
0.013235748102797817,0.0,862.0
0.02780800341132217,1.0,862.0
0.01370452069317718,0.0,863.0
0.02993551570431796,1.0,863.0
0.014273906100802147,0.0,864.0
0.027572454612079245,1.0,864.0
0.018010614555869164,0.0,865.0
0.0280761237825633,1.0,865.0
0.020389100537185456,0.0,866.0
0.026901361786960454,1.0,866.0
0.016295673827049217,0.0,867.0
0.0269743057145031,1.0,867.0
0.015290778035791153,0.0,868.0
0.030401305730670902,1.0,868.0
0.012837704361207791,0.0,869.0
0.01968972090263721,1.0,869.0
0.013488548510607767,0.0,870.0
0.023325873881031356,1.0,870.0
0.015092312186098855,0.0,871.0
0.023210505864834197,1.0,871.0
0.014768086490135612,0.0,872.0
0.022157773666612535,1.0,872.0
0.018458253702024585,0.0,873.0
0.020641065408872894,1.0,873.0
0.015617728646089013,0.0,874.0
0.019742686371834406,1.0,874.0
0.012299274010710626,0.0,875.0
0.0241162727771278,1.0,875.0
0.011959000665140884,0.0,876.0
0.027378642626220806,1.0,876.0
0.013835760105653794,0.0,877.0
0.028821429541419086,1.0,877.0
0.014780650196557055,0.0,878.0
0.03099750967077286,1.0,878.0
0.01571525278838326,0.0,879.0
0.029686042307445426,1.0,879.0
0.018736935330783133,0.0,880.0
0.030893920348214365,1.0,880.0
0.012685715276476106,0.0,881.0
0.029609144880219596,1.0,881.0
0.011917440823883574,0.0,882.0
0.029658564934145648,1.0,882.0
0.010499795719403071,0.0,883.0
0.02284780778912765,1.0,883.0
0.012658603344170238,0.0,884.0
0.02467314500708584,1.0,884.0
0.012984113726846047,0.0,885.0
0.021561999367327278,1.0,885.0
0.016526556821557126,0.0,886.0
0.026684229379134727,1.0,886.0
0.019161336660684647,0.0,887.0
0.03468057887909737,1.0,887.0
0.012170088472501561,0.0,888.0
0.020303650358351355,1.0,888.0
0.011400120724275542,0.0,889.0
0.022977491951448936,1.0,889.0
0.011140154110060418,0.0,890.0
0.030101221416545254,1.0,890.0
0.014052404210243452,0.0,891.0
0.034515658433552865,1.0,891.0
0.014089529229513342,0.0,892.0
0.03190069820869912,1.0,892.0
0.015859135305251293,0.0,893.0
0.036244791000681786,1.0,893.0
0.019069071313284613,0.0,894.0
0.050061434555860984,1.0,894.0
0.014354671002251074,0.0,895.0
0.035969395399664705,1.0,895.0
0.013368918310338263,0.0,896.0
0.03892854080599095,1.0,896.0
0.012985063560968957,0.0,897.0
0.018950761308224706,1.0,897.0
0.013750782327289546,0.0,898.0
0.020500968651705254,1.0,898.0
0.012950862414454534,0.0,899.0
0.021521933659873316,1.0,899.0
0.01579175904900687,0.0,900.0
0.022455795415738944,1.0,900.0
0.017386187539381037,0.0,901.0
0.02164372858347896,1.0,901.0
0.0144923368019092,0.0,902.0
0.019398196533323198,1.0,902.0
0.011708986960345502,0.0,903.0
0.01979139131988017,1.0,903.0
0.012457365489102479,0.0,904.0
0.058768307695875155,1.0,904.0
0.01517196703423318,0.0,905.0
0.043641987807987004,1.0,905.0
0.01385106693905147,0.0,906.0
0.047351086629204175,1.0,906.0
0.01767292855751812,0.0,907.0
0.05120023416900121,1.0,907.0
0.021360424255289168,0.0,908.0
0.040557644019869166,1.0,908.0
0.013848338170178387,0.0,909.0
0.041030385800155944,1.0,909.0
0.014085184653797267,0.0,910.0
0.059557392075512805,1.0,910.0
0.01271760750079265,0.0,911.0
0.027146009758816536,1.0,911.0
0.014094872083973975,0.0,912.0
0.031730104542346815,1.0,912.0
0.01462839964728202,0.0,913.0
0.03470246080348316,1.0,913.0
0.017866178970830315,0.0,914.0
0.03961217257446892,1.0,914.0
0.017434323409483365,0.0,915.0
0.026685191299653965,1.0,915.0
0.01362037687563733,0.0,916.0
0.02583903721244818,1.0,916.0
0.01241207360313279,0.0,917.0
0.03010467412964246,1.0,917.0
0.013060646379754903,0.0,918.0
0.019605192809029948,1.0,918.0
0.015148447406389653,0.0,919.0
0.029421727441911738,1.0,919.0
0.014870713618931664,0.0,920.0
0.029054656664162515,1.0,920.0
0.017816377206142597,0.0,921.0
0.027597479985001172,1.0,921.0
0.019925955068091472,0.0,922.0
0.030563831666971186,1.0,922.0
0.015130147249886594,0.0,923.0
0.020724723991408567,1.0,923.0
0.01558939266473347,0.0,924.0
0.0262921994873615,1.0,924.0
0.011748442225730127,0.0,925.0
0.014133200471684315,1.0,925.0
0.011112163075772674,0.0,926.0
0.017267186498908682,1.0,926.0
0.012761160776744163,0.0,927.0
0.01944056175694664,1.0,927.0
0.01231539295001971,0.0,928.0
0.019810738207729717,1.0,928.0
0.015399211646707212,0.0,929.0
0.019754847354029437,1.0,929.0
0.012301867242936027,0.0,930.0
0.01659557822275337,1.0,930.0
0.012400651721832912,0.0,931.0
0.018091507029198706,1.0,931.0
0.011144906302625657,0.0,932.0
0.023383415317844936,1.0,932.0
0.012484562341492644,0.0,933.0
0.025435271339817156,1.0,933.0
0.013047358837153578,0.0,934.0
0.02201386597923216,1.0,934.0
0.016348537055733914,0.0,935.0
0.02661127418449416,1.0,935.0
0.019655627424676858,0.0,936.0
0.025346881547812394,1.0,936.0
0.015010022754427865,0.0,937.0
0.0214492255451324,1.0,937.0
0.013855953812460964,0.0,938.0
0.02267663194617775,1.0,938.0
0.012616423452536552,0.0,939.0
0.02244161463654848,1.0,939.0
0.013900439125060782,0.0,940.0
0.02618816891228226,1.0,940.0
0.014015411288592183,0.0,941.0
0.026495676381932842,1.0,941.0
0.017226152972917852,0.0,942.0
0.027565464153748387,1.0,942.0
0.02072701842202962,0.0,943.0
0.025462300645407776,1.0,943.0
0.01645930976139276,0.0,944.0
0.025829310110223602,1.0,944.0
0.013004593208100435,0.0,945.0
0.022213959097900915,1.0,945.0
0.012408538652812329,0.0,946.0
0.0517620670010448,1.0,946.0
0.014785714752822976,0.0,947.0
0.03616029385753272,1.0,947.0
0.014081374113627643,0.0,948.0
0.030879042745556973,1.0,948.0
0.017696792056346222,0.0,949.0
0.03225596674983322,1.0,949.0
0.02043369382780691,0.0,950.0
0.03113383830799199,1.0,950.0
0.015304631069601893,0.0,951.0
0.029697497277259455,1.0,951.0
0.011764240472802001,0.0,952.0
0.031721360673841126,1.0,952.0
0.013532139632781881,0.0,953.0
0.03386286694093377,1.0,953.0
0.015356070442514191,0.0,954.0
0.03980758631471559,1.0,954.0
0.0165740324901269,0.0,955.0
0.04759490969286251,1.0,955.0
0.02023252350921556,0.0,956.0
0.04820761821691688,1.0,956.0
0.020090858553224678,0.0,957.0
0.03475847272156152,1.0,957.0
0.015212570912678025,0.0,958.0
0.03400055848364403,1.0,958.0
0.014586493424346703,0.0,959.0
0.03889734156912317,1.0,959.0
0.014306455019828412,0.0,960.0
0.03272445785698741,1.0,960.0
0.018425147537065367,0.0,961.0
0.03921408080959443,1.0,961.0
0.017551184585886226,0.0,962.0
0.03594943327819511,1.0,962.0
0.01719882449887855,0.0,963.0
0.03281984305027441,1.0,963.0
0.018630160024634357,0.0,964.0
0.03146573515625661,1.0,964.0
0.015321150545241302,0.0,965.0
0.02844723957605133,1.0,965.0
0.015326558026297121,0.0,966.0
0.03401781565100492,1.0,966.0
0.011708103976322715,0.0,967.0
0.027023718593215396,1.0,967.0
0.014063433177533557,0.0,968.0
0.03211110986423371,1.0,968.0
0.01303945837628584,0.0,969.0
0.03365641368249461,1.0,969.0
0.01622331488959805,0.0,970.0
0.029963435195194954,1.0,970.0
0.017305359396467157,0.0,971.0
0.026400910506919395,1.0,971.0
0.015626986074483096,0.0,972.0
0.02513425008758663,1.0,972.0
0.013540827816563628,0.0,973.0
0.025894784413367677,1.0,973.0
0.013135275495777421,0.0,974.0
0.049254803487926324,1.0,974.0
0.013902747123669457,0.0,975.0
0.09026957680968017,1.0,975.0
0.013476109570302874,0.0,976.0
0.051428718198238244,1.0,976.0
0.015237100396749081,0.0,977.0
0.0691323774118735,1.0,977.0
0.01876031726234917,0.0,978.0
0.0692795621932003,1.0,978.0
0.013990341158489183,0.0,979.0
0.05649480771737947,1.0,979.0
0.013276395639555183,0.0,980.0
0.06807971834659154,1.0,980.0
0.011710259244609222,0.0,981.0
0.038612444048433225,1.0,981.0
0.013196227882563694,0.0,982.0
0.03639955487893598,1.0,982.0
0.012500922754925536,0.0,983.0
0.030167552334254832,1.0,983.0
0.014051425397026751,0.0,984.0
0.03263339459114434,1.0,984.0
0.017074445015153206,0.0,985.0
0.02906086366612959,1.0,985.0
0.013865440736036128,0.0,986.0
0.025586268187648198,1.0,986.0
0.011221243834109274,0.0,987.0
0.026688084660642986,1.0,987.0
0.014559911884901133,0.0,988.0
0.022979351984752316,1.0,988.0
0.01690411252054469,0.0,989.0
0.029414820536706632,1.0,989.0
0.017023866280312827,0.0,990.0
0.028389387602685723,1.0,990.0
0.018637267467489504,0.0,991.0
0.02840796814047497,1.0,991.0
0.020397423850800234,0.0,992.0
0.030093405237006543,1.0,992.0
0.015931801908299903,0.0,993.0
0.02597274549709061,1.0,993.0
0.016591668916818403,0.0,994.0
0.030701936015680165,1.0,994.0
0.013197135764170476,0.0,995.0
0.021874920484355798,1.0,995.0
0.014268416039014742,0.0,996.0
0.027600322065876703,1.0,996.0
0.014043573735136317,0.0,997.0
0.024180904008474613,1.0,997.0
0.016933004531813456,0.0,998.0
0.029677320248684858,1.0,998.0
0.01981485165888941,0.0,999.0
0.028400259552501694,1.0,999.0
0.01990621520546698,0.0,1000.0
0.0272009640647064,1.0,1000.0
0.01458091820304519,0.0,1001.0
0.02346662422888235,1.0,1001.0
0.013023266751071905,0.0,1002.0
0.024071118050675633,1.0,1002.0
0.013428839253657454,0.0,1003.0
0.027762253317347163,1.0,1003.0
0.01409512979505978,0.0,1004.0
0.027259890272290477,1.0,1004.0
0.01662024015849095,0.0,1005.0
0.028297420945941454,1.0,1005.0
0.021470872610618308,0.0,1006.0
0.0300068548336907,1.0,1006.0
0.015155097322399502,0.0,1007.0
0.026824785757490588,1.0,1007.0
0.013294196974658057,0.0,1008.0
0.02603998951121067,1.0,1008.0
0.012418958123114887,0.0,1009.0
0.036598598116477365,1.0,1009.0
0.013031975106438498,0.0,1010.0
0.03282991112059985,1.0,1010.0
0.012931215192386158,0.0,1011.0
0.03384009596236526,1.0,1011.0
0.01573650760114864,0.0,1012.0
0.03465671090305866,1.0,1012.0
0.02005808886243532,0.0,1013.0
0.03529860981536004,1.0,1013.0
0.015335508630197392,0.0,1014.0
0.03212247311116023,1.0,1014.0
0.012455647670420511,0.0,1015.0
0.039890745918921056,1.0,1015.0
0.013156848275681199,0.0,1016.0
0.023046285081897544,1.0,1016.0
0.01308761140888981,0.0,1017.0
0.022823244227586414,1.0,1017.0
0.013614549614801241,0.0,1018.0
0.020943254747844975,1.0,1018.0
0.015461885250710239,0.0,1019.0
0.023374561963915852,1.0,1019.0
0.017194899036149014,0.0,1020.0
0.027268893085929946,1.0,1020.0
0.015045214351183667,0.0,1021.0
0.02071385513324664,1.0,1021.0
0.012037440097698138,0.0,1022.0
0.023100569475011046,1.0,1022.0
0.01286408478985912,0.0,1023.0
0.03173097099197486,1.0,1023.0
0.01749069804607828,0.0,1024.0
0.03830609057792511,1.0,1024.0
0.016163277346724403,0.0,1025.0
0.0429196561746803,1.0,1025.0
0.019957248409689043,0.0,1026.0
0.06060765912465271,1.0,1026.0
0.02162328488286791,0.0,1027.0
0.05101907163053143,1.0,1027.0
0.017328578716544474,0.0,1028.0
0.028386645687583645,1.0,1028.0
0.013165765694499676,0.0,1029.0
0.018268532902781853,1.0,1029.0
0.013864127273575555,0.0,1030.0
0.03117173067496415,1.0,1030.0
0.014440356765590412,0.0,1031.0
0.04038537619997706,1.0,1031.0
0.014648467000586418,0.0,1032.0
0.03912366822857294,1.0,1032.0
0.017978252021057184,0.0,1033.0
0.047350972140712155,1.0,1033.0
0.02476425989962472,0.0,1034.0
0.04819091165799616,1.0,1034.0
0.017943092268107197,0.0,1035.0
0.05647818617950895,1.0,1035.0
0.01505884830495674,0.0,1036.0
0.047509135415805925,1.0,1036.0
0.012443900270544983,0.0,1037.0
0.024103929376098066,1.0,1037.0
0.01367402945365681,0.0,1038.0
0.024966764481062054,1.0,1038.0
0.013267252816647535,0.0,1039.0
0.026427715272653973,1.0,1039.0
0.014078253547169961,0.0,1040.0
0.025325763893443654,1.0,1040.0
0.016548599061888325,0.0,1041.0
0.026263681738060374,1.0,1041.0
0.01507953472668877,0.0,1042.0
0.023494754398571516,1.0,1042.0
0.012324334063738451,0.0,1043.0
0.024180530287012836,1.0,1043.0
0.011500727330548965,0.0,1044.0
0.01961846902531006,1.0,1044.0
0.01254540996492537,0.0,1045.0
0.025373835301693237,1.0,1045.0
0.01491256093026605,0.0,1046.0
0.028659464152907876,1.0,1046.0
0.016483797629060604,0.0,1047.0
0.027789292373511465,1.0,1047.0
0.018081909633404614,0.0,1048.0
0.024739806266435682,1.0,1048.0
0.013764971819289595,0.0,1049.0
0.02023234044386335,1.0,1049.0
0.011769324918662338,0.0,1050.0
0.025151453761258935,1.0,1050.0
0.011525130822970464,0.0,1051.0
0.015226744174559492,1.0,1051.0
0.013282877848537655,0.0,1052.0
0.017759064997133756,1.0,1052.0
0.01301798177598501,0.0,1053.0
0.01690192752573383,1.0,1053.0
0.015214010265977684,0.0,1054.0
0.020241370780166523,1.0,1054.0
0.018367628141693793,0.0,1055.0
0.0207413474919953,1.0,1055.0
0.013833282633081811,0.0,1056.0
0.0170849608513306,1.0,1056.0
0.012558648825101049,0.0,1057.0
0.01740199075380522,1.0,1057.0
0.012492722225299957,0.0,1058.0
0.0170570463044335,1.0,1058.0
0.013615972209248373,0.0,1059.0
0.018752901186890103,1.0,1059.0
0.014100856873841217,0.0,1060.0
0.01867478252885224,1.0,1060.0
0.015468251392648291,0.0,1061.0
0.019060849725093032,1.0,1061.0
0.020304323183522488,0.0,1062.0
0.022362029687388763,1.0,1062.0
0.016684450768327697,0.0,1063.0
0.019847447964979725,1.0,1063.0
0.01399631543556179,0.0,1064.0
0.01866145731999369,1.0,1064.0
0.011739206081557985,0.0,1065.0
0.026327243994400895,1.0,1065.0
0.013941529047687418,0.0,1066.0
0.03472155488411666,1.0,1066.0
0.013887419704469828,0.0,1067.0
0.03347133125686108,1.0,1067.0
0.01445629872625176,0.0,1068.0
0.03162435064042857,1.0,1068.0
0.01772094903165433,0.0,1069.0
0.027752171334245457,1.0,1069.0
0.014286654899556162,0.0,1070.0
0.027921456757905805,1.0,1070.0
0.012060919980395823,0.0,1071.0
0.028913633904660063,1.0,1071.0
0.011315531548478308,0.0,1072.0
0.023230093883307656,1.0,1072.0
0.011861231259960636,0.0,1073.0
0.024765008521560716,1.0,1073.0
0.012041587027519451,0.0,1074.0
0.026007599772032375,1.0,1074.0
0.015758698408596228,0.0,1075.0
0.026126839819061942,1.0,1075.0
0.01767920236882148,0.0,1076.0
0.026658588682832107,1.0,1076.0
0.011796184820053401,0.0,1077.0
0.021393578036440264,1.0,1077.0
0.01231792350834704,0.0,1078.0
0.03343747950586673,1.0,1078.0
0.01135448090195812,0.0,1079.0
0.016052084973366743,1.0,1079.0
0.012477021075175454,0.0,1080.0
0.02150580688905146,1.0,1080.0
0.011581279103569653,0.0,1081.0
0.019548588052222815,1.0,1081.0
0.014442090589822598,0.0,1082.0
0.022073215286355197,1.0,1082.0
0.016480838497070938,0.0,1083.0
0.01971597853926399,1.0,1083.0
0.012946932489623197,0.0,1084.0
0.017681659290445406,1.0,1084.0
0.01045922468243532,0.0,1085.0
0.01812516474122461,1.0,1085.0
0.01162671098454826,0.0,1086.0
0.016457250765050002,1.0,1086.0
0.012350151082145544,0.0,1087.0
0.018139815866042408,1.0,1087.0
0.012585394990826781,0.0,1088.0
0.018951714444398693,1.0,1088.0
0.015609341246659802,0.0,1089.0
0.020817124571074874,1.0,1089.0
0.018782253804316973,0.0,1090.0
0.02221620386502332,1.0,1090.0
0.01377360718601972,0.0,1091.0
0.018049142074867852,1.0,1091.0
0.012785418936871906,0.0,1092.0
0.02153923474176711,1.0,1092.0
0.014550455247909877,0.0,1093.0
0.01915465836449659,1.0,1093.0
0.015058268195744517,0.0,1094.0
0.020441356347860484,1.0,1094.0
0.014582692171191791,0.0,1095.0
0.02180467872731473,1.0,1095.0
0.016182980652392764,0.0,1096.0
0.023944854245531833,1.0,1096.0
0.018933941825471035,0.0,1097.0
0.025667666992261307,1.0,1097.0
0.016927007817384432,0.0,1098.0
0.022849228387058496,1.0,1098.0
0.014786231364786406,0.0,1099.0
0.021345181041545924,1.0,1099.0
0.012271102075063656,0.0,1100.0
0.025879864900235194,1.0,1100.0
0.013384349426958764,0.0,1101.0
0.032901843749108206,1.0,1101.0
0.012640455124353078,0.0,1102.0
0.022624108933376075,1.0,1102.0
0.014228335563739591,0.0,1103.0
0.02232057789757702,1.0,1103.0
0.018468451973605138,0.0,1104.0
0.02998148162527725,1.0,1104.0
0.016721342048244825,0.0,1105.0
0.024232877500516725,1.0,1105.0
0.011512478047415176,0.0,1106.0
0.022846652387092714,1.0,1106.0
0.012086417687442896,0.0,1107.0
0.026343590352853052,1.0,1107.0
0.012977598092092535,0.0,1108.0
0.02946109389477236,1.0,1108.0
0.013309593993066748,0.0,1109.0
0.03302809346832003,1.0,1109.0
0.016291006528437624,0.0,1110.0
0.03312784388029355,1.0,1110.0
0.01794407636141182,0.0,1111.0
0.029158368155546288,1.0,1111.0
0.014983905057917912,0.0,1112.0
0.029458558484273478,1.0,1112.0
0.01193844038468539,0.0,1113.0
0.03226893010814491,1.0,1113.0
0.012539321732135011,0.0,1114.0
0.022197443162508268,1.0,1114.0
0.013542144911329768,0.0,1115.0
0.025239803230133973,1.0,1115.0
0.013457585770497271,0.0,1116.0
0.02543513740364478,1.0,1116.0
0.01527887802375183,0.0,1117.0
0.026453200007745092,1.0,1117.0
0.016745391515504693,0.0,1118.0
0.02530563291470367,1.0,1118.0
0.01515294933629363,0.0,1119.0
0.02180462500543001,1.0,1119.0
0.013639578601650548,0.0,1120.0
0.025430484548145227,1.0,1120.0
0.010508543722953956,0.0,1121.0
0.018455394364493838,1.0,1121.0
0.012812922795409243,0.0,1122.0
0.027367403559712233,1.0,1122.0
0.011972869266045905,0.0,1123.0
0.024574941307010434,1.0,1123.0
0.012104617576239818,0.0,1124.0
0.023587995635426573,1.0,1124.0
0.01433381241723719,0.0,1125.0
0.023184017818589364,1.0,1125.0
0.012557883269363579,0.0,1126.0
0.021924473498952324,1.0,1126.0
0.01191645324023094,0.0,1127.0
0.02929174767994791,1.0,1127.0
0.013756887803323625,0.0,1128.0
0.022368541750698245,1.0,1128.0
0.014261689312595749,0.0,1129.0
0.024212212768097263,1.0,1129.0
0.013622373602502513,0.0,1130.0
0.024134129094485424,1.0,1130.0
0.01965823339930317,0.0,1131.0
0.029614347615581238,1.0,1131.0
0.030230491506499924,0.0,1132.0
0.03600603670389235,1.0,1132.0
0.018991958900966832,0.0,1133.0
0.02558131798849983,1.0,1133.0
0.013762110522310689,0.0,1134.0
0.02296822437704238,1.0,1134.0
0.014035681247669629,0.0,1135.0
0.045093711771005296,1.0,1135.0
0.014537403659195203,0.0,1136.0
0.0683512926872698,1.0,1136.0
0.013697464595199715,0.0,1137.0
0.041385385782291007,1.0,1137.0
0.015657823852392116,0.0,1138.0
0.05587057261680917,1.0,1138.0
0.019302135111483043,0.0,1139.0
0.058296130734045715,1.0,1139.0
0.015901897971506873,0.0,1140.0
0.05212207520686629,1.0,1140.0
0.015005042360439536,0.0,1141.0
0.05547745225023393,1.0,1141.0
0.012296428003327087,0.0,1142.0
0.018200195288130327,1.0,1142.0
0.015098370418630935,0.0,1143.0
0.024333290901381588,1.0,1143.0
0.013989309721750498,0.0,1144.0
0.02327973366172964,1.0,1144.0
0.014784823232502742,0.0,1145.0
0.02217408313611058,1.0,1145.0
0.015488699491272406,0.0,1146.0
0.01764674059866911,1.0,1146.0
0.014759206748489184,0.0,1147.0
0.01797785015573794,1.0,1147.0
0.013279470017259598,0.0,1148.0
0.021401072387932096,1.0,1148.0
0.012842716827448086,0.0,1149.0
0.019477147491605784,1.0,1149.0
0.014148861126534129,0.0,1150.0
0.024639611091697766,1.0,1150.0
0.014127861700518274,0.0,1151.0
0.026911026090637336,1.0,1151.0
0.017934981343696865,0.0,1152.0
0.028267367917629738,1.0,1152.0
0.021272172194405137,0.0,1153.0
0.030538546460152194,1.0,1153.0
0.015345904771641994,0.0,1154.0
0.02275700483831722,1.0,1154.0
0.014631023662607046,0.0,1155.0
0.02065219123499107,1.0,1155.0
0.011364804817268759,0.0,1156.0
0.019634324371774703,1.0,1156.0
0.014100398807549652,0.0,1157.0
0.02480111629254589,1.0,1157.0
0.015234238778108367,0.0,1158.0
0.029758686970513093,1.0,1158.0
0.016324430602532747,0.0,1159.0
0.026130299445937144,1.0,1159.0
0.01942447826505056,0.0,1160.0
0.024166609598082367,1.0,1160.0
0.01549243734058603,0.0,1161.0
0.02092728034708191,1.0,1161.0
0.01166936411603503,0.0,1162.0
0.02476291632359251,1.0,1162.0
0.011737408735679633,0.0,1163.0
0.03741049591711221,1.0,1163.0
0.013501642298334726,0.0,1164.0
0.04663564631340966,1.0,1164.0
0.013128205786719693,0.0,1165.0
0.049103873089922256,1.0,1165.0
0.01585276166632088,0.0,1166.0
0.05312525694851544,1.0,1166.0
0.016576979854181495,0.0,1167.0
0.044604137352695084,1.0,1167.0
0.01478732743169564,0.0,1168.0
0.04765557284678135,1.0,1168.0
0.0128176455863529,0.0,1169.0
0.03982151295437619,1.0,1169.0
0.013244705771292331,0.0,1170.0
0.04539581687955074,1.0,1170.0
0.014753133394123097,0.0,1171.0
0.054547497971756176,1.0,1171.0
0.015771042993780515,0.0,1172.0
0.05280531188005577,1.0,1172.0
0.02087420151958108,0.0,1173.0
0.05321946090723095,1.0,1173.0
0.021083611788139667,0.0,1174.0
0.03797567461929985,1.0,1174.0
0.015691475024061763,0.0,1175.0
0.03107516089940221,1.0,1175.0
0.01320100075957642,0.0,1176.0
0.04681303874560694,1.0,1176.0
0.012874345242156249,0.0,1177.0
0.06776041393321908,1.0,1177.0
0.013235002343507496,0.0,1178.0
0.06740983334934958,1.0,1178.0
0.013670656698768102,0.0,1179.0
0.06766862887201341,1.0,1179.0
0.01575490039234806,0.0,1180.0
0.05966286713091584,1.0,1180.0
0.018961581823448093,0.0,1181.0
0.060495527305369556,1.0,1181.0
0.013724197613159017,0.0,1182.0
0.06270254691059529,1.0,1182.0
0.012960727677689743,0.0,1183.0
0.06046963833893315,1.0,1183.0
0.01304400680942397,0.0,1184.0
0.023985139166993186,1.0,1184.0
0.014810403885085144,0.0,1185.0
0.025215332444020078,1.0,1185.0
0.015127519472803996,0.0,1186.0
0.02615143728563485,1.0,1186.0
0.018111440544170243,0.0,1187.0
0.037302608530338066,1.0,1187.0
0.01923673896864786,0.0,1188.0
0.03182215793310794,1.0,1188.0
0.01423869434468239,0.0,1189.0
0.03188203303188386,1.0,1189.0
0.012244591627467827,0.0,1190.0
0.03013558006967232,1.0,1190.0
0.012714694041882524,0.0,1191.0
0.01911329892843483,1.0,1191.0
0.013988265858871252,0.0,1192.0
0.023071718012886766,1.0,1192.0
0.013972739493196329,0.0,1193.0
0.021093256219546497,1.0,1193.0
0.01620410716592202,0.0,1194.0
0.02656013288533776,1.0,1194.0
0.01992248513400474,0.0,1195.0
0.031167447388284586,1.0,1195.0
0.015775370539353517,0.0,1196.0
0.022698575182512393,1.0,1196.0
0.014293870714746415,0.0,1197.0
0.02284981120031704,1.0,1197.0
0.012385900498792957,0.0,1198.0
0.04073729980971974,1.0,1198.0
0.013904167494916742,0.0,1199.0
0.026867343663318444,1.0,1199.0
0.012207373888000639,0.0,1200.0
0.029534525899078012,1.0,1200.0
0.014745062959639288,0.0,1201.0
0.026637222788498338,1.0,1201.0
0.019240976017233624,0.0,1202.0
0.06367021577784016,1.0,1202.0
0.014452502486485663,0.0,1203.0
0.049375225912372755,1.0,1203.0
0.013684975124391485,0.0,1204.0
0.0307923131436878,1.0,1204.0
0.01421555788491835,0.0,1205.0
0.015999254026563214,1.0,1205.0
0.016810599779922608,0.0,1206.0
0.01991988649668297,1.0,1206.0
0.018573115098479143,0.0,1207.0
0.021828917115608526,1.0,1207.0
0.018939798736524516,0.0,1208.0
0.021606842328433906,1.0,1208.0
0.021742441030133897,0.0,1209.0
0.023597458248664438,1.0,1209.0
0.016791543944827403,0.0,1210.0
0.018629943810316796,1.0,1210.0
0.015046611378202623,0.0,1211.0
0.017295176940870682,1.0,1211.0
0.011599626193891766,0.0,1212.0
0.021836970372873132,1.0,1212.0
0.01274649405477124,0.0,1213.0
0.02321683415781095,1.0,1213.0
0.013167803170003989,0.0,1214.0
0.022823975018511078,1.0,1214.0
0.014419888224459054,0.0,1215.0
0.025721457645071055,1.0,1215.0
0.018480075096360515,0.0,1216.0
0.033514707452198866,1.0,1216.0
0.013380348596292446,0.0,1217.0
0.025070726595553428,1.0,1217.0
0.011452951413847057,0.0,1218.0
0.024569302391689973,1.0,1218.0
0.012230369349173653,0.0,1219.0
0.021123694035277918,1.0,1219.0
0.01420817223569415,0.0,1220.0
0.02594749408078245,1.0,1220.0
0.012954068204555913,0.0,1221.0
0.023339802421216582,1.0,1221.0
0.014077874495189047,0.0,1222.0
0.023428727451541675,1.0,1222.0
0.017516884624871665,0.0,1223.0
0.024105120501982658,1.0,1223.0
0.014797440193500044,0.0,1224.0
0.025316887905180163,1.0,1224.0
0.012413259341227167,0.0,1225.0
0.022753486485815433,1.0,1225.0
0.011356069824590254,0.0,1226.0
0.01682391947426254,1.0,1226.0
0.012010755439889387,0.0,1227.0
0.019939939747924296,1.0,1227.0
0.011249915918636777,0.0,1228.0
0.01976665156830615,1.0,1228.0
0.013001116137072444,0.0,1229.0
0.021674013260307046,1.0,1229.0
0.02049727735175466,0.0,1230.0
0.03218503761674274,1.0,1230.0
0.014398880613989196,0.0,1231.0
0.02254581806999445,1.0,1231.0
0.011305368618411471,0.0,1232.0
0.02538602083628838,1.0,1232.0
0.012875913007102113,0.0,1233.0
0.019022311477786324,1.0,1233.0
0.01407251509093177,0.0,1234.0
0.02624050283234336,1.0,1234.0
0.014487468623474609,0.0,1235.0
0.028441832022858105,1.0,1235.0
0.0163163211683246,0.0,1236.0
0.027021424584417364,1.0,1236.0
0.02126903951156045,0.0,1237.0
0.02564850193851198,1.0,1237.0
0.015833211480575038,0.0,1238.0
0.021372939200047902,1.0,1238.0
0.015176063322756228,0.0,1239.0
0.024881300488369895,1.0,1239.0
0.012862372180790338,0.0,1240.0
0.03868713311247696,1.0,1240.0
0.014218377700795592,0.0,1241.0
0.032270311671437124,1.0,1241.0
0.013881498825198069,0.0,1242.0
0.036739395182388,1.0,1242.0
0.017628204333171915,0.0,1243.0
0.03366193049791999,1.0,1243.0
0.018198541584945715,0.0,1244.0
0.048471501995143385,1.0,1244.0
0.01644817878917948,0.0,1245.0
0.061143472132023646,1.0,1245.0
0.012989832410167601,0.0,1246.0
0.030688667773318024,1.0,1246.0
0.012043435696218463,0.0,1247.0
0.015637455153041824,1.0,1247.0
0.014482736666338702,0.0,1248.0
0.022194109478612223,1.0,1248.0
0.015252185771359006,0.0,1249.0
0.023421121508850895,1.0,1249.0
0.01989276585227895,0.0,1250.0
0.02592762697777351,1.0,1250.0
0.022382079176985314,0.0,1251.0
0.024612148360799058,1.0,1251.0
0.017567766538952867,0.0,1252.0
0.01967507578730876,1.0,1252.0
0.01555280971419215,0.0,1253.0
0.020716758663338997,1.0,1253.0
0.010669188425061815,0.0,1254.0
0.018396103926265006,1.0,1254.0
0.011952294778349248,0.0,1255.0
0.020806206494879298,1.0,1255.0
0.0126348015504254,0.0,1256.0
0.021140305546610616,1.0,1256.0
0.015503687703997127,0.0,1257.0
0.02351417513740639,1.0,1257.0
0.017256039024414527,0.0,1258.0
0.022690928774703245,1.0,1258.0
0.014374267901686721,0.0,1259.0
0.020469886178164476,1.0,1259.0
0.011791396176232372,0.0,1260.0
0.018246471003775966,1.0,1260.0
0.012370533072754597,0.0,1261.0
0.02043756970442301,1.0,1261.0
0.01155941745789768,0.0,1262.0
0.020042961417436,1.0,1262.0
0.012893264466746324,0.0,1263.0
0.021763507754855027,1.0,1263.0
0.01472153507087226,0.0,1264.0
0.019968425563233083,1.0,1264.0
0.018698523124208055,0.0,1265.0
0.025120170910829298,1.0,1265.0
0.013567086393680317,0.0,1266.0
0.018917042873371592,1.0,1266.0
0.011962271112130551,0.0,1267.0
0.01944171196550437,1.0,1267.0
0.012896942530039368,0.0,1268.0
0.033978456931375245,1.0,1268.0
0.013965336186883448,0.0,1269.0
0.050869054086303045,1.0,1269.0
0.0132173953434358,0.0,1270.0
0.04254163417921708,1.0,1270.0
0.015402325186857801,0.0,1271.0
0.03217753247589794,1.0,1271.0
0.01871136929827788,0.0,1272.0
0.03146524291776043,1.0,1272.0
0.015043115565666731,0.0,1273.0
0.027564398400901968,1.0,1273.0
0.012883347993804861,0.0,1274.0
0.043673518776571996,1.0,1274.0
0.013640078120083832,0.0,1275.0
0.022742537802895146,1.0,1275.0
0.014966871200636334,0.0,1276.0
0.03311348949619619,1.0,1276.0
0.016004129853677274,0.0,1277.0
0.03564201379625587,1.0,1277.0
0.01815122025233773,0.0,1278.0
0.02944773738753037,1.0,1278.0
0.019837748175128844,0.0,1279.0
0.02741535633413772,1.0,1279.0
0.014488202152388219,0.0,1280.0
0.027525637892102495,1.0,1280.0
0.014874399864188703,0.0,1281.0
0.029407041100166342,1.0,1281.0
0.012032769618842476,0.0,1282.0
0.01928193977890258,1.0,1282.0
0.013759786165561838,0.0,1283.0
0.02269569985090092,1.0,1283.0
0.013535511420384783,0.0,1284.0
0.023062454927019083,1.0,1284.0
0.016491922700077044,0.0,1285.0
0.023932681686622104,1.0,1285.0
0.017794040250769694,0.0,1286.0
0.023339344719569777,1.0,1286.0
0.0147494423450798,0.0,1287.0
0.020860309443664793,1.0,1287.0
0.012778661618687348,0.0,1288.0
0.021412606946075385,1.0,1288.0
0.011539974993587165,0.0,1289.0
0.0250384373803465,1.0,1289.0
0.01370872153300784,0.0,1290.0
0.0422821220557994,1.0,1290.0
0.013061209330322843,0.0,1291.0
0.038950189013585934,1.0,1291.0
0.015811468728178735,0.0,1292.0
0.054023737365174185,1.0,1292.0
0.01933078216288342,0.0,1293.0
0.0507658444469512,1.0,1293.0
0.01633948694099674,0.0,1294.0
0.041233309925597705,1.0,1294.0
0.012145938071140172,0.0,1295.0
0.055060481942877715,1.0,1295.0
0.013455524095292493,0.0,1296.0
0.03890182929095998,1.0,1296.0
0.015521541749600853,0.0,1297.0
0.045222148584985966,1.0,1297.0
0.014432917311876903,0.0,1298.0
0.057681508783703705,1.0,1298.0
0.018700866301986974,0.0,1299.0
0.06089408245766759,1.0,1299.0
0.018718115442589944,0.0,1300.0
0.05344502783732752,1.0,1300.0
0.01741557841697494,0.0,1301.0
0.05052772975838549,1.0,1301.0
0.016170270204084236,0.0,1302.0
0.02599732142617972,1.0,1302.0
0.012317822047394067,0.0,1303.0
0.02111032170247329,1.0,1303.0
0.014313790182390207,0.0,1304.0
0.022939794217524234,1.0,1304.0
0.014659402427235513,0.0,1305.0
0.023911434139507914,1.0,1305.0
0.018452751182864713,0.0,1306.0
0.027282075619623924,1.0,1306.0
0.018672631432287368,0.0,1307.0
0.02391692562286485,1.0,1307.0
0.014591240283106988,0.0,1308.0
0.02096465460859953,1.0,1308.0
0.013376257005788705,0.0,1309.0
0.021476338459655242,1.0,1309.0
0.012947190423170607,0.0,1310.0
0.03583599821178218,1.0,1310.0
0.013691109177898397,0.0,1311.0
0.04391950917481413,1.0,1311.0
0.01421013235616675,0.0,1312.0
0.03612771283652361,1.0,1312.0
0.015604178260996804,0.0,1313.0
0.03292530314884923,1.0,1313.0
0.016622197293704843,0.0,1314.0
0.030773685926590133,1.0,1314.0
0.013839364872237248,0.0,1315.0
0.03402114420234925,1.0,1315.0
0.012706053240180815,0.0,1316.0
0.03300879833487569,1.0,1316.0
0.01256810748342474,0.0,1317.0
0.03661281699294339,1.0,1317.0
0.013541034697501342,0.0,1318.0
0.043705148352395806,1.0,1318.0
0.013764178855181886,0.0,1319.0
0.0360617178824465,1.0,1319.0
0.015442332378967638,0.0,1320.0
0.03262951685322513,1.0,1320.0
0.018257141001953414,0.0,1321.0
0.03132694685301329,1.0,1321.0
0.014649849555367744,0.0,1322.0
0.03332113254886249,1.0,1322.0
0.012915477988912905,0.0,1323.0
0.03353324265198765,1.0,1323.0
0.013182305468556699,0.0,1324.0
0.02675055772249957,1.0,1324.0
0.012494424535388848,0.0,1325.0
0.021134045413132796,1.0,1325.0
0.01294268248046837,0.0,1326.0
0.01892810837804637,1.0,1326.0
0.012978418274650405,0.0,1327.0
0.018658338607928204,1.0,1327.0
0.013611204021890089,0.0,1328.0
0.01799675867910544,1.0,1328.0
0.012079702754223653,0.0,1329.0
0.017802537911078442,1.0,1329.0
0.011218493785166928,0.0,1330.0
0.01952276573045042,1.0,1330.0
0.012963086735713336,0.0,1331.0
0.0185067119208413,1.0,1331.0
0.013346823304171362,0.0,1332.0
0.019275879623093406,1.0,1332.0
0.013180305819227023,0.0,1333.0
0.02241612355266831,1.0,1333.0
0.01694671033766193,0.0,1334.0
0.0494668659504498,1.0,1334.0
0.02066256381633602,0.0,1335.0
0.04259730966526121,1.0,1335.0
0.015710090820264977,0.0,1336.0
0.0350551442635485,1.0,1336.0
0.013594132499705758,0.0,1337.0
0.04023962209869136,1.0,1337.0
0.01225957914627207,0.0,1338.0
0.01820859724674806,1.0,1338.0
0.01435319423926007,0.0,1339.0
0.019670653580505792,1.0,1339.0
0.014186418423141056,0.0,1340.0
0.02105545465101244,1.0,1340.0
0.015668233489221972,0.0,1341.0
0.020250356131630287,1.0,1341.0
0.017641524202790748,0.0,1342.0
0.02126314412225705,1.0,1342.0
0.014247026223710435,0.0,1343.0
0.018338741926720914,1.0,1343.0
0.013981895265454458,0.0,1344.0
0.019917688248733967,1.0,1344.0
0.009858019584006783,0.0,1345.0
0.023412079304513167,1.0,1345.0
0.012791588713333635,0.0,1346.0
0.02839845819771858,1.0,1346.0
0.011430545569654171,0.0,1347.0
0.027353370938950405,1.0,1347.0
0.011948729192720275,0.0,1348.0
0.028483398974169738,1.0,1348.0
0.015135859154203679,0.0,1349.0
0.026579347688495236,1.0,1349.0
0.012425901358453117,0.0,1350.0
0.025412603972553516,1.0,1350.0
0.01105792993215271,0.0,1351.0
0.02643385830090672,1.0,1351.0
0.013327833815386825,0.0,1352.0
0.01971957665924462,1.0,1352.0
0.01525447235383881,0.0,1353.0
0.023601073125166128,1.0,1353.0
0.013721750551178413,0.0,1354.0
0.022121040878598563,1.0,1354.0
0.01753277529962549,0.0,1355.0
0.024488684837003838,1.0,1355.0
0.020818507314384505,0.0,1356.0
0.0241478800967192,1.0,1356.0
0.014916736258576258,0.0,1357.0
0.018584749186910887,1.0,1357.0
0.013328878840393354,0.0,1358.0
0.02195831665382375,1.0,1358.0
0.011295926773316367,0.0,1359.0
0.02225109649783441,1.0,1359.0
0.012438205747790754,0.0,1360.0
0.01951529380045347,1.0,1360.0
0.01127272856055761,0.0,1361.0
0.01847175413787472,1.0,1361.0
0.01443906648897375,0.0,1362.0
0.021400793664845708,1.0,1362.0
0.015835376371234666,0.0,1363.0
0.027690242123831865,1.0,1363.0
0.012509300531868384,0.0,1364.0
0.022581968929467067,1.0,1364.0
0.01212403282522967,0.0,1365.0
0.01910353165255385,1.0,1365.0
0.011953502225324986,0.0,1366.0
0.036230536602626096,1.0,1366.0
0.013437240689635477,0.0,1367.0
0.04364179744240371,1.0,1367.0
0.014841896465067617,0.0,1368.0
0.04236043442693438,1.0,1368.0
0.017915897703750794,0.0,1369.0
0.045559206290578746,1.0,1369.0
0.018972253558926067,0.0,1370.0
0.03810996712159698,1.0,1370.0
0.015267041160544004,0.0,1371.0
0.04280360944933159,1.0,1371.0
0.0135292955844446,0.0,1372.0
0.04722415339762298,1.0,1372.0
0.014692280229431809,0.0,1373.0
0.03126891532241993,1.0,1373.0
0.017535107533868555,0.0,1374.0
0.035914166547240445,1.0,1374.0
0.017056588007366535,0.0,1375.0
0.03997651450918127,1.0,1375.0
0.022413496982962577,0.0,1376.0
0.04127870292227831,1.0,1376.0
0.022067470824196356,0.0,1377.0
0.03238797207309574,1.0,1377.0
0.020436936385197058,0.0,1378.0
0.0319156637791953,1.0,1378.0
0.016044353740115813,0.0,1379.0
0.031059485329470782,1.0,1379.0
0.011042461029628914,0.0,1380.0
0.03353908718867071,1.0,1380.0
0.01140236151928642,0.0,1381.0
0.022442676317881993,1.0,1381.0
0.011296330182353653,0.0,1382.0
0.02637250787385037,1.0,1382.0
0.013599888139939509,0.0,1383.0
0.02470991900553221,1.0,1383.0
0.01715451613032304,0.0,1384.0
0.047618963182627816,1.0,1384.0
0.01270269071578456,0.0,1385.0
0.03863857179975794,1.0,1385.0
0.010534653080921608,0.0,1386.0
0.02511904883323668,1.0,1386.0
0.012963302258656384,0.0,1387.0
0.014157313667987115,1.0,1387.0
0.013374990953186394,0.0,1388.0
0.013909418431302889,1.0,1388.0
0.014991309169515965,0.0,1389.0
0.015736801831041092,1.0,1389.0
0.016124216975697436,0.0,1390.0
0.01786485876513355,1.0,1390.0
0.020522464195477763,0.0,1391.0
0.02165860533669628,1.0,1391.0
0.015792474919904542,0.0,1392.0
0.0162467257538923,1.0,1392.0
0.01346337746679227,0.0,1393.0
0.013999523200076691,1.0,1393.0
0.012901761053125682,0.0,1394.0
0.04475944422707512,1.0,1394.0
0.012939449890282617,0.0,1395.0
0.04159717629485549,1.0,1395.0
0.01365117521741066,0.0,1396.0
0.038697796530746675,1.0,1396.0
0.01448196262204382,0.0,1397.0
0.07179256982147475,1.0,1397.0
0.015600011551231585,0.0,1398.0
0.056804815572907064,1.0,1398.0
0.013333925481545439,0.0,1399.0
0.039348560948744726,1.0,1399.0
0.011832293280796158,0.0,1400.0
0.040306255823932435,1.0,1400.0
0.014422398010001114,0.0,1401.0
0.06902250226151585,1.0,1401.0
0.01860480548777721,0.0,1402.0
0.061184393938737536,1.0,1402.0
0.020811819396676423,0.0,1403.0
0.07774435078366038,1.0,1403.0
0.01896189649783686,0.0,1404.0
0.058048324450671096,1.0,1404.0
0.018919368846277873,0.0,1405.0
0.07149599607175627,1.0,1405.0
0.014131591890576,0.0,1406.0
0.0664823325322641,1.0,1406.0
0.01654155772662458,0.0,1407.0
0.11698870724718757,1.0,1407.0
0.01147211620617572,0.0,1408.0
0.039416163769876,1.0,1408.0
0.012866817301271372,0.0,1409.0
0.03470542970997048,1.0,1409.0
0.011950278854655938,0.0,1410.0
0.03427541386739019,1.0,1410.0
0.01614818417452124,0.0,1411.0
0.06723263857239115,1.0,1411.0
0.020892734930870738,0.0,1412.0
0.054517563568541316,1.0,1412.0
0.01548842956030283,0.0,1413.0
0.03765038332988002,1.0,1413.0
0.012600480532498626,0.0,1414.0
0.03641432050451199,1.0,1414.0
0.014249096847216425,0.0,1415.0
0.018323623844214598,1.0,1415.0
0.016004653990338902,0.0,1416.0
0.021403083787817856,1.0,1416.0
0.014719844193003873,0.0,1417.0
0.01925573410877357,1.0,1417.0
0.017734126029033348,0.0,1418.0
0.022201750460585146,1.0,1418.0
0.02039363258976401,0.0,1419.0
0.02355059942459059,1.0,1419.0
0.015980924939841934,0.0,1420.0
0.020044727755571756,1.0,1420.0
0.014539836592904809,0.0,1421.0
0.0187355471828643,1.0,1421.0
0.014686123548390384,0.0,1422.0
0.028890551871265213,1.0,1422.0
0.016358832834215686,0.0,1423.0
0.03009865639792375,1.0,1423.0
0.016676098069461798,0.0,1424.0
0.028001310532442147,1.0,1424.0
0.020113438337574063,0.0,1425.0
0.030321855150181154,1.0,1425.0
0.021543723101429713,0.0,1426.0
0.02713256176499268,1.0,1426.0
0.016893975020682017,0.0,1427.0
0.023441324506039862,1.0,1427.0
0.014741954189962492,0.0,1428.0
0.024400994619635963,1.0,1428.0
0.012985831297980699,0.0,1429.0
0.02745077206418367,1.0,1429.0
0.015844197341852162,0.0,1430.0
0.02719475344184108,1.0,1430.0
0.015024037046165617,0.0,1431.0
0.026392845174213697,1.0,1431.0
0.02024898350724813,0.0,1432.0
0.03190633930605946,1.0,1432.0
0.020213706088000105,0.0,1433.0
0.030643057514422534,1.0,1433.0
0.015650579876181236,0.0,1434.0
0.028857384162960464,1.0,1434.0
0.017391875799770418,0.0,1435.0
0.03253876477732387,1.0,1435.0
0.012159080825068891,0.0,1436.0
0.026927888494269858,1.0,1436.0
0.014017545928151964,0.0,1437.0
0.022074556841274795,1.0,1437.0
0.013129368810693709,0.0,1438.0
0.02016827092746265,1.0,1438.0
0.014847434428805428,0.0,1439.0
0.02058014496995275,1.0,1439.0
0.015226288144547961,0.0,1440.0
0.026174958634921808,1.0,1440.0
0.012498643600079795,0.0,1441.0
0.03557814124194092,1.0,1441.0
0.013139075901843267,0.0,1442.0
0.021873129381452028,1.0,1442.0
0.012053364934642818,0.0,1443.0
0.02213752459322782,1.0,1443.0
0.012279374897515627,0.0,1444.0
0.02889598604073873,1.0,1444.0
0.01262652835001532,0.0,1445.0
0.0298671116179432,1.0,1445.0
0.01469176725339505,0.0,1446.0
0.03456730954595688,1.0,1446.0
0.02014150047038843,0.0,1447.0
0.0395776793212268,1.0,1447.0
0.013607623860641294,0.0,1448.0
0.030375479072583644,1.0,1448.0
0.013861243443571425,0.0,1449.0
0.027566673988704604,1.0,1449.0
0.014051578719032065,0.0,1450.0
0.022793775099267055,1.0,1450.0
0.012911256278288263,0.0,1451.0
0.022090556616765955,1.0,1451.0
0.013893571148236639,0.0,1452.0
0.025937146904255304,1.0,1452.0
0.01586599022205437,0.0,1453.0
0.026928532050650045,1.0,1453.0
0.017669680420330014,0.0,1454.0
0.030170387537422627,1.0,1454.0
0.015750150795481588,0.0,1455.0
0.021237792210040407,1.0,1455.0
0.013932321090124322,0.0,1456.0
0.02237873107819155,1.0,1456.0
0.013628405296711499,0.0,1457.0
0.028723129817809223,1.0,1457.0
0.016001878131044922,0.0,1458.0
0.030578046297473627,1.0,1458.0
0.015977524170021518,0.0,1459.0
0.032041339139112335,1.0,1459.0
0.01909289093685418,0.0,1460.0
0.03010825679523421,1.0,1460.0
0.021779371297101946,0.0,1461.0
0.03245672841911418,1.0,1461.0
0.016355768765556,0.0,1462.0
0.029931534879128474,1.0,1462.0
0.015644731126951417,0.0,1463.0
0.02728014361226494,1.0,1463.0
0.013357452286478111,0.0,1464.0
0.02647396626546694,1.0,1464.0
0.015494049863799209,0.0,1465.0
0.020754564460907066,1.0,1465.0
0.014302358254093761,0.0,1466.0
0.024512735649581785,1.0,1466.0
0.016508700190218217,0.0,1467.0
0.02198252344357554,1.0,1467.0
0.018960476570478946,0.0,1468.0
0.024716953577994083,1.0,1468.0
0.015333685993982105,0.0,1469.0
0.02105273799125662,1.0,1469.0
0.014177163930122916,0.0,1470.0
0.022842807214362715,1.0,1470.0
0.010461116044819363,0.0,1471.0
0.019137530137100178,1.0,1471.0
0.014440062819074395,0.0,1472.0
0.024966159117520093,1.0,1472.0
0.013085654893840282,0.0,1473.0
0.023455892371684328,1.0,1473.0
0.014691812110940283,0.0,1474.0
0.02252546526943089,1.0,1474.0
0.017004214561991304,0.0,1475.0
0.023161923085671887,1.0,1475.0
0.014070357902847164,0.0,1476.0
0.02517122023792462,1.0,1476.0
0.013425269227337555,0.0,1477.0
0.0244210612793081,1.0,1477.0
0.014356415275222467,0.0,1478.0
0.06728555975504324,1.0,1478.0
0.014988037107762864,0.0,1479.0
0.057742981218294354,1.0,1479.0
0.01628535394405306,0.0,1480.0
0.061802398955419946,1.0,1480.0
0.019219425058031092,0.0,1481.0
0.05855524303798498,1.0,1481.0
0.019381718630016476,0.0,1482.0
0.0444504510110062,1.0,1482.0
0.01564489141245229,0.0,1483.0
0.055409133085952966,1.0,1483.0
0.014320385519447143,0.0,1484.0
0.05706693422386122,1.0,1484.0
0.011698944880819795,0.0,1485.0
0.020886684590654347,1.0,1485.0
0.013165172834985306,0.0,1486.0
0.028351018372707593,1.0,1486.0
0.012599752955848587,0.0,1487.0
0.02506591945969605,1.0,1487.0
0.016260701148988588,0.0,1488.0
0.03132377355683058,1.0,1488.0
0.017689837802191466,0.0,1489.0
0.03189364056377775,1.0,1489.0
0.01281232613812655,0.0,1490.0
0.02581589361937775,1.0,1490.0
0.010662069190845891,0.0,1491.0
0.02126456177342595,1.0,1491.0
0.011581418791003717,0.0,1492.0
0.02224391391479097,1.0,1492.0
0.011813791829031306,0.0,1493.0
0.02258109741482084,1.0,1493.0
0.01254066925956776,0.0,1494.0
0.02359708358385415,1.0,1494.0
0.014034434787646433,0.0,1495.0
0.02275538405735844,1.0,1495.0
0.015473425026217402,0.0,1496.0
0.021407985356215242,1.0,1496.0
0.012980503758303286,0.0,1497.0
0.02000739935160878,1.0,1497.0
0.011961250164016501,0.0,1498.0
0.022268923782613026,1.0,1498.0
0.014660173652285113,0.0,1499.0
0.03126360241971993,1.0,1499.0
0.015706066578380806,0.0,1500.0
0.04260260227457291,1.0,1500.0
0.0156288777492275,0.0,1501.0
0.04802934709174789,1.0,1501.0
0.01723266038103244,0.0,1502.0
0.041967428223321335,1.0,1502.0
0.020521378937867762,0.0,1503.0
0.02848571602497474,1.0,1503.0
0.016419916307589766,0.0,1504.0
0.028780189573984316,1.0,1504.0
0.013827169779605963,0.0,1505.0
0.04253706410752445,1.0,1505.0
0.012410415721390233,0.0,1506.0
0.020666453665966866,1.0,1506.0
0.014098207581225264,0.0,1507.0
0.024602304065120872,1.0,1507.0
0.01340838002515099,0.0,1508.0
0.024233937834583497,1.0,1508.0
0.016144094747765347,0.0,1509.0
0.025489248197717806,1.0,1509.0
0.018479990578754713,0.0,1510.0
0.023712175717939044,1.0,1510.0
0.015972940384852308,0.0,1511.0
0.02337699191728282,1.0,1511.0
0.013298683188882165,0.0,1512.0
0.022776628606864247,1.0,1512.0
0.012586018434141089,0.0,1513.0
0.023507200497906666,1.0,1513.0
0.01361109512236336,0.0,1514.0
0.028156755367864328,1.0,1514.0
0.013850497232906545,0.0,1515.0
0.027973255343935577,1.0,1515.0
0.015449853266487068,0.0,1516.0
0.029943212903911665,1.0,1516.0
0.01709817159039284,0.0,1517.0
0.024365658010681468,1.0,1517.0
0.013813083528532388,0.0,1518.0
0.019652388159819623,1.0,1518.0
0.013910646593461529,0.0,1519.0
0.024577828657996292,1.0,1519.0
0.013361662861009371,0.0,1520.0
0.023269537950145747,1.0,1520.0
0.013424259967661722,0.0,1521.0
0.02760430401125058,1.0,1521.0
0.014352680090922387,0.0,1522.0
0.026379405860019745,1.0,1522.0
0.016029301960307496,0.0,1523.0
0.03242630202241825,1.0,1523.0
0.018741311636062186,0.0,1524.0
0.030798048951257595,1.0,1524.0
0.014378514393339703,0.0,1525.0
0.029163983025626283,1.0,1525.0
0.01299261056655121,0.0,1526.0
0.028027288277186813,1.0,1526.0
0.01152170871246394,0.0,1527.0
0.017199113534600574,1.0,1527.0
0.012535895974395306,0.0,1528.0
0.01934576816753575,1.0,1528.0
0.012883918494877467,0.0,1529.0
0.02150173689256185,1.0,1529.0
0.014814397574172578,0.0,1530.0
0.026762708186357287,1.0,1530.0
0.017368190541483308,0.0,1531.0
0.02649651843051526,1.0,1531.0
0.013567163317306896,0.0,1532.0
0.022054474251052003,1.0,1532.0
0.011839526466614458,0.0,1533.0
0.02414310009589249,1.0,1533.0
0.011707117006066081,0.0,1534.0
0.020963899995356083,1.0,1534.0
0.012072572685212002,0.0,1535.0
0.022180720272388488,1.0,1535.0
0.012931192964630078,0.0,1536.0
0.023917832820119944,1.0,1536.0
0.01315511322791707,0.0,1537.0
0.022766212985633416,1.0,1537.0
0.018880794981203763,0.0,1538.0
0.02500485854520873,1.0,1538.0
0.01394028402116998,0.0,1539.0
0.021582330875001166,1.0,1539.0
0.011431791234582711,0.0,1540.0
0.02038598006419834,1.0,1540.0
