power_error_1,label,id
0.011482730057028098,0.0,1.0
0.012381409249697953,1.0,1.0
0.011642740569540767,0.0,2.0
0.012057277546718757,1.0,2.0
0.011495928735241741,0.0,3.0
0.012120390692269346,1.0,3.0
0.013819190831647931,0.0,4.0
0.015268873990934607,1.0,4.0
0.018536389837096285,0.0,5.0
0.019443016504033312,1.0,5.0
0.013875660302146934,0.0,6.0
0.014207485956087612,1.0,6.0
0.010909177907933715,0.0,7.0
0.011300029269074965,1.0,7.0
0.011129013945791907,0.0,8.0
0.017042717643810466,1.0,8.0
0.013017893263584622,0.0,9.0
0.021298862858073492,1.0,9.0
0.013432872329349381,0.0,10.0
0.0208033192760616,1.0,10.0
0.015756156314839752,0.0,11.0
0.023345682461031945,1.0,11.0
0.02109702822385754,0.0,12.0
0.0272368620731724,1.0,12.0
0.015181097955530506,0.0,13.0
0.020447902875604346,1.0,13.0
0.012742734585393321,0.0,14.0
0.021262622640349824,1.0,14.0
0.01257019136180547,0.0,15.0
0.014800301851247546,1.0,15.0
0.012130370745548883,0.0,16.0
0.01477143486883894,1.0,16.0
0.01337187567531424,0.0,17.0
0.019563814794408132,1.0,17.0
0.015449649533465162,0.0,18.0
0.02157995756695923,1.0,18.0
0.017391274099278764,0.0,19.0
0.02317140456743027,1.0,19.0
0.01399147900279563,0.0,20.0
0.01703918603177598,1.0,20.0
0.0109200569106405,0.0,21.0
0.013582477357055171,1.0,21.0
0.010686261920454989,0.0,22.0
0.01797809949669912,1.0,22.0
0.012781200181793888,0.0,23.0
0.020835281520806742,1.0,23.0
0.013829346716567752,0.0,24.0
0.025459487256875406,1.0,24.0
0.014619724811338419,0.0,25.0
0.026038908707211508,1.0,25.0
0.015863413611555206,0.0,26.0
0.026930279130850606,1.0,26.0
0.013134660406413968,0.0,27.0
0.02248237605299433,1.0,27.0
0.011186060726400354,0.0,28.0
0.02129727370767698,1.0,28.0
0.011805532375514767,0.0,29.0
0.030001197378077805,1.0,29.0
0.013046356364876204,0.0,30.0
0.030814337554251437,1.0,30.0
0.013225431844681099,0.0,31.0
0.03307196184115937,1.0,31.0
0.014536234133270692,0.0,32.0
0.030275782729548655,1.0,32.0
0.01946165981558745,0.0,33.0
0.030037796015741004,1.0,33.0
0.015334560915018818,0.0,34.0
0.02794533816474304,1.0,34.0
0.012629254238170082,0.0,35.0
0.03458025827812714,1.0,35.0
0.009079346400167724,0.0,36.0
0.02123881429912421,1.0,36.0
0.011278941615844341,0.0,37.0
0.029295624097343865,1.0,37.0
0.01082891070642786,0.0,38.0
0.02701141550854143,1.0,38.0
0.013458462010352244,0.0,39.0
0.028647354234282055,1.0,39.0
0.016549588358562534,0.0,40.0
0.023849158387969246,1.0,40.0
0.01236786084622708,0.0,41.0
0.02175690819181378,1.0,41.0
0.01089779812853685,0.0,42.0
0.025520394966748364,1.0,42.0
0.010742344118708093,0.0,43.0
0.01443793623565394,1.0,43.0
0.010665812414609815,0.0,44.0
0.015331649196897968,1.0,44.0
0.012131985737397846,0.0,45.0
0.018657378971941568,1.0,45.0
0.014265883755451552,0.0,46.0
0.021356490314689024,1.0,46.0
0.017492335526429936,0.0,47.0
0.020737363727800218,1.0,47.0
0.012765559947064345,0.0,48.0
0.01617505244409704,1.0,48.0
0.010985468943103984,0.0,49.0
0.017196086924403317,1.0,49.0
0.011773728153596957,0.0,50.0
0.01678581266683216,1.0,50.0
0.012237615126458946,0.0,51.0
0.015299772955575178,1.0,51.0
0.01212085252668253,0.0,52.0
0.014349506611898339,1.0,52.0
0.015350534949515668,0.0,53.0
0.020200961596614005,1.0,53.0
0.018267333671522258,0.0,54.0
0.02175992060849942,1.0,54.0
0.014162441316450588,0.0,55.0
0.017674191986278155,1.0,55.0
0.011950114947839943,0.0,56.0
0.01601917007255923,1.0,56.0
0.010895714379471061,0.0,57.0
0.016555661311213863,1.0,57.0
0.011916759935435034,0.0,58.0
0.021746110473985947,1.0,58.0
0.011703385289928113,0.0,59.0
0.02141268604287225,1.0,59.0
0.013565158159043732,0.0,60.0
0.022599988598222782,1.0,60.0
0.015744084967699214,0.0,61.0
0.019579359396213195,1.0,61.0
0.01389833531429787,0.0,62.0
0.018586076232984226,1.0,62.0
0.010695542531013714,0.0,63.0
0.01845434261970778,1.0,63.0
0.01182082682059243,0.0,64.0
0.025674519641459004,1.0,64.0
0.012265445345487312,0.0,65.0
0.021626846479906193,1.0,65.0
0.013274836631482042,0.0,66.0
0.02977041920252084,1.0,66.0
0.016272733135748965,0.0,67.0
0.0334135290033567,1.0,67.0
0.01631841435347569,0.0,68.0
0.030768957095294286,1.0,68.0
0.013305585892267713,0.0,69.0
0.025383288249086436,1.0,69.0
0.012249288498063856,0.0,70.0
0.018349113651469226,1.0,70.0
0.008819392505658758,0.0,71.0
0.011946174128728764,1.0,71.0
0.01001211474611758,0.0,72.0
0.013398043325549037,1.0,72.0
0.01087983935069406,0.0,73.0
0.013565912290601214,1.0,73.0
0.011455033052529567,0.0,74.0
0.01400486314681132,1.0,74.0
0.014543038810836613,0.0,75.0
0.016272207691394074,1.0,75.0
0.011226274240897073,0.0,76.0
0.012958870940606642,1.0,76.0
0.009026490143999671,0.0,77.0
0.011604912903588822,1.0,77.0
0.009840816429759777,0.0,78.0
0.020139264028420704,1.0,78.0
0.011510729858238077,0.0,79.0
0.01947785790285841,1.0,79.0
0.010875489680852462,0.0,80.0
0.022477140383578842,1.0,80.0
0.012990551318033516,0.0,81.0
0.026758122211987326,1.0,81.0
0.014557645076632921,0.0,82.0
0.024624300969686767,1.0,82.0
0.01316280247825429,0.0,83.0
0.019840352954641424,1.0,83.0
0.011122803362781111,0.0,84.0
0.020583443963762663,1.0,84.0
0.010539853588246962,0.0,85.0
0.019597218817126914,1.0,85.0
0.012616024619471028,0.0,86.0
0.023947654621944002,1.0,86.0
0.011410034925017161,0.0,87.0
0.02553039846891802,1.0,87.0
0.014348535919362795,0.0,88.0
0.02683975559517753,1.0,88.0
0.015331380216835316,0.0,89.0
0.022949203143514802,1.0,89.0
0.012473103363763116,0.0,90.0
0.0219444230320764,1.0,90.0
0.010546314568699474,0.0,91.0
0.024074615542239913,1.0,91.0
0.012967998891208454,0.0,92.0
0.02167675636133195,1.0,92.0
0.014900902845652956,0.0,93.0
0.02425043657291504,1.0,93.0
0.014119355466810358,0.0,94.0
0.023530087562779058,1.0,94.0
0.017914995589030838,0.0,95.0
0.02416382234104374,1.0,95.0
0.017119793534428288,0.0,96.0
0.020830681539398595,1.0,96.0
0.015463561420820861,0.0,97.0
0.01966861672425134,1.0,97.0
0.013850704042344918,0.0,98.0
0.02122884676248906,1.0,98.0
0.010766775252508383,0.0,99.0
0.03019381031128455,1.0,99.0
0.010568900822341753,0.0,100.0
0.02669571537962272,1.0,100.0
0.0105136432284142,0.0,101.0
0.024120993572659687,1.0,101.0
0.014598945500144222,0.0,102.0
0.02994180297821761,1.0,102.0
0.017348395835088883,0.0,103.0
0.026410887781935614,1.0,103.0
0.013810913981072879,0.0,104.0
0.023015877295453107,1.0,104.0
0.012164437564860088,0.0,105.0
0.02431871745282336,1.0,105.0
0.011511632943778013,0.0,106.0
0.03727584076378876,1.0,106.0
0.01281221241033609,0.0,107.0
0.05238550522577773,1.0,107.0
0.012552263284128938,0.0,108.0
0.04366461357189035,1.0,108.0
0.01364282601369751,0.0,109.0
0.04202615554619345,1.0,109.0
0.013196969962880145,0.0,110.0
0.03224052826345643,1.0,110.0
0.010722767734757289,0.0,111.0
0.03566019277610752,1.0,111.0
0.011561886124795012,0.0,112.0
0.041595687773630326,1.0,112.0
0.011045957913504309,0.0,113.0
0.025327475030279295,1.0,113.0
0.011447723364634222,0.0,114.0
0.02747418186002518,1.0,114.0
0.012079771080890714,0.0,115.0
0.030832286023890685,1.0,115.0
0.012757678565688699,0.0,116.0
0.02765759860993399,1.0,116.0
0.014881370746341327,0.0,117.0
0.023446631756628127,1.0,117.0
0.012651599653592364,0.0,118.0
0.02287654334106554,1.0,118.0
0.010966855683035842,0.0,119.0
0.02316731544843361,1.0,119.0
0.010759817887849741,0.0,120.0
0.014437159106726419,1.0,120.0
0.012249817829584597,0.0,121.0
0.01662752994819742,1.0,121.0
0.013374337525839629,0.0,122.0
0.018102688508465227,1.0,122.0
0.013193851082464297,0.0,123.0
0.01681228271603313,1.0,123.0
0.012475762438279388,0.0,124.0
0.015664609847505822,1.0,124.0
0.012059603421918277,0.0,125.0
0.017310310841594297,1.0,125.0
0.01168851416301046,0.0,126.0
0.01610399875786688,1.0,126.0
0.009853277407076725,0.0,127.0
0.02925945060807465,1.0,127.0
0.011979147964335243,0.0,128.0
0.0346140847592084,1.0,128.0
0.011797806311483663,0.0,129.0
0.03966252746758672,1.0,129.0
0.014149154982438824,0.0,130.0
0.04144149247840355,1.0,130.0
0.017118416545628536,0.0,131.0
0.039695890316731534,1.0,131.0
0.013281812197466686,0.0,132.0
0.03697488809522933,1.0,132.0
0.011721148055829767,0.0,133.0
0.019166740103481072,1.0,133.0
0.008747662578116582,0.0,134.0
0.016685852740483148,1.0,134.0
0.010889960802483821,0.0,135.0
0.026480099243502538,1.0,135.0
0.010158385952772188,0.0,136.0
0.02292837209908114,1.0,136.0
0.011409672946398617,0.0,137.0
0.04168259391362894,1.0,137.0
0.013485434210685375,0.0,138.0
0.04159033814488608,1.0,138.0
0.010660098880186507,0.0,139.0
0.0488980835399132,1.0,139.0
0.009858200122774134,0.0,140.0
0.030235788012064193,1.0,140.0
0.011106010667254166,0.0,141.0
0.02603055217842381,1.0,141.0
0.01319006890919182,0.0,142.0
0.03237442736883909,1.0,142.0
0.0125622385955811,0.0,143.0
0.03277077470262515,1.0,143.0
0.015706940958532135,0.0,144.0
0.03611168126279593,1.0,144.0
0.01705868684475574,0.0,145.0
0.04669541485849482,1.0,145.0
0.013420163734892965,0.0,146.0
0.027683052500920433,1.0,146.0
0.012660443847419512,0.0,147.0
0.028873100398145064,1.0,147.0
0.013232114501386194,0.0,148.0
0.023009083569843818,1.0,148.0
0.01590154884878078,0.0,149.0
0.027542005493494802,1.0,149.0
0.014949663338592874,0.0,150.0
0.026308251889441643,1.0,150.0
0.018118878544749074,0.0,151.0
0.024966996010968998,1.0,151.0
0.020882690855496037,0.0,152.0
0.026825586966130632,1.0,152.0
0.014309398111387206,0.0,153.0
0.021042724475765842,1.0,153.0
0.014677693358989332,0.0,154.0
0.025744086690783215,1.0,154.0
0.012623816543315604,0.0,155.0
0.01933373443690095,1.0,155.0
0.01565685850433715,0.0,156.0
0.021236173783826244,1.0,156.0
0.015169554263981403,0.0,157.0
0.020597339037280317,1.0,157.0
0.018457616977731874,0.0,158.0
0.022631944842316527,1.0,158.0
0.020581630252556223,0.0,159.0
0.022994506574460383,1.0,159.0
0.016171734077219876,0.0,160.0
0.019591170681945595,1.0,160.0
0.014667489647736186,0.0,161.0
0.02404561527050173,1.0,161.0
0.011693651999110006,0.0,162.0
0.018596211198055136,1.0,162.0
0.012787126490861295,0.0,163.0
0.02081850035739561,1.0,163.0
0.012211260523471478,0.0,164.0
0.020525349503593488,1.0,164.0
0.014720778550934802,0.0,165.0
0.02074896678000556,1.0,165.0
0.01848844631552344,0.0,166.0
0.02450019905861996,1.0,166.0
0.015423464499240976,0.0,167.0
0.020818671363330002,1.0,167.0
0.012484652253312347,0.0,168.0
0.02402548003514289,1.0,168.0
0.011276384283714165,0.0,169.0
0.0206990706149123,1.0,169.0
0.011949970928954034,0.0,170.0
0.021227074296106336,1.0,170.0
0.01162362424288996,0.0,171.0
0.021654821501312822,1.0,171.0
0.013982576370745093,0.0,172.0
0.025508921610509223,1.0,172.0
0.01620149995455799,0.0,173.0
0.02533503255767594,1.0,173.0
0.013599762991184535,0.0,174.0
0.022220086533851525,1.0,174.0
0.013152944522096076,0.0,175.0
0.02232115432131157,1.0,175.0
0.0112627249604754,0.0,176.0
0.03137923229104629,1.0,176.0
0.01347980244941846,0.0,177.0
0.03225931368701605,1.0,177.0
0.012250595679659079,0.0,178.0
0.024834792493459622,1.0,178.0
0.014046494263558633,0.0,179.0
0.027660794971062413,1.0,179.0
0.018885453064209856,0.0,180.0
0.028103090556112483,1.0,180.0
0.012626983028904035,0.0,181.0
0.026665955848526574,1.0,181.0
0.011517068393083342,0.0,182.0
0.028580626696398968,1.0,182.0
0.013470288398636671,0.0,183.0
0.01723979187836427,1.0,183.0
0.01442342021843453,0.0,184.0
0.01764831312876962,1.0,184.0
0.014127334637524589,0.0,185.0
0.017343539486388646,1.0,185.0
0.019222763494687635,0.0,186.0
0.02282063949329654,1.0,186.0
0.020074295707773967,0.0,187.0
0.022958854616975426,1.0,187.0
0.014775092542240534,0.0,188.0
0.018619246475572056,1.0,188.0
0.014146971125338992,0.0,189.0
0.01830018046462847,1.0,189.0
0.012497635847259615,0.0,190.0
0.029409020309936418,1.0,190.0
0.01406208579802892,0.0,191.0
0.028116203017539955,1.0,191.0
0.014341451394307482,0.0,192.0
0.03006519461882416,1.0,192.0
0.014583783233002183,0.0,193.0
0.028751692564970777,1.0,193.0
0.014955589450012678,0.0,194.0
0.025208241113480995,1.0,194.0
0.013285608192627583,0.0,195.0
0.023712903816637567,1.0,195.0
0.01197339342765948,0.0,196.0
0.025528082850328884,1.0,196.0
0.011181898287392035,0.0,197.0
0.01924866635507226,1.0,197.0
0.012218017408552988,0.0,198.0
0.02094348194048951,1.0,198.0
0.012596419495726043,0.0,199.0
0.023983299648600895,1.0,199.0
0.01624095083426733,0.0,200.0
0.026708833899434622,1.0,200.0
0.020461371906000003,0.0,201.0
0.03027168680794764,1.0,201.0
0.013977050518118324,0.0,202.0
0.018310110199599723,1.0,202.0
0.01173504089769215,0.0,203.0
0.0204614226465472,1.0,203.0
0.011378485548303396,0.0,204.0
0.020848136769370307,1.0,204.0
0.011739552736738665,0.0,205.0
0.018568226502079073,1.0,205.0
0.01221088878297279,0.0,206.0
0.01822784295924919,1.0,206.0
0.017583729027281596,0.0,207.0
0.023264009324704252,1.0,207.0
0.016157341529129808,0.0,208.0
0.02357517847518159,1.0,208.0
0.013933888588530008,0.0,209.0
0.020838448058713734,1.0,209.0
0.011881193680972815,0.0,210.0
0.017980714527420234,1.0,210.0
0.009167721708162638,0.0,211.0
0.01162878766762345,1.0,211.0
0.010300020500669341,0.0,212.0
0.01625209419917912,1.0,212.0
0.011107324806287495,0.0,213.0
0.01743168708746057,1.0,213.0
0.011954301699216848,0.0,214.0
0.018536611077490894,1.0,214.0
0.013807359528929723,0.0,215.0
0.01839286929359616,1.0,215.0
0.01085208309771241,0.0,216.0
0.01536637221220008,1.0,216.0
0.009465021982174074,0.0,217.0
0.014633390215301877,1.0,217.0
0.010841211449463206,0.0,218.0
0.013503030243881591,1.0,218.0
0.0134943898764832,0.0,219.0
0.016459863874378016,1.0,219.0
0.013501106760065827,0.0,220.0
0.01795691241564105,1.0,220.0
0.015832143792192492,0.0,221.0
0.03142048914568608,1.0,221.0
0.018238916224771615,0.0,222.0
0.027534669061046728,1.0,222.0
0.013442534524396444,0.0,223.0
0.021630820349055592,1.0,223.0
0.013123762241529469,0.0,224.0
0.025909818009128574,1.0,224.0
0.01189850611503009,0.0,225.0
0.0131334516642025,1.0,225.0
0.012559803745648822,0.0,226.0
0.015972298135463324,1.0,226.0
0.013703706507497606,0.0,227.0
0.017121886233252854,1.0,227.0
0.015871621195438404,0.0,228.0
0.01930455710245405,1.0,228.0
0.016263050600127036,0.0,229.0
0.0185669141409992,1.0,229.0
0.012974148049834223,0.0,230.0
0.015122197752658129,1.0,230.0
0.012585645505585481,0.0,231.0
0.015367520032759555,1.0,231.0
0.010500611368196494,0.0,232.0
0.02403122643416597,1.0,232.0
0.014216356862854978,0.0,233.0
0.032630048600984334,1.0,233.0
0.014361395254549431,0.0,234.0
0.030157968974947477,1.0,234.0
0.014257743858570876,0.0,235.0
0.0343860322076802,1.0,235.0
0.01380865031228563,0.0,236.0
0.02219106482207424,1.0,236.0
0.011519257775263362,0.0,237.0
0.022868043895624815,1.0,237.0
0.012664530240019295,0.0,238.0
0.032190326329384504,1.0,238.0
0.011683881418191641,0.0,239.0
0.040640986418044873,1.0,239.0
0.01217385039085193,0.0,240.0
0.04809977452040089,1.0,240.0
0.013797252990682265,0.0,241.0
0.045254912571467604,1.0,241.0
0.013728586799683948,0.0,242.0
0.05203779219896635,1.0,242.0
0.01602989589595329,0.0,243.0
0.04956338398117102,1.0,243.0
0.014434880890889436,0.0,244.0
0.03932658940070528,1.0,244.0
0.012158205024088277,0.0,245.0
0.044432497840111676,1.0,245.0
0.010158990460391829,0.0,246.0
0.018335741568048642,1.0,246.0
0.010457113779240421,0.0,247.0
0.01853905441114767,1.0,247.0
0.010783007926364845,0.0,248.0
0.017096939910424765,1.0,248.0
0.012242247085613871,0.0,249.0
0.017922824681456784,1.0,249.0
0.01566417125334689,0.0,250.0
0.019977251710190488,1.0,250.0
0.01175542804257532,0.0,251.0
0.017543810186852686,1.0,251.0
0.00985955324224938,0.0,252.0
0.016774759749263412,1.0,252.0
0.01110046148015429,0.0,253.0
0.01926507578226242,1.0,253.0
0.011108678792597035,0.0,254.0
0.01870290436098243,1.0,254.0
0.012187832710909589,0.0,255.0
0.018548064137561965,1.0,255.0
0.014087452795344855,0.0,256.0
0.018955269117422575,1.0,256.0
0.016688500895508027,0.0,257.0
0.026915287030386946,1.0,257.0
0.01365524182289902,0.0,258.0
0.016877373742158083,1.0,258.0
0.011827306682017038,0.0,259.0
0.01827045914498172,1.0,259.0
0.009116162020140288,0.0,260.0
0.01723429601379338,1.0,260.0
0.009974367770144292,0.0,261.0
0.021157186675675253,1.0,261.0
0.010227976145400016,0.0,262.0
0.019914027391042203,1.0,262.0
0.010224575240448936,0.0,263.0
0.037369174086984064,1.0,263.0
0.013048114696071485,0.0,264.0
0.034639743819939235,1.0,264.0
0.009975053190140611,0.0,265.0
0.039806403188048185,1.0,265.0
0.009392347908795434,0.0,266.0
0.01899323534573841,1.0,266.0
0.010964735930755328,0.0,267.0
0.014884129374864772,1.0,267.0
0.011450236925126854,0.0,268.0
0.016123908365950793,1.0,268.0
0.012083739711108663,0.0,269.0
0.01585640617189288,1.0,269.0
0.01387615769970377,0.0,270.0
0.017283258125976215,1.0,270.0
0.01835475116523662,0.0,271.0
0.020557836566233435,1.0,271.0
0.012252670845123804,0.0,272.0
0.01446015046650881,1.0,272.0
0.011411671734911966,0.0,273.0
0.014822270625021707,1.0,273.0
0.01037621417686631,0.0,274.0
0.013259822749842132,1.0,274.0
0.010435431872406052,0.0,275.0
0.013730988105149666,1.0,275.0
0.01056489357760105,0.0,276.0
0.013333007688667608,1.0,276.0
0.012779661977108952,0.0,277.0
0.01518618583269462,1.0,277.0
0.01650960453516874,0.0,278.0
0.01805251588380581,1.0,278.0
0.01384540637558803,0.0,279.0
0.015307493616037563,1.0,279.0
0.010983597309839466,0.0,280.0
0.013361139029102662,1.0,280.0
0.011968848195140222,0.0,281.0
0.0176565779000161,1.0,281.0
0.014118011167013335,0.0,282.0
0.02056728526930319,1.0,282.0
0.014970972867555424,0.0,283.0
0.021641268440628778,1.0,283.0
0.014278754086431178,0.0,284.0
0.020523780989076847,1.0,284.0
0.016549721094697278,0.0,285.0
0.020095117114213818,1.0,285.0
0.01423014802303002,0.0,286.0
0.018099861171653787,1.0,286.0
0.011199355659159981,0.0,287.0
0.016481299267875175,1.0,287.0
0.011200129693916015,0.0,288.0
0.0166668168860857,1.0,288.0
0.013121771561064427,0.0,289.0
0.01973946458024082,1.0,289.0
0.011813704102381245,0.0,290.0
0.017895913794218846,1.0,290.0
0.013798964656377592,0.0,291.0
0.020166503921434924,1.0,291.0
0.014349852073649106,0.0,292.0
0.01868205248446763,1.0,292.0
0.011465525897620406,0.0,293.0
0.016411344740248072,1.0,293.0
0.011560712194283002,0.0,294.0
0.018760646063386285,1.0,294.0
0.011560277891955715,0.0,295.0
0.03179320155907516,1.0,295.0
0.011454935198073486,0.0,296.0
0.029032483504503465,1.0,296.0
0.012001437617019474,0.0,297.0
0.02665435757431609,1.0,297.0
0.013482541527934657,0.0,298.0
0.028372891858715096,1.0,298.0
0.015719904796316155,0.0,299.0
0.024987273750503088,1.0,299.0
0.013755907462215665,0.0,300.0
0.023146906909667517,1.0,300.0
0.011125967174745668,0.0,301.0
0.023411493937157725,1.0,301.0
0.01040199640595258,0.0,302.0
0.019852077869861262,1.0,302.0
0.01022391926207055,0.0,303.0
0.019170511125430938,1.0,303.0
0.01068664639461551,0.0,304.0
0.01899288822249526,1.0,304.0
0.012685095304824357,0.0,305.0
0.01860542806979856,1.0,305.0
0.01770965824994513,0.0,306.0
0.025339881762017277,1.0,306.0
0.012451141314218992,0.0,307.0
0.020967791387705534,1.0,307.0
0.010597867120522167,0.0,308.0
0.01787710151394073,1.0,308.0
0.01215643186617642,0.0,309.0
0.01651759516342099,1.0,309.0
0.0121650023175036,0.0,310.0
0.01919643179853247,1.0,310.0
0.01203639846500863,0.0,311.0
0.019284647275867227,1.0,311.0
0.014136753419628974,0.0,312.0
0.02833668100736169,1.0,312.0
0.017563403419366876,0.0,313.0
0.027584859113409254,1.0,313.0
0.013445698950531972,0.0,314.0
0.02700026146053238,1.0,314.0
0.011343402522065931,0.0,315.0
0.019020506551776242,1.0,315.0
0.010300160834920993,0.0,316.0
0.01771487635044887,1.0,316.0
0.011298954618154361,0.0,317.0
0.01917152192045958,1.0,317.0
0.011296434904545188,0.0,318.0
0.021634534815050337,1.0,318.0
0.012577553897958919,0.0,319.0
0.02282688149530742,1.0,319.0
0.01515951822143563,0.0,320.0
0.025430268823204018,1.0,320.0
0.012776049328143748,0.0,321.0
0.021942790892837693,1.0,321.0
0.010768311872438444,0.0,322.0
0.02038597050850037,1.0,322.0
0.011456758204509991,0.0,323.0
0.012836586598361207,1.0,323.0
0.013075241996617616,0.0,324.0
0.02031981875312935,1.0,324.0
0.011883833111316014,0.0,325.0
0.023202555490211746,1.0,325.0
0.016283391101688166,0.0,326.0
0.03053128930577992,1.0,326.0
0.01892827474336932,0.0,327.0
0.030310101737428256,1.0,327.0
0.0156869780116898,0.0,328.0
0.03657222153023386,1.0,328.0
0.013240719453867919,0.0,329.0
0.037066459919161424,1.0,329.0
0.009998522154872425,0.0,330.0
0.016742553326470143,1.0,330.0
0.010678374638228717,0.0,331.0
0.020048984098908408,1.0,331.0
0.011020046653419699,0.0,332.0
0.02310284542405325,1.0,332.0
0.014030416721746944,0.0,333.0
0.04795355641085978,1.0,333.0
0.01780868623743677,0.0,334.0
0.044887002047776396,1.0,334.0
0.014048269196219536,0.0,335.0
0.03668708045518251,1.0,335.0
0.012101084725650382,0.0,336.0
0.0439995250233205,1.0,336.0
0.011882517891602242,0.0,337.0
0.027021921193105092,1.0,337.0
0.012657396623777014,0.0,338.0
0.02893079880866103,1.0,338.0
0.012254201760850174,0.0,339.0
0.03148322969325985,1.0,339.0
0.01537411117673175,0.0,340.0
0.035186932189918176,1.0,340.0
0.017336456639362317,0.0,341.0
0.03208022177713284,1.0,341.0
0.014397617905507733,0.0,342.0
0.027677359202506396,1.0,342.0
0.012972952382795921,0.0,343.0
0.02872436292422436,1.0,343.0
0.010408274748636129,0.0,344.0
0.01886014199630298,1.0,344.0
0.012076404060743083,0.0,345.0
0.02755271563458261,1.0,345.0
0.012547407817333812,0.0,346.0
0.025616791142209536,1.0,346.0
0.01612884578830582,0.0,347.0
0.04437016300652116,1.0,347.0
0.018270806963187735,0.0,348.0
0.04428812733292073,1.0,348.0
0.014669995912233941,0.0,349.0
0.04887072153755746,1.0,349.0
0.010805942516870606,0.0,350.0
0.031386195331588096,1.0,350.0
0.010135921758237491,0.0,351.0
0.013417933919387766,1.0,351.0
0.011116668224164386,0.0,352.0
0.015237111635168693,1.0,352.0
0.010942122100846954,0.0,353.0
0.015804177309485,1.0,353.0
0.012584562915544807,0.0,354.0
0.016608159198913057,1.0,354.0
0.014744587908508718,0.0,355.0
0.017083966720239364,1.0,355.0
0.011837373996984622,0.0,356.0
0.01454585661016399,1.0,356.0
0.01060060260492871,0.0,357.0
0.014874220212054874,1.0,357.0
0.010863344242542108,0.0,358.0
0.013665716241029482,1.0,358.0
0.013638903723946475,0.0,359.0
0.02060723168973346,1.0,359.0
0.01432668285915963,0.0,360.0
0.021933986587218474,1.0,360.0
0.01637849323713747,0.0,361.0
0.024635493090003784,1.0,361.0
0.014513644213497415,0.0,362.0
0.019702538907224128,1.0,362.0
0.0124103996040298,0.0,363.0
0.017323324483535525,1.0,363.0
0.011758104588827164,0.0,364.0
0.018083518541728853,1.0,364.0
0.011225381503265935,0.0,365.0
0.020428014950426177,1.0,365.0
0.014693278566635043,0.0,366.0
0.0196761028374836,1.0,366.0
0.014089321044297679,0.0,367.0
0.01876883156716149,1.0,367.0
0.014612392402410437,0.0,368.0
0.01877648721666144,1.0,368.0
0.015471843323076363,0.0,369.0
0.022743813799990697,1.0,369.0
0.012188522147591203,0.0,370.0
0.026472936571679182,1.0,370.0
0.011415560309894742,0.0,371.0
0.01676338085895774,1.0,371.0
0.010669115790240958,0.0,372.0
0.01979297833899473,1.0,372.0
0.010717027283596582,0.0,373.0
0.022241594225421112,1.0,373.0
0.011092084473126445,0.0,374.0
0.023628965938317797,1.0,374.0
0.011602411265605258,0.0,375.0
0.02702084356904233,1.0,375.0
0.01590033893571089,0.0,376.0
0.023146999849636845,1.0,376.0
0.01296732856839954,0.0,377.0
0.01825134463813987,1.0,377.0
0.009486013663418155,0.0,378.0
0.01954239599366104,1.0,378.0
0.010340569567093503,0.0,379.0
0.031584332117301134,1.0,379.0
0.011382448356533782,0.0,380.0
0.025956277809575774,1.0,380.0
0.012503455217570495,0.0,381.0
0.022431565745760735,1.0,381.0
0.013250578409189437,0.0,382.0
0.03535931776780774,1.0,382.0
0.016064271361293975,0.0,383.0
0.029553843198203582,1.0,383.0
0.011667605968991296,0.0,384.0
0.02694570416067454,1.0,384.0
0.010353885017303603,0.0,385.0
0.030685496193645946,1.0,385.0
0.013143538031063398,0.0,386.0
0.020638456593337733,1.0,386.0
0.01357015190224329,0.0,387.0
0.022007161996631216,1.0,387.0
0.015024279818036439,0.0,388.0
0.024781613755221664,1.0,388.0
0.016315033909628296,0.0,389.0
0.023394053736162504,1.0,389.0
0.018266417956057164,0.0,390.0
0.029491887839637704,1.0,390.0
0.015131288994680856,0.0,391.0
0.01989913504137323,1.0,391.0
0.013167378209767294,0.0,392.0
0.021720358482597162,1.0,392.0
0.011267112432427577,0.0,393.0
0.02969989402908563,1.0,393.0
0.015455692545068877,0.0,394.0
0.03388515790511269,1.0,394.0
0.01592222171169967,0.0,395.0
0.031095443229996012,1.0,395.0
0.017015426283234908,0.0,396.0
0.030685037663824105,1.0,396.0
0.01491837141342891,0.0,397.0
0.023347720507488557,1.0,397.0
0.012703414713179989,0.0,398.0
0.02358369882301421,1.0,398.0
0.015830846875870993,0.0,399.0
0.031823095159889195,1.0,399.0
0.010778350447102498,0.0,400.0
0.011834351837504307,1.0,400.0
0.011441990052647165,0.0,401.0
0.014242780174506982,1.0,401.0
0.012791960498048899,0.0,402.0
0.015627545115679414,1.0,402.0
0.012818167425825137,0.0,403.0
0.01584833840575279,1.0,403.0
0.014648679396824878,0.0,404.0
0.01663803342335332,1.0,404.0
0.01173241070868196,0.0,405.0
0.01365692232565043,1.0,405.0
0.010844071726495801,0.0,406.0
0.013440843490013295,1.0,406.0
0.010365495270346416,0.0,407.0
0.01548985589509481,1.0,407.0
0.011203267509868229,0.0,408.0
0.016787488724539282,1.0,408.0
0.012299768312291817,0.0,409.0
0.017796763224179616,1.0,409.0
0.01242330331024806,0.0,410.0
0.017453308377273963,1.0,410.0
0.01688857910430751,0.0,411.0
0.02030277875992319,1.0,411.0
0.01275337526465859,0.0,412.0
0.01697336293816475,1.0,412.0
0.010366766058715938,0.0,413.0
0.018795644952006314,1.0,413.0
0.010626712856201799,0.0,414.0
0.02693604258700253,1.0,414.0
0.010913939772321945,0.0,415.0
0.020730580212256197,1.0,415.0
0.011821307248079822,0.0,416.0
0.021175466974614213,1.0,416.0
0.012070423411950793,0.0,417.0
0.020646558140886572,1.0,417.0
0.014199936737676926,0.0,418.0
0.02089479313788157,1.0,418.0
0.013472294525503675,0.0,419.0
0.02112353955823214,1.0,419.0
0.010800275308959386,0.0,420.0
0.01770279054638961,1.0,420.0
0.010655166201626572,0.0,421.0
0.01701406131364264,1.0,421.0
0.010710005157982922,0.0,422.0
0.01909238695017688,1.0,422.0
0.01104262136614882,0.0,423.0
0.019916664067479082,1.0,423.0
0.012154720640468498,0.0,424.0
0.01816956730055931,1.0,424.0
0.015238979976913505,0.0,425.0
0.02247997347083548,1.0,425.0
0.011885657562626608,0.0,426.0
0.021207023996781,1.0,426.0
0.011462312168621869,0.0,427.0
0.017781050153364366,1.0,427.0
0.011158037296820805,0.0,428.0
0.02939150570297968,1.0,428.0
0.013334037736716105,0.0,429.0
0.03609283123997386,1.0,429.0
0.012873669101269681,0.0,430.0
0.033744334757694984,1.0,430.0
0.017830341058435173,0.0,431.0
0.03298759656548847,1.0,431.0
0.017568318367704668,0.0,432.0
0.0342270650762416,1.0,432.0
0.014082958204889673,0.0,433.0
0.031048680029598843,1.0,433.0
0.012582426602776507,0.0,434.0
0.028765411549346146,1.0,434.0
0.012329489747361082,0.0,435.0
0.018161444398573496,1.0,435.0
0.013382227363594656,0.0,436.0
0.02023549495368372,1.0,436.0
0.014098069428406145,0.0,437.0
0.02083622883645082,1.0,437.0
0.01489299651025222,0.0,438.0
0.020086454722443164,1.0,438.0
0.018711171966632155,0.0,439.0
0.023584248729901655,1.0,439.0
0.011524953050721909,0.0,440.0
0.01762241469411947,1.0,440.0
0.0117837327951573,0.0,441.0
0.019739280877283823,1.0,441.0
0.010253864092957744,0.0,442.0
0.01582465277231479,1.0,442.0
0.010808676181290403,0.0,443.0
0.019344807332340154,1.0,443.0
0.011657357418707806,0.0,444.0
0.02105593695164634,1.0,444.0
0.013768371287483407,0.0,445.0
0.02096282516174463,1.0,445.0
0.016872167190600734,0.0,446.0
0.022212639016735525,1.0,446.0
0.012718475623206613,0.0,447.0
0.015898966007463444,1.0,447.0
0.010566694556224226,0.0,448.0
0.015114844978762622,1.0,448.0
0.01157428210805781,0.0,449.0
0.020056137039840737,1.0,449.0
0.012069384658828074,0.0,450.0
0.02134452280261147,1.0,450.0
0.011629107027177303,0.0,451.0
0.02141607861043321,1.0,451.0
0.013573973617602618,0.0,452.0
0.02052695041713935,1.0,452.0
0.016554051079234723,0.0,453.0
0.023402296429189288,1.0,453.0
0.013489557623645832,0.0,454.0
0.01965009239022981,1.0,454.0
0.012573322003466808,0.0,455.0
0.025162293820656108,1.0,455.0
0.009285605544651878,0.0,456.0
0.027484524367102758,1.0,456.0
0.01047836167812697,0.0,457.0
0.02412448574979984,1.0,457.0
0.01114065437583842,0.0,458.0
0.024854117856559624,1.0,458.0
0.011421598509566757,0.0,459.0
0.027276260156452632,1.0,459.0
0.014833341499783262,0.0,460.0
0.027413935018025422,1.0,460.0
0.011249140323519247,0.0,461.0
0.02624332616162127,1.0,461.0
0.011225184938827749,0.0,462.0
0.029551044110973323,1.0,462.0
0.012269076023692463,0.0,463.0
0.020496048201408105,1.0,463.0
0.01224209126082091,0.0,464.0
0.0174600001265006,1.0,464.0
0.012895055234839631,0.0,465.0
0.02149062309237986,1.0,465.0
0.01295785070727248,0.0,466.0
0.02107360031850221,1.0,466.0
0.016245531538154646,0.0,467.0
0.023070021528072606,1.0,467.0
0.01350537636420742,0.0,468.0
0.018527346662764392,1.0,468.0
0.011255222099816565,0.0,469.0
0.020108666106849648,1.0,469.0
0.011808675666853964,0.0,470.0
0.017282703538131786,1.0,470.0
0.01391502387353389,0.0,471.0
0.021086750194127625,1.0,471.0
0.01246187837201104,0.0,472.0
0.019556952187762,1.0,472.0
0.012849569100920905,0.0,473.0
0.018798821170845467,1.0,473.0
0.016568468449036675,0.0,474.0
0.019709970250444717,1.0,474.0
0.0126584173358753,0.0,475.0
0.016779261087882504,1.0,475.0
0.011432894990816843,0.0,476.0
0.019938503531111054,1.0,476.0
0.011935287642535125,0.0,477.0
0.01488170332598423,1.0,477.0
0.016305003059771835,0.0,478.0
0.021309979316186216,1.0,478.0
0.016452297224607247,0.0,479.0
0.023316578752284746,1.0,479.0
0.015268312939676633,0.0,480.0
0.03231327744089478,1.0,480.0
0.016612938106805013,0.0,481.0
0.029848665981902493,1.0,481.0
0.012057998832701736,0.0,482.0
0.03740331034036778,1.0,482.0
0.013139982129940631,0.0,483.0
0.04674742727255491,1.0,483.0
0.010694231865679374,0.0,484.0
0.014180184191772655,1.0,484.0
0.0110056376333521,0.0,485.0
0.015738395388797625,1.0,485.0
0.011709721363709808,0.0,486.0
0.01677057455374953,1.0,486.0
0.015330671608783056,0.0,487.0
0.01961929591676417,1.0,487.0
0.01713535845326422,0.0,488.0
0.019116447232093343,1.0,488.0
0.01389386103097338,0.0,489.0
0.018712217430112713,1.0,489.0
0.012119514488508145,0.0,490.0
0.018617664727251054,1.0,490.0
0.011565257954909872,0.0,491.0
0.02048833932639058,1.0,491.0
0.012011289970792694,0.0,492.0
0.02052339918890325,1.0,492.0
0.012371813395013174,0.0,493.0
0.02382125481451824,1.0,493.0
0.014703127263641542,0.0,494.0
0.02213315584468695,1.0,494.0
0.01911214433990603,0.0,495.0
0.03226859571251837,1.0,495.0
0.01328468664346705,0.0,496.0
0.018412070277406975,1.0,496.0
0.011211366630063982,0.0,497.0
0.020452481220691737,1.0,497.0
0.01082171010008428,0.0,498.0
0.02999088884379108,1.0,498.0
0.012267087303298018,0.0,499.0
0.03394498993075935,1.0,499.0
0.013097829610445673,0.0,500.0
0.04311407918481594,1.0,500.0
0.014374168191481972,0.0,501.0
0.03874769595263301,1.0,501.0
0.01615985200326478,0.0,502.0
0.028455488835231364,1.0,502.0
0.015005754582199328,0.0,503.0
0.029684740114550023,1.0,503.0
0.011810470449432602,0.0,504.0
0.029072160512598755,1.0,504.0
0.012420535689033221,0.0,505.0
0.017098024522626248,1.0,505.0
0.014033702058809045,0.0,506.0
0.022556207951730054,1.0,506.0
0.014696816804653758,0.0,507.0
0.0237034562349969,1.0,507.0
0.014588524384264043,0.0,508.0
0.022296178535937412,1.0,508.0
0.014956606351984487,0.0,509.0
0.02005549253547736,1.0,509.0
0.012658041693577527,0.0,510.0
0.017566023474588004,1.0,510.0
0.012200109826159877,0.0,511.0
0.01792481675066568,1.0,511.0
0.010413326347204094,0.0,512.0
0.01765401935911013,1.0,512.0
0.011141431572036292,0.0,513.0
0.01881156587912035,1.0,513.0
0.011757479263208864,0.0,514.0
0.01968961276831,1.0,514.0
0.012048545041989626,0.0,515.0
0.01721398980131806,1.0,515.0
0.013267088889328484,0.0,516.0
0.018006327377359556,1.0,516.0
0.011288553887224903,0.0,517.0
0.016559442757378307,1.0,517.0
0.009949733760454223,0.0,518.0
0.01805454678990679,1.0,518.0
0.01098489801864574,0.0,519.0
0.02344319612942662,1.0,519.0
0.011954972627844012,0.0,520.0
0.023832884475260725,1.0,520.0
0.011396793600042218,0.0,521.0
0.021797333956045804,1.0,521.0
0.01412487070419718,0.0,522.0
0.02328654269996362,1.0,522.0
0.0154341294056302,0.0,523.0
0.023048826080888284,1.0,523.0
0.011901310739467796,0.0,524.0
0.022659004635261923,1.0,524.0
0.0108038926211522,0.0,525.0
0.022720952240124114,1.0,525.0
0.01142973271186367,0.0,526.0
0.019294069875513617,1.0,526.0
0.011815657307159834,0.0,527.0
0.018204157647511886,1.0,527.0
0.01183139884841586,0.0,528.0
0.018814265664217893,1.0,528.0
0.015209467858257896,0.0,529.0
0.027158882744292664,1.0,529.0
0.016891449859815964,0.0,530.0
0.025996258913385563,1.0,530.0
0.013158016435477496,0.0,531.0
0.01879539455890283,1.0,531.0
0.010957054826919378,0.0,532.0
0.0182568928065168,1.0,532.0
0.011172080186262347,0.0,533.0
0.02018393093215275,1.0,533.0
0.011853548554535095,0.0,534.0
0.023382707525111512,1.0,534.0
0.013332446436690204,0.0,535.0
0.023890408461014683,1.0,535.0
0.014658885330990752,0.0,536.0
0.039416620383247405,1.0,536.0
0.015344639466436173,0.0,537.0
0.03656294730313008,1.0,537.0
0.012010920244800202,0.0,538.0
0.04332785509611175,1.0,538.0
0.010850992879935998,0.0,539.0
0.02164378593718064,1.0,539.0
0.01338619687981296,0.0,540.0
0.03759853953659192,1.0,540.0
0.014020065405200283,0.0,541.0
0.03836153424816948,1.0,541.0
0.014434402747699176,0.0,542.0
0.039326395569170614,1.0,542.0
0.017913738852893605,0.0,543.0
0.03837185473353109,1.0,543.0
0.01928174356296117,0.0,544.0
0.03933365713125763,1.0,544.0
0.016499237140371353,0.0,545.0
0.037496776941435835,1.0,545.0
0.018017735936564246,0.0,546.0
0.03695732196975453,1.0,546.0
0.011282271483789363,0.0,547.0
0.02348168104713489,1.0,547.0
0.011615878533048383,0.0,548.0
0.02565627570765973,1.0,548.0
0.010883029948158415,0.0,549.0
0.02524193583962839,1.0,549.0
0.014662169087891875,0.0,550.0
0.02624217293304487,1.0,550.0
0.01630334773644319,0.0,551.0
0.02520448069217729,1.0,551.0
0.013944399159136894,0.0,552.0
0.026327507015030442,1.0,552.0
0.01182281412516955,0.0,553.0
0.0337341301056521,1.0,553.0
0.00998229305544469,0.0,554.0
0.01950897237841843,1.0,554.0
0.010948264941987357,0.0,555.0
0.01942123402774303,1.0,555.0
0.011623540778580178,0.0,556.0
0.02203834594984891,1.0,556.0
0.012504468130847227,0.0,557.0
0.01964526382920505,1.0,557.0
0.01695694083557303,0.0,558.0
0.02318864249923425,1.0,558.0
0.011356192451528618,0.0,559.0
0.018963481395065433,1.0,559.0
0.010285360388219573,0.0,560.0
0.019694125025284576,1.0,560.0
0.010388602831351802,0.0,561.0
0.0166614176053591,1.0,561.0
0.010894743853618875,0.0,562.0
0.020375151032588024,1.0,562.0
0.01152058992254712,0.0,563.0
0.023283185014512205,1.0,563.0
0.013907633612215642,0.0,564.0
0.024326498396069197,1.0,564.0
0.016953522945543618,0.0,565.0
0.020800070675245173,1.0,565.0
0.013409429508868892,0.0,566.0
0.017939828224947885,1.0,566.0
0.011354790104504525,0.0,567.0
0.021693236517682707,1.0,567.0
0.010767258924979182,0.0,568.0
0.021167925818894196,1.0,568.0
0.01004328052465118,0.0,569.0
0.01987157298939014,1.0,569.0
0.00958221462152073,0.0,570.0
0.018053302884690824,1.0,570.0
0.01160430506552386,0.0,571.0
0.019537231120643685,1.0,571.0
0.014882822233874564,0.0,572.0
0.01932115848700387,1.0,572.0
0.013456661864295042,0.0,573.0
0.017863661884019732,1.0,573.0
0.01080484500555462,0.0,574.0
0.016775978420055664,1.0,574.0
0.012515661636007595,0.0,575.0
0.016277858131397274,1.0,575.0
0.013100275537336012,0.0,576.0
0.01791927333368387,1.0,576.0
0.013893888117599682,0.0,577.0
0.019471465030439294,1.0,577.0
0.01435509214134545,0.0,578.0
0.018537583651741046,1.0,578.0
0.017126958686346436,0.0,579.0
0.019136578151806714,1.0,579.0
0.014470311113056931,0.0,580.0
0.016717982165684087,1.0,580.0
0.013679082674374529,0.0,581.0
0.017148732559104506,1.0,581.0
0.01138851374790537,0.0,582.0
0.020808990295125385,1.0,582.0
0.013613444830031978,0.0,583.0
0.028044730922089103,1.0,583.0
0.012626905220388474,0.0,584.0
0.02255515543156867,1.0,584.0
0.013593336695504573,0.0,585.0
0.02450740421911514,1.0,585.0
0.017936213230172256,0.0,586.0
0.02357323011353118,1.0,586.0
0.014492427227588003,0.0,587.0
0.021039373400884576,1.0,587.0
0.011621952568349586,0.0,588.0
0.022988863058993142,1.0,588.0
0.01018442894509617,0.0,589.0
0.015027293863344756,1.0,589.0
0.011029194751057259,0.0,590.0
0.014673634829809537,1.0,590.0
0.011873925739215647,0.0,591.0
0.01482930591517056,1.0,591.0
0.01402103137501147,0.0,592.0
0.016888112823569675,1.0,592.0
0.016281814778733982,0.0,593.0
0.020201675338766288,1.0,593.0
0.01306624553680066,0.0,594.0
0.01653824726385529,1.0,594.0
0.010481392476747432,0.0,595.0
0.013499822831411872,1.0,595.0
0.011516710597129975,0.0,596.0
0.02360547514439966,1.0,596.0
0.011797795924313173,0.0,597.0
0.024476267808161204,1.0,597.0
0.012194899336560792,0.0,598.0
0.027683523810914056,1.0,598.0
0.014556104025047662,0.0,599.0
0.02434521251063695,1.0,599.0
0.014589782555952667,0.0,600.0
0.030207795497101578,1.0,600.0
0.013359787477907548,0.0,601.0
0.02289016263964694,1.0,601.0
0.010549248709363352,0.0,602.0
0.023979249405413815,1.0,602.0
0.011616755835585508,0.0,603.0
0.02158239286178799,1.0,603.0
0.011888629444902227,0.0,604.0
0.021998088179144837,1.0,604.0
0.012866485755674933,0.0,605.0
0.022496641101473452,1.0,605.0
0.01524955029578213,0.0,606.0
0.022126231870381843,1.0,606.0
0.016297033133779577,0.0,607.0
0.020814296535007343,1.0,607.0
0.013677803493259448,0.0,608.0
0.019872245657315137,1.0,608.0
0.011924601698858674,0.0,609.0
0.020033199719037532,1.0,609.0
0.010081181632669033,0.0,610.0
0.021162624672111344,1.0,610.0
0.012272402105731921,0.0,611.0
0.028886702623023428,1.0,611.0
0.012111589027394771,0.0,612.0
0.02423831710929548,1.0,612.0
0.012860091727755527,0.0,613.0
0.026452586103997065,1.0,613.0
0.013560882466255647,0.0,614.0
0.02005165033194021,1.0,614.0
0.011121384404913906,0.0,615.0
0.019109270437164375,1.0,615.0
0.01037278505178224,0.0,616.0
0.023532426699422824,1.0,616.0
0.011683934538826143,0.0,617.0
0.027809915284155717,1.0,617.0
0.01423305341771665,0.0,618.0
0.030869542404784595,1.0,618.0
0.013062520388108486,0.0,619.0
0.028886038083129874,1.0,619.0
0.01604219436805967,0.0,620.0
0.02988671565377698,1.0,620.0
0.016113536504506656,0.0,621.0
0.03088960991164457,1.0,621.0
0.012907881442475011,0.0,622.0
0.02675026929493481,1.0,622.0
0.012126961297892962,0.0,623.0
0.028590557988346522,1.0,623.0
0.01090706452516321,0.0,624.0
0.024113501744609005,1.0,624.0
0.012092962570273128,0.0,625.0
0.03814291947922423,1.0,625.0
0.0127144248549559,0.0,626.0
0.03840799014262115,1.0,626.0
0.014842468418919764,0.0,627.0
0.04118992321278748,1.0,627.0
0.017106731278969868,0.0,628.0
0.03900467664254727,1.0,628.0
0.012532322191420989,0.0,629.0
0.035376920114743124,1.0,629.0
0.010450614834225307,0.0,630.0
0.04384355139982824,1.0,630.0
0.010488977968862218,0.0,631.0
0.021959267388391795,1.0,631.0
0.010702218160948625,0.0,632.0
0.02818988512701344,1.0,632.0
0.011979563828413645,0.0,633.0
0.033163861179715544,1.0,633.0
0.013160271683978285,0.0,634.0
0.032531957114979415,1.0,634.0
0.016508132035189256,0.0,635.0
0.024828021702180562,1.0,635.0
0.012622443461142318,0.0,636.0
0.02105302576427938,1.0,636.0
0.010233189231374097,0.0,637.0
0.02417172679414506,1.0,637.0
0.011931161155317851,0.0,638.0
0.017568649725554837,1.0,638.0
0.013649768534858756,0.0,639.0
0.021004747902926734,1.0,639.0
0.013103282214527268,0.0,640.0
0.0210704407709142,1.0,640.0
0.014495109729751281,0.0,641.0
0.020945096908047946,1.0,641.0
0.015079602066746387,0.0,642.0
0.01986520256518916,1.0,642.0
0.013354225443893922,0.0,643.0
0.017129586649223674,1.0,643.0
0.012938891614635467,0.0,644.0
0.018818707795522815,1.0,644.0
0.011398404743024178,0.0,645.0
0.02007586779286645,1.0,645.0
0.011967058244708994,0.0,646.0
0.019921624731638006,1.0,646.0
0.01166160018250252,0.0,647.0
0.022627876080424946,1.0,647.0
0.013143109323917327,0.0,648.0
0.022082592558776582,1.0,648.0
0.016390562324051415,0.0,649.0
0.02060265427096812,1.0,649.0
0.010795242835951863,0.0,650.0
0.018546218248238825,1.0,650.0
0.010778760739908166,0.0,651.0
0.01842151035579068,1.0,651.0
0.011068315681294955,0.0,652.0
0.016071500678173624,1.0,652.0
0.012512792726672384,0.0,653.0
0.017151044964442554,1.0,653.0
0.013702265836651614,0.0,654.0
0.019211808525423257,1.0,654.0
0.014742664225506583,0.0,655.0
0.01800291023412914,1.0,655.0
0.018193623471774625,0.0,656.0
0.02078865990858958,1.0,656.0
0.011505603970715355,0.0,657.0
0.014684182641582494,1.0,657.0
0.012549368749626137,0.0,658.0
0.016365675575374064,1.0,658.0
0.008750607665365862,0.0,659.0
0.01510533218201369,1.0,659.0
0.010918023148279134,0.0,660.0
0.01678583988259017,1.0,660.0
0.010519994880452903,0.0,661.0
0.017168223212530264,1.0,661.0
0.012403692461952191,0.0,662.0
0.018088071234106863,1.0,662.0
0.016804912937143937,0.0,663.0
0.020033778237603102,1.0,663.0
0.01136325735243004,0.0,664.0
0.015233453741764737,1.0,664.0
0.010699777708791288,0.0,665.0
0.015910277704067353,1.0,665.0
0.012910270112799856,0.0,666.0
0.017264012331724154,1.0,666.0
0.01783209830321238,0.0,667.0
0.024414807261503604,1.0,667.0
0.017839058882066876,0.0,668.0
0.02383992307774839,1.0,668.0
0.01622681880495339,0.0,669.0
0.02220465267554705,1.0,669.0
0.014047972468858938,0.0,670.0
0.0170147721017679,1.0,670.0
0.012447956506015358,0.0,671.0
0.0161700184051142,1.0,671.0
0.017519554038150677,0.0,672.0
0.022663632317447755,1.0,672.0
0.010321658594725098,0.0,673.0
0.018875819964388245,1.0,673.0
0.012524071861246811,0.0,674.0
0.02120272949038768,1.0,674.0
0.011284616567622167,0.0,675.0
0.021276914229153263,1.0,675.0
0.015040154630704773,0.0,676.0
0.023380517223807365,1.0,676.0
0.019183438421705983,0.0,677.0
0.02414721075725424,1.0,677.0
0.0131687074787214,0.0,678.0
0.01845295344189783,1.0,678.0
0.01164071707394432,0.0,679.0
0.02005412165375081,1.0,679.0
0.01221483806389273,0.0,680.0
0.0161340364197708,1.0,680.0
0.013786648087451206,0.0,681.0
0.020250843122599307,1.0,681.0
0.015494671129104298,0.0,682.0
0.020843911246942737,1.0,682.0
0.018747555316693414,0.0,683.0
0.024232515806904976,1.0,683.0
0.019113121847054375,0.0,684.0
0.023754476195232622,1.0,684.0
0.014415067448019106,0.0,685.0
0.018318653734971962,1.0,685.0
0.0137655356258937,0.0,686.0
0.02016022553690282,1.0,686.0
0.010565313138526591,0.0,687.0
0.027170633531597647,1.0,687.0
0.011827589603481932,0.0,688.0
0.03579825520832442,1.0,688.0
0.012420902868349121,0.0,689.0
0.04179666374889252,1.0,689.0
0.014349947384428378,0.0,690.0
0.03898159268738814,1.0,690.0
0.01917920727514644,0.0,691.0
0.03112819646334713,1.0,691.0
0.014137291722054994,0.0,692.0
0.02802105634518732,1.0,692.0
0.010602077273853736,0.0,693.0
0.0290558541184636,1.0,693.0
0.010886812618602831,0.0,694.0
0.01698195116241069,1.0,694.0
0.010799071164585726,0.0,695.0
0.01862128592903192,1.0,695.0
0.011303674136586112,0.0,696.0
0.020541575510564493,1.0,696.0
0.011568648329947629,0.0,697.0
0.017526399584547277,1.0,697.0
0.014651718471097364,0.0,698.0
0.023215292896182606,1.0,698.0
0.01026497865937508,0.0,699.0
0.022153076964483803,1.0,699.0
0.009381164974490187,0.0,700.0
0.016768023782706937,1.0,700.0
0.010732925090262075,0.0,701.0
0.021913674048203435,1.0,701.0
0.011946582356073217,0.0,702.0
0.025409717716005562,1.0,702.0
0.012276047269375923,0.0,703.0
0.024006311003602395,1.0,703.0
0.01489658903294446,0.0,704.0
0.02552620594776977,1.0,704.0
0.016837385238811477,0.0,705.0
0.024568559842000834,1.0,705.0
0.013458809808758972,0.0,706.0
0.021659338824758977,1.0,706.0
0.01193961480918151,0.0,707.0
0.023813843925590737,1.0,707.0
0.010419911854094934,0.0,708.0
0.024106989294722436,1.0,708.0
0.011043458375694796,0.0,709.0
0.03266381533327808,1.0,709.0
0.011747895649000199,0.0,710.0
0.02737250012982941,1.0,710.0
0.014379795460224568,0.0,711.0
0.026565564456931187,1.0,711.0
0.016365000153913862,0.0,712.0
0.028854815165030842,1.0,712.0
0.013475104191970734,0.0,713.0
0.02755026400074193,1.0,713.0
0.01143076925076931,0.0,714.0
0.02539707265569171,1.0,714.0
0.013857218157226472,0.0,715.0
0.02016143928017534,1.0,715.0
0.01562795019263048,0.0,716.0
0.02947248486970338,1.0,716.0
0.015833002573858983,0.0,717.0
0.026035901179838797,1.0,717.0
0.01876347076293306,0.0,718.0
0.024914635376686884,1.0,718.0
0.019914259747151344,0.0,719.0
0.024343697219087194,1.0,719.0
0.013660168861703582,0.0,720.0
0.017951602154751778,1.0,720.0
0.016054297317470143,0.0,721.0
0.024662556487877803,1.0,721.0
0.010493563803703157,0.0,722.0
0.010963518560192297,1.0,722.0
0.011419346227838918,0.0,723.0
0.014035453178794588,1.0,723.0
0.011089761324916507,0.0,724.0
0.015276675606358257,1.0,724.0
0.014668435657090993,0.0,725.0
0.01960069010287273,1.0,725.0
0.018126770690223986,0.0,726.0
0.021829714067702816,1.0,726.0
0.014615832979025137,0.0,727.0
0.021783880197640246,1.0,727.0
0.012687963107485732,0.0,728.0
0.020816739827633653,1.0,728.0
0.010671143392716758,0.0,729.0
0.052162317286283205,1.0,729.0
0.012899590326036497,0.0,730.0
0.056243993187786404,1.0,730.0
0.011452458302766968,0.0,731.0
0.05877623613497752,1.0,731.0
0.012933970152485442,0.0,732.0
0.07144376896903488,1.0,732.0
0.017502948153634346,0.0,733.0
0.06182693836811074,1.0,733.0
0.011988066714535324,0.0,734.0
0.06397449975202518,1.0,734.0
0.010583477201480463,0.0,735.0
0.051534443850045165,1.0,735.0
0.009553992452033063,0.0,736.0
0.02019681476141766,1.0,736.0
0.010598198667639615,0.0,737.0
0.021896990577485082,1.0,737.0
0.011835661465501761,0.0,738.0
0.022818348672389684,1.0,738.0
0.012508166727671867,0.0,739.0
0.021933625621085636,1.0,739.0
0.016031677049163133,0.0,740.0
0.023571880118274706,1.0,740.0
0.01182267020929327,0.0,741.0
0.021774079279867242,1.0,741.0
0.009372982499276568,0.0,742.0
0.02018908673927672,1.0,742.0
0.010708899523064752,0.0,743.0
0.019275981460390095,1.0,743.0
0.011228464455311,0.0,744.0
0.016924488422963964,1.0,744.0
0.012193721769309957,0.0,745.0
0.021179533881162237,1.0,745.0
0.01389706386903958,0.0,746.0
0.02235577168224182,1.0,746.0
0.019207141921346902,0.0,747.0
0.026290277527084297,1.0,747.0
0.011737325517671144,0.0,748.0
0.016913292742482287,1.0,748.0
0.010061506335608364,0.0,749.0
0.020082238415010473,1.0,749.0
0.010693817693632264,0.0,750.0
0.021474628955939386,1.0,750.0
0.012537283718740005,0.0,751.0
0.029464180863437717,1.0,751.0
0.013803992024551804,0.0,752.0
0.030308641898579174,1.0,752.0
0.017968442603381107,0.0,753.0
0.03675427285357247,1.0,753.0
0.018797954400189876,0.0,754.0
0.033101129197900356,1.0,754.0
0.014886657871380934,0.0,755.0
0.03707566711739438,1.0,755.0
0.01358591092683645,0.0,756.0
0.03252644598505355,1.0,756.0
0.011596292937612258,0.0,757.0
0.021572367570940693,1.0,757.0
0.011987290518164079,0.0,758.0
0.02590207911506732,1.0,758.0
0.013815066722724907,0.0,759.0
0.02605579306737176,1.0,759.0
0.015678480041566956,0.0,760.0
0.026228990554775147,1.0,760.0
0.01904320084440092,0.0,761.0
0.025439203411009557,1.0,761.0
0.015191327419047978,0.0,762.0
0.01992229884463476,1.0,762.0
0.012488378491695968,0.0,763.0
0.02569418636896506,1.0,763.0
0.010289862996276147,0.0,764.0
0.014434801571238698,1.0,764.0
0.010315783579657255,0.0,765.0
0.012463756116734104,1.0,765.0
0.011602475373347267,0.0,766.0
0.01345670589949227,1.0,766.0
0.013192261317807865,0.0,767.0
0.01476261260463299,1.0,767.0
0.015534613705299578,0.0,768.0
0.018782041799125543,1.0,768.0
0.011478176205510374,0.0,769.0
0.01793855789518787,1.0,769.0
0.010979200548556379,0.0,770.0
0.013274741489543633,1.0,770.0
0.011832699548632317,0.0,771.0
0.01965825883449655,1.0,771.0
0.012616012686810674,0.0,772.0
0.02436992257431745,1.0,772.0
0.012480059317258017,0.0,773.0
0.023572591538591557,1.0,773.0
0.015159276372031244,0.0,774.0
0.02505463702565366,1.0,774.0
0.015510058687976433,0.0,775.0
0.021638971742830755,1.0,775.0
0.012814910721025531,0.0,776.0
0.01935584547234351,1.0,776.0
0.011087470902379964,0.0,777.0
0.021691858844848613,1.0,777.0
0.009959504975102507,0.0,778.0
0.021887073052444958,1.0,778.0
0.012032381267357598,0.0,779.0
0.03853992561939792,1.0,779.0
0.011539534182249553,0.0,780.0
0.03383382032394943,1.0,780.0
0.013455975196909305,0.0,781.0
0.03843876748621741,1.0,781.0
0.015863080367737443,0.0,782.0
0.03260100623221616,1.0,782.0
0.01081633186316642,0.0,783.0
0.03186168436729516,1.0,783.0
0.010441834810996779,0.0,784.0
0.028851728398161292,1.0,784.0
0.010263440438365275,0.0,785.0
0.029979101915808395,1.0,785.0
0.011344694353774568,0.0,786.0
0.050912952898974885,1.0,786.0
0.012465320529244527,0.0,787.0
0.048036927962506484,1.0,787.0
0.012576654820210921,0.0,788.0
0.06392855371919995,1.0,788.0
0.01675011188471416,0.0,789.0
0.05567412852310145,1.0,789.0
0.012619825502560706,0.0,790.0
0.047968440454195016,1.0,790.0
0.010924232876782604,0.0,791.0
0.07164493518974564,1.0,791.0
0.010288936349641729,0.0,792.0
0.012618030486739627,1.0,792.0
0.011163075934980327,0.0,793.0
0.018313081746996022,1.0,793.0
0.0110245286983007,0.0,794.0
0.015704171736086858,1.0,794.0
0.011885964764195444,0.0,795.0
0.022191981521385854,1.0,795.0
0.01821819282706915,0.0,796.0
0.0279583739175416,1.0,796.0
0.011448019899013435,0.0,797.0
0.024789899042900528,1.0,797.0
0.009827474769613103,0.0,798.0
0.017468338695719444,1.0,798.0
0.012048909633826316,0.0,799.0
0.028521727778987156,1.0,799.0
0.013490203190871176,0.0,800.0
0.030844970425371623,1.0,800.0
0.013401141447139048,0.0,801.0
0.030706772828607547,1.0,801.0
0.018186641205398014,0.0,802.0
0.030677819802821114,1.0,802.0
0.020328989264629893,0.0,803.0
0.03201185940382754,1.0,803.0
0.014384525626124503,0.0,804.0
0.03027136802326724,1.0,804.0
0.01326321153776947,0.0,805.0
0.03229759699311344,1.0,805.0
0.013329306947832817,0.0,806.0
0.017628683469017067,1.0,806.0
0.012995691686705772,0.0,807.0
0.01568462547244615,1.0,807.0
0.013296073196667674,0.0,808.0
0.016619416591213437,1.0,808.0
0.01624135495350164,0.0,809.0
0.01925254994099953,1.0,809.0
0.019948753941936695,0.0,810.0
0.02241205565069722,1.0,810.0
0.015318304530535447,0.0,811.0
0.01787584663850839,1.0,811.0
0.013232384952744848,0.0,812.0
0.015998744389113456,1.0,812.0
0.010410950540443607,0.0,813.0
0.02696816440435542,1.0,813.0
0.012394402511901931,0.0,814.0
0.022443924201990942,1.0,814.0
0.012842326552486363,0.0,815.0
0.032826624279964606,1.0,815.0
0.013451014379734593,0.0,816.0
0.03309034261869164,1.0,816.0
0.016880305691600234,0.0,817.0
0.032878377084729446,1.0,817.0
0.01251264353758223,0.0,818.0
0.02629267629807504,1.0,818.0
0.010624783692663597,0.0,819.0
0.017346780706187833,1.0,819.0
0.010810268930582916,0.0,820.0
0.03132470523506397,1.0,820.0
0.011352598222330966,0.0,821.0
0.03660754575459508,1.0,821.0
0.011600996988831411,0.0,822.0
0.039519649392406736,1.0,822.0
0.01284483983817839,0.0,823.0
0.03294626961254085,1.0,823.0
0.01681184575722758,0.0,824.0
0.031720648887526265,1.0,824.0
0.012436296412478986,0.0,825.0
0.03136253472111371,1.0,825.0
0.011663858310951899,0.0,826.0
0.034147737910294435,1.0,826.0
0.010049536624867518,0.0,827.0
0.01629033844946307,1.0,827.0
0.011224290621833378,0.0,828.0
0.017439244551824513,1.0,828.0
0.011073992732227417,0.0,829.0
0.018086225844079106,1.0,829.0
0.013172993135678324,0.0,830.0
0.018882784428570262,1.0,830.0
0.014281896272712582,0.0,831.0
0.01833852473706996,1.0,831.0
0.011310697070717364,0.0,832.0
0.01627392957291139,1.0,832.0
0.011042860742661064,0.0,833.0
0.016528680732679393,1.0,833.0
0.01029063464846849,0.0,834.0
0.018240408788995775,1.0,834.0
0.012075698799913425,0.0,835.0
0.025699039698580787,1.0,835.0
0.012453641303124326,0.0,836.0
0.02530485489121591,1.0,836.0
0.015448223793232794,0.0,837.0
0.025801633796104558,1.0,837.0
0.017871340473598923,0.0,838.0
0.021222311454102867,1.0,838.0
0.014951933143767648,0.0,839.0
0.019501151950032474,1.0,839.0
0.011890182396282922,0.0,840.0
0.02085410550230479,1.0,840.0
0.009375458578837988,0.0,841.0
0.014821272279665506,1.0,841.0
0.011328697706538467,0.0,842.0
0.01727006304757885,1.0,842.0
0.011200848236490002,0.0,843.0
0.017605065327609172,1.0,843.0
0.013353179741588377,0.0,844.0
0.019221485545351285,1.0,844.0
0.018141376882473022,0.0,845.0
0.021084372563348355,1.0,845.0
0.012626869821433514,0.0,846.0
0.01619685935086579,1.0,846.0
0.01070967843908411,0.0,847.0
0.015483259542998857,1.0,847.0
0.009322750816193522,0.0,848.0
0.02004263340838833,1.0,848.0
0.010717040950016797,0.0,849.0
0.022156420876832734,1.0,849.0
0.011089052552968312,0.0,850.0
0.024690340925036636,1.0,850.0
0.013417801684698218,0.0,851.0
0.024076234146377468,1.0,851.0
0.015746154607115596,0.0,852.0
0.021245184604116646,1.0,852.0
0.0133976568929373,0.0,853.0
0.02206192864273482,1.0,853.0
0.010624160703742664,0.0,854.0
0.020041873128915685,1.0,854.0
0.009841008944721695,0.0,855.0
0.03306984654140084,1.0,855.0
0.012243861015982066,0.0,856.0
0.042760597785957435,1.0,856.0
0.011694486161875118,0.0,857.0
0.03699100189664794,1.0,857.0
0.014548030512646762,0.0,858.0
0.03556793275084404,1.0,858.0
0.01783788734491558,0.0,859.0
0.032493689860669625,1.0,859.0
0.01167937715547003,0.0,860.0
0.03209678316081692,1.0,860.0
0.010889435736338741,0.0,861.0
0.03265768851137129,1.0,861.0
0.011512690055174182,0.0,862.0
0.023775098790830233,1.0,862.0
0.011913759790916861,0.0,863.0
0.025530703893127844,1.0,863.0
0.012400309514496824,0.0,864.0
0.02358019356717085,1.0,864.0
0.015577123428889996,0.0,865.0
0.023996825920987966,1.0,865.0
0.017584659940524796,0.0,866.0
0.023024312372390745,1.0,866.0
0.014122635589131446,0.0,867.0
0.023084775413811508,1.0,867.0
0.013267607056780975,0.0,868.0
0.025913919134473114,1.0,868.0
0.011171782135770596,0.0,869.0
0.016995522772167156,1.0,869.0
0.01172903520533713,0.0,870.0
0.020047980685130938,1.0,870.0
0.013098498607721136,0.0,871.0
0.019951531193985638,1.0,871.0
0.012822061373358278,0.0,872.0
0.019070226577915652,1.0,872.0
0.015955809042123695,0.0,873.0
0.017796670540582163,1.0,873.0
0.013546020907628856,0.0,874.0
0.01704017329067902,1.0,874.0
0.010710123524384909,0.0,875.0
0.02070806778567229,1.0,875.0
0.01041806164489591,0.0,876.0
0.023419743663542825,1.0,876.0
0.012025964634825498,0.0,877.0
0.02461244738777701,1.0,877.0
0.012832777249178046,0.0,878.0
0.026403828126788376,1.0,878.0
0.013629025494872014,0.0,879.0
0.02532528734152127,1.0,879.0
0.016191361080398047,0.0,880.0
0.026318755687117498,1.0,880.0
0.011041524398843636,0.0,881.0
0.025261946079100473,1.0,881.0
0.010382373917932761,0.0,882.0
0.02530265521700665,1.0,882.0
0.009162905444190047,0.0,883.0
0.019648140273277447,1.0,883.0
0.011018283956715646,0.0,884.0
0.02117239845491712,1.0,884.0
0.011297213292425426,0.0,885.0
0.018570504692879387,1.0,885.0
0.014318797766338329,0.0,886.0
0.02284427121545558,1.0,886.0
0.01654978355705294,0.0,887.0
0.029415406459385986,1.0,887.0
0.010599269529134607,0.0,888.0
0.017512731144904998,1.0,888.0
0.009937850675798962,0.0,889.0
0.019756648490370465,1.0,889.0
0.00971425863444149,0.0,890.0
0.025667080684475593,1.0,890.0
0.012211110651253321,0.0,891.0
0.029281097625128986,1.0,891.0
0.012242828449286883,0.0,892.0
0.027144709683808436,1.0,892.0
0.013751451488404426,0.0,893.0
0.030686762490572523,1.0,893.0
0.016471892591172082,0.0,894.0
0.041723078385385984,1.0,894.0
0.012469271158188947,0.0,895.0
0.030463256690726963,1.0,895.0
0.0116266726046811,0.0,896.0
0.032857513180442104,1.0,896.0
0.011298026886957557,0.0,897.0
0.01637198977817761,1.0,897.0
0.011953315778611914,0.0,898.0
0.017678804536877285,1.0,898.0
0.011268730225187418,0.0,899.0
0.01853687343114916,1.0,899.0
0.013694127937836937,0.0,900.0
0.01931993872969024,1.0,900.0
0.015048212778397076,0.0,901.0
0.01863909861567041,1.0,901.0
0.012586787481507914,0.0,902.0
0.01674966457893332,1.0,902.0
0.010203319639001505,0.0,903.0
0.017081227226413653,1.0,903.0
0.01084573516216057,0.0,904.0
0.04850495588559327,1.0,904.0
0.013166380351668946,0.0,905.0
0.036638140731078885,1.0,905.0
0.012039049128352911,0.0,906.0
0.03958508154584239,1.0,906.0
0.015291188960906376,0.0,907.0
0.04261754915212314,1.0,907.0
0.01840126994357205,0.0,908.0
0.034168769257400144,1.0,908.0
0.012036716573789689,0.0,909.0
0.03454837111436912,1.0,909.0
0.01223911680136565,0.0,910.0
0.049113178326646724,1.0,910.0
0.01106886059949087,0.0,911.0
0.023227060054987602,1.0,911.0
0.012247392891797144,0.0,912.0
0.027004890446716775,1.0,912.0
0.012702897675981812,0.0,913.0
0.029433222973172666,1.0,913.0
0.015454851006761928,0.0,914.0
0.03340835464515085,1.0,914.0
0.015089013250301684,0.0,915.0
0.022845069017920692,1.0,915.0
0.011841801488375638,0.0,916.0
0.02214259165442667,1.0,916.0
0.010806888793614633,0.0,917.0
0.02566992173312973,1.0,917.0
0.011362762566397995,0.0,918.0
0.016924253053288388,1.0,918.0
0.013146338295505239,0.0,919.0
0.025107521105673908,1.0,919.0
0.012909585059401494,0.0,920.0
0.024804874572334993,1.0,920.0
0.01541268148509628,0.0,921.0
0.023600905906475435,1.0,921.0
0.017194628028675468,0.0,922.0
0.026047535726846816,1.0,922.0
0.013130743194284799,0.0,923.0
0.017867035557306173,1.0,923.0
0.013521900032972465,0.0,924.0
0.02251897898182871,1.0,924.0
0.010237217120511793,0.0,925.0
0.012280135433064917,1.0,925.0
0.009690175815348248,0.0,926.0
0.014947326305159485,1.0,926.0
0.011106188630615799,0.0,927.0
0.01678540393556937,1.0,927.0
0.010723952772321285,0.0,928.0
0.01709753362468977,1.0,928.0
0.01335996733108805,0.0,929.0
0.017050424357037696,1.0,929.0
0.010712348424537145,0.0,930.0
0.014377418714257099,1.0,930.0
0.010797091704408027,0.0,931.0
0.015645584999995826,1.0,931.0
0.00971834714752174,0.0,932.0
0.020096076515705625,1.0,932.0
0.010869059594894375,0.0,933.0
0.021806897453281935,1.0,933.0
0.011351382808025607,0.0,934.0
0.018949584018328434,1.0,934.0
0.014167558571989638,0.0,935.0
0.022783758074104737,1.0,935.0
0.01696677862064033,0.0,936.0
0.02173336735406153,1.0,936.0
0.013028358188412203,0.0,937.0
0.01847583397146552,1.0,937.0
0.012043226395123646,0.0,938.0
0.0195048650648138,1.0,938.0
0.010982124218501057,0.0,939.0
0.019308060617185523,1.0,939.0
0.012081249908820892,0.0,940.0
0.02243260838957871,1.0,940.0
0.012179502923584008,0.0,941.0
0.022687853748099528,1.0,941.0
0.014912532397816612,0.0,942.0
0.02357440767453912,1.0,942.0
0.017868965202079746,0.0,943.0
0.021829379692282287,1.0,943.0
0.014261674576520271,0.0,944.0
0.022134508171293744,1.0,944.0
0.011314754887944494,0.0,945.0
0.019117317636163166,1.0,945.0
0.010803856727645694,0.0,946.0
0.04305800772331906,1.0,946.0
0.012837096835887029,0.0,947.0
0.03061820116930931,1.0,947.0
0.012235861357875273,0.0,948.0
0.02630653582950427,1.0,948.0
0.015311402789219443,0.0,949.0
0.02743571309675308,1.0,949.0
0.01762219118292596,0.0,950.0
0.026515756688049074,1.0,950.0
0.01327940795164493,0.0,951.0
0.025334721964005075,1.0,951.0
0.010250789084068323,0.0,952.0
0.026997722458855997,1.0,952.0
0.011766327069070819,0.0,953.0
0.02874897550740507,1.0,953.0
0.013323223883745334,0.0,954.0
0.03356565376325405,1.0,954.0
0.014359120617655466,0.0,955.0
0.039777946031295246,1.0,955.0
0.017452848175040555,0.0,956.0
0.04026213579562671,1.0,956.0
0.017333548059238153,0.0,957.0
0.029478824453804592,1.0,957.0
0.013200977976438618,0.0,958.0
0.02886128083395995,1.0,958.0
0.012667140705671187,0.0,959.0
0.03283235375321508,1.0,959.0
0.012428103217304238,0.0,960.0
0.027819094830934154,1.0,960.0
0.0159278161913288,0.0,961.0
0.033087693159787906,1.0,961.0
0.01518804670015493,0.0,962.0
0.030447050351328327,1.0,962.0
0.014889357658445049,0.0,963.0
0.02789710112512316,1.0,963.0
0.016101128934637714,0.0,964.0
0.026788103768159002,1.0,964.0
0.01329347978384197,0.0,965.0
0.02430349983210654,1.0,965.0
0.013298085934016194,0.0,966.0
0.028875353794682118,1.0,966.0
0.010202560998109933,0.0,967.0
0.0231257278087938,1.0,967.0
0.012220533553264381,0.0,968.0
0.027317088329578222,1.0,968.0
0.01134461649995736,0.0,969.0
0.028580519632100402,1.0,969.0
0.014061136099337807,0.0,970.0
0.02555368545627118,1.0,970.0
0.014979691543832753,0.0,971.0
0.02260921315870355,1.0,971.0
0.01355390089981703,0.0,972.0
0.02155642050920303,1.0,972.0
0.011773759279459253,0.0,973.0
0.022188915546371608,1.0,973.0
0.011426669966894155,0.0,974.0
0.04108813636048364,1.0,974.0
0.012083222544820148,0.0,975.0
0.07200087317753191,1.0,975.0
0.011718393079072836,0.0,976.0
0.04279673946821232,1.0,976.0
0.013221877365744776,0.0,977.0
0.05641081210989198,1.0,977.0
0.016211117315374536,0.0,978.0
0.056521813274353364,1.0,978.0
0.012158080761395592,0.0,979.0
0.046746652816543804,1.0,979.0
0.01154748477968915,0.0,980.0
0.05561590955242283,1.0,980.0
0.010204412755474764,0.0,981.0
0.032602526569192755,1.0,981.0
0.011478857093396602,0.0,982.0
0.030812304239442985,1.0,982.0
0.01088308980399185,0.0,983.0
0.02572165680565004,1.0,983.0
0.012210274363270478,0.0,984.0
0.027744607070562727,1.0,984.0
0.014783864048176425,0.0,985.0
0.0248099943248863,1.0,985.0
0.012051335615326531,0.0,986.0
0.021932474386948432,1.0,986.0
0.009784017195871698,0.0,987.0
0.02284746871742305,1.0,987.0
0.012644457852673704,0.0,988.0
0.019758204561954054,1.0,988.0
0.014639344588474197,0.0,989.0
0.025101828795511774,1.0,989.0
0.01474095634692008,0.0,990.0
0.024255710826248507,1.0,990.0
0.016107135896642123,0.0,991.0
0.02427106010052472,1.0,991.0
0.017591665425320174,0.0,992.0
0.02566064909442372,1.0,992.0
0.01381326578752795,0.0,993.0
0.022253688289078245,1.0,993.0
0.014374098736000544,0.0,994.0
0.026161035368713975,1.0,994.0
0.011479634359744358,0.0,995.0
0.018833062810790384,1.0,995.0
0.0123956213081385,0.0,996.0
0.02360325808884748,1.0,996.0
0.012203565913317966,0.0,997.0
0.020761989494427435,1.0,997.0
0.014663862263024019,0.0,998.0
0.025318103450946282,1.0,998.0
0.01710100052446023,0.0,999.0
0.0242646921609698,1.0,999.0
0.017177994917206403,0.0,1000.0
0.023272586628417195,1.0,1000.0
0.012662383315009308,0.0,1001.0
0.020165614983436355,1.0,1001.0
0.011330748869576164,0.0,1002.0
0.02067039045858096,1.0,1002.0
0.011677948117673509,0.0,1003.0
0.023737251133715293,1.0,1003.0
0.012247613054933664,0.0,1004.0
0.02332139724929425,1.0,1004.0
0.014398362155869454,0.0,1005.0
0.024179727979198738,1.0,1005.0
0.018494008068440336,0.0,1006.0
0.025589422819233563,1.0,1006.0
0.013152005079886593,0.0,1007.0
0.022960827669405267,1.0,1007.0
0.011562721850863121,0.0,1008.0
0.022309547487088945,1.0,1008.0
0.01081279384382643,0.0,1009.0
0.030973699467253892,1.0,1009.0
0.011338207375394635,0.0,1010.0
0.027905333825720125,1.0,1010.0
0.01125189935729463,0.0,1011.0
0.028730399402378745,1.0,1011.0
0.013647113307540086,0.0,1012.0
0.029395971861935807,1.0,1012.0
0.01730594610237479,0.0,1013.0
0.029918271278554936,1.0,1013.0
0.013305710024176184,0.0,1014.0
0.027326395235759193,1.0,1014.0
0.010844261883986564,0.0,1015.0
0.03363257229624876,1.0,1015.0
0.011445141339323369,0.0,1016.0
0.019814195123887546,1.0,1016.0
0.011385854931988442,0.0,1017.0
0.019627583951969303,1.0,1017.0
0.011836817584187028,0.0,1018.0
0.018050775976804007,1.0,1018.0
0.013413339858470427,0.0,1019.0
0.020088676888575012,1.0,1019.0
0.014886028715226445,0.0,1020.0
0.023328854004160123,1.0,1020.0
0.013058355860827296,0.0,1021.0
0.01785789457065728,1.0,1021.0
0.010485408480026765,0.0,1022.0
0.01985959841324409,1.0,1022.0
0.011194385890071512,0.0,1023.0
0.027005600730926088,1.0,1023.0
0.015136791084515265,0.0,1024.0
0.0323552247427316,1.0,1024.0
0.014010100834592688,0.0,1025.0
0.036061372015774903,1.0,1025.0
0.01722099469582166,0.0,1026.0
0.04992109091302919,1.0,1026.0
0.018621941803253706,0.0,1027.0
0.04247540639885363,1.0,1027.0
0.01499937682662984,0.0,1028.0
0.024253445690193002,1.0,1028.0
0.01145277646927686,0.0,1029.0
0.015795361353634768,1.0,1029.0
0.012050212906514233,0.0,1030.0
0.02654686084155945,1.0,1030.0
0.012542420031923148,0.0,1031.0
0.03403034072343431,1.0,1031.0
0.012720019116515156,0.0,1032.0
0.03301482576666195,1.0,1032.0
0.015549730444058106,0.0,1033.0
0.03958499096052824,1.0,1033.0
0.02124831438314085,0.0,1034.0
0.04024894231284647,1.0,1034.0
0.015519967405181377,0.0,1035.0
0.0467337654915313,1.0,1035.0
0.013069976906814147,0.0,1036.0
0.03971011041424041,1.0,1036.0
0.010834186626233228,0.0,1037.0
0.020697768785274136,1.0,1037.0
0.011887685888760307,0.0,1038.0
0.02141698123575848,1.0,1038.0
0.011539658719702322,0.0,1039.0
0.02263145860380511,1.0,1039.0
0.012233195354871896,0.0,1040.0
0.021715797664034843,1.0,1040.0
0.01433751962481602,0.0,1041.0
0.022495304416337958,1.0,1041.0
0.01308760848049416,0.0,1042.0
0.02018912057128569,1.0,1042.0
0.010731623573528488,0.0,1043.0
0.02076167772273323,1.0,1043.0
0.01002434307655247,0.0,1044.0
0.016935447811480403,1.0,1044.0
0.010921237955827327,0.0,1045.0
0.021755791368673044,1.0,1045.0
0.01294526765494284,0.0,1046.0
0.024478754545414393,1.0,1046.0
0.014282476912655436,0.0,1047.0
0.023759620205233513,1.0,1047.0
0.015637463138253177,0.0,1048.0
0.021227941467937363,1.0,1048.0
0.01196544762363906,0.0,1049.0
0.017452694036114002,1.0,1049.0
0.010255156922561924,0.0,1050.0
0.021570740256659063,1.0,1050.0
0.010045319841555635,0.0,1051.0
0.013213053899387855,1.0,1051.0
0.011553033308004064,0.0,1052.0
0.015364146372225178,1.0,1052.0
0.011326222334610326,0.0,1053.0
0.01463749034020979,1.0,1053.0
0.013202204354844406,0.0,1054.0
0.017460297396589986,1.0,1054.0
0.01587917558192441,0.0,1055.0
0.017881015893329338,1.0,1055.0
0.0120238468120702,0.0,1056.0
0.014792784353284514,1.0,1056.0
0.01093258960629338,0.0,1057.0
0.015061608261872307,1.0,1057.0
0.010876057339600235,0.0,1058.0
0.014769104695642637,1.0,1058.0
0.011838034298490934,0.0,1059.0
0.01620485132444981,1.0,1059.0
0.012252505675858063,0.0,1060.0
0.016138840645195645,1.0,1060.0
0.013418760788921185,0.0,1061.0
0.016464951054634514,1.0,1061.0
0.0175132975606635,0.0,1062.0
0.019241391305835437,1.0,1062.0
0.014452885437340586,0.0,1063.0
0.017128472163229838,1.0,1063.0
0.01216318583425028,0.0,1064.0
0.01612757955890001,1.0,1064.0
0.01022928229317382,0.0,1065.0
0.02254806971286403,1.0,1065.0
0.012116367659358944,0.0,1066.0
0.02944876886352583,1.0,1066.0
0.012070122065770336,0.0,1067.0
0.028429433505006152,1.0,1067.0
0.01255602784160802,0.0,1068.0
0.026918186566839572,1.0,1068.0
0.015331864048887036,0.0,1069.0
0.02372891007679521,1.0,1069.0
0.012411196040946764,0.0,1070.0
0.023868937964784367,1.0,1070.0
0.010505565475403248,0.0,1071.0
0.02468853425233063,1.0,1071.0
0.009865112494653116,0.0,1072.0
0.01996790892193328,1.0,1072.0
0.010334100732744328,0.0,1073.0
0.021248938059916178,1.0,1073.0
0.010488968616022496,0.0,1074.0
0.02228264261636348,1.0,1074.0
0.01366599667720052,0.0,1075.0
0.022381680586724684,1.0,1075.0
0.015296503369377925,0.0,1076.0
0.022823004548943045,1.0,1076.0
0.010278230279156178,0.0,1077.0
0.018429110089460583,1.0,1077.0
0.010726123817119826,0.0,1078.0
0.028401792769257587,1.0,1078.0
0.009898606848503595,0.0,1079.0
0.013915561924554443,1.0,1079.0
0.010862592242345358,0.0,1080.0
0.01852333568442119,1.0,1080.0
0.010093579157662708,0.0,1081.0
0.016876518918232022,1.0,1081.0
0.01254390002232342,0.0,1082.0
0.0189993434292985,1.0,1082.0
0.014279963207108474,0.0,1083.0
0.01701765896701129,1.0,1083.0
0.011265363703152292,0.0,1084.0
0.015298584552531488,1.0,1084.0
0.0091279449940466,0.0,1085.0
0.015674066614114093,1.0,1085.0
0.010132623011275262,0.0,1086.0
0.014259925413167753,1.0,1086.0
0.010753771709070456,0.0,1087.0
0.015686463888298384,1.0,1087.0
0.010955521991290677,0.0,1088.0
0.01637279473255808,1.0,1088.0
0.013538881341150942,0.0,1089.0
0.017944737372577624,1.0,1089.0
0.01622965129824205,0.0,1090.0
0.0191191989285412,1.0,1090.0
0.011972830557726737,0.0,1091.0
0.01560973198092256,1.0,1091.0
0.011126977792705998,0.0,1092.0
0.018551396393229908,1.0,1092.0
0.012636387864994374,0.0,1093.0
0.01654414626747143,1.0,1093.0
0.013069482452202037,0.0,1094.0
0.01762863982641882,1.0,1094.0
0.012663897066154277,0.0,1095.0
0.018774142861888644,1.0,1095.0
0.014026850545434571,0.0,1096.0
0.02056501422917073,1.0,1096.0
0.01635778488246215,0.0,1097.0
0.022000151609760227,1.0,1097.0
0.014658773606920441,0.0,1098.0
0.019649329082140718,1.0,1098.0
0.012837537454029397,0.0,1099.0
0.018388469069015437,1.0,1099.0
0.010685952127145107,0.0,1100.0
0.022176518563659712,1.0,1100.0
0.01163987801027632,0.0,1101.0
0.027964147879444706,1.0,1101.0
0.011002726399872853,0.0,1102.0
0.019460891476923186,1.0,1102.0
0.012361392964016922,0.0,1103.0
0.019206661698528704,1.0,1103.0
0.01596443172944735,0.0,1104.0
0.025568539350431678,1.0,1104.0
0.014484207253214887,0.0,1105.0
0.020805344975469778,1.0,1105.0
0.010034443915862461,0.0,1106.0
0.01964717338722889,1.0,1106.0
0.01052745345088348,0.0,1107.0
0.022561638147708986,1.0,1107.0
0.011291632178979183,0.0,1108.0
0.025139963142968846,1.0,1108.0
0.011575900423330702,0.0,1109.0
0.02806734956126253,1.0,1109.0
0.014118669065114064,0.0,1110.0
0.02814886847216695,1.0,1110.0
0.01552080048240736,0.0,1111.0
0.024890409796578576,1.0,1111.0
0.013006093579056669,0.0,1112.0
0.025137873790870437,1.0,1112.0
0.010400406830922203,0.0,1113.0
0.027446326995661362,1.0,1113.0
0.010916017484907021,0.0,1114.0
0.0191034756719162,1.0,1114.0
0.011774885960132545,0.0,1115.0
0.021644270280072594,1.0,1115.0
0.011702544471193486,0.0,1116.0
0.021806786045304314,1.0,1116.0
0.013257469560125081,0.0,1117.0
0.022652607261831225,1.0,1117.0
0.014504624507570544,0.0,1118.0
0.021699048074252998,1.0,1118.0
0.013150174664429358,0.0,1119.0
0.018774097795368903,1.0,1119.0
0.01185822373427455,0.0,1120.0
0.021802915783059748,1.0,1120.0
0.009170443237003247,0.0,1121.0
0.015953391421341275,1.0,1121.0
0.011150547052255584,0.0,1122.0
0.023410437035249428,1.0,1122.0
0.010429969921084649,0.0,1123.0
0.02109055814544678,1.0,1123.0
0.01054307595090698,0.0,1124.0
0.020267021959052,1.0,1124.0
0.012451462186670368,0.0,1125.0
0.019929383094203817,1.0,1125.0
0.01093193319088665,0.0,1126.0
0.018874622863374994,1.0,1126.0
0.01038152582981836,0.0,1127.0
0.025000383341682992,1.0,1127.0
0.011958535937440984,0.0,1128.0
0.019246847009885087,1.0,1128.0
0.012389876975738543,0.0,1129.0
0.020788107406027462,1.0,1129.0
0.01184350922086697,0.0,1130.0
0.020722966089352323,1.0,1130.0
0.016968975794717296,0.0,1131.0
0.025266231984803936,1.0,1131.0
0.025773434522080346,0.0,1132.0
0.03049300217819026,1.0,1132.0
0.016406780829645282,0.0,1133.0
0.021928358240456684,1.0,1133.0
0.011963001282123466,0.0,1134.0
0.019748895297525316,1.0,1134.0
0.012196822455716815,0.0,1135.0
0.037794483330634565,1.0,1135.0
0.012625249763957654,0.0,1136.0
0.055821158287978255,1.0,1136.0
0.011907726094766398,0.0,1137.0
0.03483316189511326,1.0,1137.0
0.013580148998228214,0.0,1138.0
0.04626233510902063,1.0,1138.0
0.016668613827812973,0.0,1139.0
0.04814050069329915,1.0,1139.0
0.01378782910691102,0.0,1140.0
0.04333995373345786,1.0,1140.0
0.013024112647738605,0.0,1141.0
0.04595698754991076,1.0,1141.0
0.01070768173636542,0.0,1142.0
0.015737550338032372,1.0,1142.0
0.013103661875728633,0.0,1143.0
0.020889093382965622,1.0,1143.0
0.012157199382188049,0.0,1144.0
0.02000940985204879,1.0,1144.0
0.012836336457281515,0.0,1145.0
0.01908389677746947,1.0,1145.0
0.013436172306708002,0.0,1146.0
0.015269004862249792,1.0,1146.0
0.01281448744333129,0.0,1147.0
0.015549390275508604,1.0,1147.0
0.011550116342642847,0.0,1148.0
0.018435403003302087,1.0,1148.0
0.011176077116880016,0.0,1149.0
0.01681626483847934,1.0,1149.0
0.01229351289905706,0.0,1150.0
0.021144454303670932,1.0,1150.0
0.012275574894910778,0.0,1151.0
0.023032323678445456,1.0,1151.0
0.015513101085741596,0.0,1152.0
0.024154894659799586,1.0,1152.0
0.018327151692087002,0.0,1153.0
0.02602675142332877,1.0,1153.0
0.013314565214341127,0.0,1154.0
0.01957214480674761,1.0,1154.0
0.01270513652896322,0.0,1155.0
0.01780602924154445,1.0,1155.0
0.009907484338431893,0.0,1156.0
0.016948816882821887,1.0,1156.0
0.012252114354075982,0.0,1157.0
0.021279018143751455,1.0,1157.0
0.013219439298012371,0.0,1158.0
0.02538511521907092,1.0,1158.0
0.01414707369208305,0.0,1159.0
0.022384553661192602,1.0,1159.0
0.016771836301262007,0.0,1160.0
0.02075006439670503,1.0,1160.0
0.013439354987076366,0.0,1161.0
0.01803734791320731,1.0,1161.0
0.010169274966485538,0.0,1162.0
0.021247195047503963,1.0,1162.0
0.01022773816209324,0.0,1163.0
0.031631272698619206,1.0,1163.0
0.011740237245134193,0.0,1164.0
0.03901855917392709,1.0,1164.0
0.0114206164268325,0.0,1165.0
0.040969204226740774,1.0,1165.0
0.013746029204566364,0.0,1166.0
0.04412442466967758,1.0,1166.0
0.014361623774118279,0.0,1167.0
0.03740494411971313,1.0,1167.0
0.012838472287277535,0.0,1168.0
0.03982591436036439,1.0,1168.0
0.01115459406285405,0.0,1169.0
0.033576861409823494,1.0,1169.0
0.011520358204417035,0.0,1170.0
0.03803464534929875,1.0,1170.0
0.012809307114878337,0.0,1171.0
0.04523361115834643,1.0,1171.0
0.013676500928497516,0.0,1172.0
0.04387442249047532,1.0,1172.0
0.01799272629121393,0.0,1173.0
0.04419800103880432,1.0,1173.0
0.018168738294492164,0.0,1174.0
0.03208830544852099,1.0,1174.0
0.013608789573543521,0.0,1175.0
0.026467585662138613,1.0,1175.0
0.011482943286536883,0.0,1176.0
0.03915911222440376,1.0,1176.0
0.01120317705155279,0.0,1177.0
0.055374433798564326,1.0,1177.0
0.011512051645785589,0.0,1178.0
0.05510911348173633,1.0,1178.0
0.01188480163648423,0.0,1179.0
0.055304990028573725,1.0,1179.0
0.013662764808305708,0.0,1180.0
0.049194398368527265,1.0,1180.0
0.01638112794757878,0.0,1181.0
0.04983492254301802,1.0,1181.0
0.011930585064294518,0.0,1182.0
0.0515270479322518,1.0,1182.0
0.0112771810432539,0.0,1183.0
0.049815025010017285,1.0,1183.0
0.011348511997111744,0.0,1184.0
0.020598638269386366,1.0,1184.0
0.0128581535823901,0.0,1185.0
0.02162390565751064,1.0,1185.0
0.013128503788958858,0.0,1186.0
0.0224021072450589,1.0,1186.0
0.01566245328504771,0.0,1187.0
0.03154396249924676,1.0,1187.0
0.016613426068281242,0.0,1188.0
0.027080344584389807,1.0,1188.0
0.012370239577008621,0.0,1189.0
0.027129414305805018,1.0,1189.0
0.010663204794268015,0.0,1190.0
0.025695351531302296,1.0,1190.0
0.011066363434561974,0.0,1191.0
0.01650923192566026,1.0,1191.0
0.012156307382441237,0.0,1192.0
0.019835467862214875,1.0,1192.0
0.012143039559982607,0.0,1193.0
0.01817684247745663,1.0,1193.0
0.014044809251352356,0.0,1194.0
0.02274133248823951,1.0,1194.0
0.01719170426488244,0.0,1195.0
0.026543345018749512,1.0,1195.0
0.01368018324967156,0.0,1196.0
0.01952323489321508,1.0,1196.0
0.012417357664423163,0.0,1197.0
0.019649816800676848,1.0,1197.0
0.010784438485609931,0.0,1198.0
0.03431307699427879,1.0,1198.0
0.012084436524330581,0.0,1199.0
0.022996111331407505,1.0,1199.0
0.010631267621972541,0.0,1200.0
0.025200470837588695,1.0,1200.0
0.012802423241236963,0.0,1201.0
0.022805282480963182,1.0,1201.0
0.016617001968265457,0.0,1202.0
0.05226639861958556,1.0,1202.0
0.012552787477177833,0.0,1203.0
0.04118299971579876,1.0,1203.0
0.011897046052344805,0.0,1204.0
0.026235291318938245,1.0,1204.0
0.012350480261936138,0.0,1205.0
0.013870634821644722,1.0,1205.0
0.014559978459933573,0.0,1206.0
0.01718951463943935,1.0,1206.0
0.01605291291081752,0.0,1207.0
0.018794475519824876,1.0,1207.0
0.016362731401153952,0.0,1208.0
0.018608142245572667,1.0,1208.0
0.01872192874198911,0.0,1209.0
0.020274926854651175,1.0,1209.0
0.01454380323772848,0.0,1210.0
0.01610094619628327,1.0,1210.0
0.013059546649019297,0.0,1211.0
0.014971058541912769,1.0,1211.0
0.010109347034509017,0.0,1212.0
0.018801230833940228,1.0,1212.0
0.011093618715326875,0.0,1213.0
0.019956822421771395,1.0,1213.0
0.011454520941241568,0.0,1214.0
0.019628195540478476,1.0,1214.0
0.012524947647161569,0.0,1215.0
0.02204486761333888,1.0,1215.0
0.015974258882236345,0.0,1216.0
0.0284648480318937,1.0,1216.0
0.011636454287062835,0.0,1217.0
0.02150354076157381,1.0,1217.0
0.009983272287883085,0.0,1218.0
0.021085858256710756,1.0,1218.0
0.01065100075160314,0.0,1219.0
0.01820241806721237,1.0,1219.0
0.012344172440003019,0.0,1220.0
0.02223270983256975,1.0,1220.0
0.01127147640269818,0.0,1221.0
0.020059623405560372,1.0,1221.0
0.012232871516895389,0.0,1222.0
0.020133945968290684,1.0,1222.0
0.015158982197399034,0.0,1223.0
0.020698762641474956,1.0,1223.0
0.012847097326480313,0.0,1224.0
0.0217084126672343,1.0,1224.0
0.010807905842099267,0.0,1225.0
0.01956919987654132,1.0,1225.0
0.009899973170447425,0.0,1226.0
0.01457128422317909,1.0,1226.0
0.010462498878517414,0.0,1227.0
0.017206411267163154,1.0,1227.0
0.009808679515846502,0.0,1228.0
0.017060374406213264,1.0,1228.0
0.011311776680812822,0.0,1229.0
0.018664512684283513,1.0,1229.0
0.017675698452879907,0.0,1230.0
0.027377633450465986,1.0,1230.0
0.01250701421689161,0.0,1231.0
0.019395334358305,1.0,1231.0
0.009856372406741542,0.0,1232.0
0.021765928589374258,1.0,1232.0
0.011204520294520008,0.0,1233.0
0.016432411186662093,1.0,1233.0
0.01222829275047992,0.0,1234.0
0.022476060839407588,1.0,1234.0
0.0125826324908812,0.0,1235.0
0.024299033158213468,1.0,1235.0
0.014140182295635005,0.0,1236.0
0.023123826684676115,1.0,1236.0
0.018324520434831747,0.0,1237.0
0.02198421840695726,1.0,1237.0
0.013729396647246213,0.0,1238.0
0.018411779342895326,1.0,1238.0
0.013169870855571223,0.0,1239.0
0.021345807655164875,1.0,1239.0
0.011192918504674932,0.0,1240.0
0.03266279271992586,1.0,1240.0
0.012352888537766166,0.0,1241.0
0.027447458147862314,1.0,1241.0
0.012065061310560184,0.0,1242.0
0.031087821244564006,1.0,1242.0
0.015253301764590412,0.0,1243.0
0.0285850221238566,1.0,1243.0
0.015736151252629307,0.0,1244.0
0.04047046447783783,1.0,1244.0
0.014252218465564393,0.0,1245.0
0.050332548288866456,1.0,1245.0
0.011302111687749028,0.0,1246.0
0.026150132569471556,1.0,1246.0
0.010490555685283459,0.0,1247.0
0.013562812049144455,1.0,1247.0
0.012578593719046807,0.0,1248.0
0.019100681654790206,1.0,1248.0
0.013234729665821099,0.0,1249.0
0.020127589609216994,1.0,1249.0
0.017166661843065808,0.0,1250.0
0.022216203707673892,1.0,1250.0
0.01925818818606279,0.0,1251.0
0.021121567704097767,1.0,1251.0
0.015202096781377968,0.0,1252.0
0.016983175783762468,1.0,1252.0
0.013490756564993472,0.0,1253.0
0.0178603365362965,1.0,1253.0
0.009308836047020048,0.0,1254.0
0.015903256624051752,1.0,1254.0
0.010412303492691578,0.0,1255.0
0.017935556984894026,1.0,1255.0
0.010997879737421222,0.0,1256.0
0.018216375236103866,1.0,1256.0
0.013448934205223658,0.0,1257.0
0.020205347651360426,1.0,1257.0
0.014937874266191734,0.0,1258.0
0.019516833793267463,1.0,1258.0
0.012486002102985096,0.0,1259.0
0.01765264901360391,1.0,1259.0
0.010274116817588289,0.0,1260.0
0.01577669884793157,1.0,1260.0
0.01077125622983757,0.0,1261.0
0.01762545306773577,1.0,1261.0
0.010074789894513558,0.0,1262.0
0.017293203516192845,1.0,1262.0
0.011219386490081824,0.0,1263.0
0.0187396034574364,1.0,1263.0
0.01278235380195963,0.0,1264.0
0.01723041170107091,1.0,1264.0
0.016158902860317285,0.0,1265.0
0.021544701058619213,1.0,1265.0
0.011796220952890563,0.0,1266.0
0.016343512303627163,1.0,1266.0
0.010420869850235642,0.0,1267.0
0.016786374203249493,1.0,1267.0
0.011222537662264172,0.0,1268.0
0.028843256537163922,1.0,1268.0
0.012136713003197398,0.0,1269.0
0.042357657131648324,1.0,1269.0
0.01149697879298586,0.0,1270.0
0.035759153687872476,1.0,1270.0
0.013362618993707151,0.0,1271.0
0.027371487383004097,1.0,1271.0
0.01616975817308215,0.0,1272.0
0.02678770000246656,1.0,1272.0
0.013056566905171131,0.0,1273.0
0.02357352555939579,1.0,1273.0
0.011210890437188632,0.0,1274.0
0.036663296263081,1.0,1274.0
0.011858650936604475,0.0,1275.0
0.01956003545855567,1.0,1275.0
0.012991571945573807,0.0,1276.0
0.028137138805773385,1.0,1276.0
0.013874781429877027,0.0,1277.0
0.030197377101897634,1.0,1277.0
0.015696113588006405,0.0,1278.0
0.02512895632753144,1.0,1278.0
0.017120297557722663,0.0,1279.0
0.02345014314779772,1.0,1279.0
0.01258325856093647,0.0,1280.0
0.023541442313067255,1.0,1280.0
0.012912728409771845,0.0,1281.0
0.025095417281815344,1.0,1281.0
0.010481398835364178,0.0,1282.0
0.01665157190814696,1.0,1282.0
0.011961013999587305,0.0,1283.0
0.019520827856772425,1.0,1283.0
0.011769211445617397,0.0,1284.0
0.01982772013250083,1.0,1284.0
0.014289378858243622,0.0,1285.0
0.020554853710909957,1.0,1285.0
0.015393766111304765,0.0,1286.0
0.02005924082358669,1.0,1286.0
0.012806158761088541,0.0,1287.0
0.017981046761995845,1.0,1287.0
0.01112118691451063,0.0,1288.0
0.018445088212242337,1.0,1288.0
0.01005807900163385,0.0,1289.0
0.02147665879840783,1.0,1289.0
0.011917351896847714,0.0,1290.0
0.03555153150813075,1.0,1290.0
0.011363244682305592,0.0,1291.0
0.03287496949891312,1.0,1291.0
0.013710897831518722,0.0,1292.0
0.04482554309535605,1.0,1292.0
0.016692786376570845,0.0,1293.0
0.04227662473833693,1.0,1293.0
0.014159868215996954,0.0,1294.0
0.03471119044576601,1.0,1294.0
0.010578542296482352,0.0,1295.0
0.045632825654416086,1.0,1295.0
0.011700780498170504,0.0,1296.0
0.03283597281405333,1.0,1296.0
0.013464135660084461,0.0,1297.0
0.03789660560068046,1.0,1297.0
0.012536069653398369,0.0,1298.0
0.047665531618368194,1.0,1298.0
0.01616088292399777,0.0,1299.0
0.050141098814180454,1.0,1299.0
0.01617545868858807,0.0,1300.0
0.04437411383381818,1.0,1300.0
0.015073125348730211,0.0,1301.0
0.04208960415019264,1.0,1301.0
0.014016045527575714,0.0,1302.0
0.022274104378710972,1.0,1302.0
0.010726036770860774,0.0,1303.0
0.018191182095177654,1.0,1303.0
0.012434366456272274,0.0,1304.0
0.019725109760937453,1.0,1304.0
0.012729348864961819,0.0,1305.0
0.020537117545743125,1.0,1305.0
0.01595115654971213,0.0,1306.0
0.023339772412080878,1.0,1306.0
0.016137022785148003,0.0,1307.0
0.02054170158771573,1.0,1307.0
0.012671191196808604,0.0,1308.0
0.01806876388659521,1.0,1308.0
0.01163295286207972,0.0,1309.0
0.018498596852585834,1.0,1309.0
0.011265584659737758,0.0,1310.0
0.03035494354493643,1.0,1310.0
0.01190229146653605,0.0,1311.0
0.036859487074308556,1.0,1311.0
0.012345846520415819,0.0,1312.0
0.03059176126501607,1.0,1312.0
0.013534486406556327,0.0,1313.0
0.027983326815232325,1.0,1313.0
0.014400024144435643,0.0,1314.0
0.026219988030110903,1.0,1314.0
0.012029046082229412,0.0,1315.0
0.028878068114264497,1.0,1315.0
0.011058957184790863,0.0,1316.0
0.028051578867159786,1.0,1316.0
0.010940699705926106,0.0,1317.0
0.03098522611159398,1.0,1317.0
0.011773936251586748,0.0,1318.0
0.036688528669795877,1.0,1318.0
0.011964769659675531,0.0,1319.0
0.03053819951100203,1.0,1319.0
0.013396689582843993,0.0,1320.0
0.027741434819760165,1.0,1320.0
0.015785724887768533,0.0,1321.0
0.02667424253973614,1.0,1321.0
0.01272119868043952,0.0,1322.0
0.028306776423035925,1.0,1322.0
0.011238417452938573,0.0,1323.0
0.02847998003489454,1.0,1323.0
0.011466937460839422,0.0,1324.0
0.022899278772750848,1.0,1324.0
0.0108775171877406,0.0,1325.0
0.018211115469138905,1.0,1325.0
0.011261722949285161,0.0,1326.0
0.016352858112343976,1.0,1326.0
0.011292334729561468,0.0,1327.0
0.01612494389538515,1.0,1327.0
0.011833956154582513,0.0,1328.0
0.015565395499377667,1.0,1328.0
0.010521689285656777,0.0,1329.0
0.01540096221508208,1.0,1329.0
0.00978165164980956,0.0,1330.0
0.016854741140332967,1.0,1330.0
0.011279201838757058,0.0,1331.0
0.01599677884817862,1.0,1331.0
0.011607763631937221,0.0,1332.0
0.016646457861012258,1.0,1332.0
0.01146522543463842,0.0,1333.0
0.019286707768782198,1.0,1333.0
0.014675492382721264,0.0,1334.0
0.04125517254429765,1.0,1334.0
0.01781475411590466,0.0,1335.0
0.03580368091420492,1.0,1335.0
0.013624632530380784,0.0,1336.0
0.0297202588474181,1.0,1336.0
0.011819354812453973,0.0,1337.0
0.033913175510904156,1.0,1337.0
0.010676065036200352,0.0,1338.0
0.01574465857743027,1.0,1338.0
0.012468010333264373,0.0,1339.0
0.016979447430629936,1.0,1339.0
0.012325592633657576,0.0,1340.0
0.018145076897729876,1.0,1340.0
0.013589008903901592,0.0,1341.0
0.017467862720478122,1.0,1341.0
0.015264585833799813,0.0,1342.0
0.01831956862483263,1.0,1342.0
0.012377355015691595,0.0,1343.0
0.01585474579859169,1.0,1343.0
0.012150863546888092,0.0,1344.0
0.017187662373729175,1.0,1344.0
0.008609482104243565,0.0,1345.0
0.020120032805503014,1.0,1345.0
0.011132265078595134,0.0,1346.0
0.0242632040746,1.0,1346.0
0.009964009383278802,0.0,1347.0
0.023398816834018173,1.0,1347.0
0.010409241789245427,0.0,1348.0
0.024333366291294956,1.0,1348.0
0.013135610860712984,0.0,1349.0
0.022757273215873886,1.0,1349.0
0.010818749157589099,0.0,1350.0
0.021788042264555114,1.0,1350.0
0.009643510319056725,0.0,1351.0
0.022636556546697804,1.0,1351.0
0.011591511574768775,0.0,1352.0
0.017020692213573534,1.0,1352.0
0.013236677727363378,0.0,1353.0
0.020277946610823567,1.0,1353.0
0.011928492681837568,0.0,1354.0
0.019039436137494526,1.0,1354.0
0.015172447653214112,0.0,1355.0
0.021018658868892065,1.0,1355.0
0.01794590002577902,0.0,1356.0
0.020734438726463286,1.0,1356.0
0.012948827702206643,0.0,1357.0
0.01606274690605223,1.0,1357.0
0.011592405973216261,0.0,1358.0
0.018903004301443514,1.0,1358.0
0.009848252259213222,0.0,1359.0
0.019148440442208422,1.0,1359.0
0.01082930256852152,0.0,1360.0
0.016848439289843597,1.0,1360.0
0.009828300622289808,0.0,1361.0
0.0159672236806358,1.0,1361.0
0.012541318649304595,0.0,1362.0
0.01843516896497066,1.0,1362.0
0.01373123849216556,0.0,1363.0
0.023677670336351143,1.0,1363.0
0.010890274126841588,0.0,1364.0
0.019425606895763548,1.0,1364.0
0.01055974094841737,0.0,1365.0
0.016500986200225342,1.0,1365.0
0.010413340299508357,0.0,1366.0
0.03067519734199251,1.0,1366.0
0.011685136804181174,0.0,1367.0
0.03663798885123564,1.0,1367.0
0.012885011027335061,0.0,1368.0
0.03561419798449333,1.0,1368.0
0.015496945272923534,0.0,1369.0
0.0381644658296083,1.0,1369.0
0.016390140240812257,0.0,1370.0
0.03219681490407354,1.0,1370.0
0.01324738557516985,0.0,1371.0
0.03596862321866422,1.0,1371.0
0.011763894126068701,0.0,1372.0
0.03948463548482646,1.0,1372.0
0.01275739767021095,0.0,1373.0
0.026626622970958146,1.0,1373.0
0.015174423901625687,0.0,1374.0
0.030418417089157306,1.0,1374.0
0.014768715913336582,0.0,1375.0
0.033701577063575634,1.0,1375.0
0.01928450752529097,0.0,1376.0
0.034747601995022775,1.0,1376.0
0.018994527482620018,0.0,1377.0
0.027543779186220592,1.0,1377.0
0.01762492007695846,0.0,1378.0
0.02715697290552428,1.0,1378.0
0.013908987684174912,0.0,1379.0
0.026454715752011228,1.0,1379.0
0.009630198823868298,0.0,1380.0
0.028484751338933967,1.0,1380.0
0.009939777333972007,0.0,1381.0
0.019308949916981805,1.0,1381.0
0.009848599201604191,0.0,1382.0
0.022585640120832366,1.0,1382.0
0.011824277701218366,0.0,1383.0
0.021203040088028147,1.0,1383.0
0.014851780664769396,0.0,1384.0
0.03979696668657679,1.0,1384.0
0.011056075038780113,0.0,1385.0
0.03262361005586924,1.0,1385.0
0.009192939651311845,0.0,1386.0
0.021543767029164683,1.0,1386.0
0.011279386457554769,0.0,1387.0
0.012300732925506106,1.0,1387.0
0.011631869416289091,0.0,1388.0
0.012088924420421619,1.0,1388.0
0.013012405518407724,0.0,1389.0
0.013647363690322465,1.0,1389.0
0.013976893438144,0.0,1390.0
0.015453733189854936,1.0,1390.0
0.017696891657695737,0.0,1391.0
0.018651583003751068,1.0,1391.0
0.013694737047155759,0.0,1392.0
0.014081034673866644,1.0,1392.0
0.011707499810630233,0.0,1393.0
0.012165926867586852,1.0,1393.0
0.011226665878896286,0.0,1394.0
0.037528563410152045,1.0,1394.0
0.011258953738726107,0.0,1395.0
0.035002957229516324,1.0,1395.0
0.011868141357881825,0.0,1396.0
0.03267139613274476,1.0,1396.0
0.012577933060323798,0.0,1397.0
0.058411617436864564,1.0,1397.0
0.0135309395015736,0.0,1398.0
0.04698692759291607,1.0,1398.0
0.01159672517631697,0.0,1399.0
0.03319604883274364,1.0,1399.0
0.010309246055659672,0.0,1400.0
0.033966744187732295,1.0,1400.0
0.012527090099559495,0.0,1401.0
0.05632792550890402,1.0,1401.0
0.016079699346781356,0.0,1402.0
0.05036395285787431,1.0,1402.0
0.01794027658335582,0.0,1403.0
0.06284707978497585,1.0,1403.0
0.016381393693716845,0.0,1404.0
0.04794907744672171,1.0,1404.0
0.016345476816087903,0.0,1405.0
0.058189121739238306,1.0,1405.0
0.01227876134102435,0.0,1406.0
0.05440620835710665,1.0,1406.0
0.014331539082975629,0.0,1407.0
0.09075479576000849,1.0,1407.0
0.00999974795428462,0.0,1408.0
0.03325050646087634,1.0,1408.0
0.011196727128453736,0.0,1409.0
0.02943564022213025,1.0,1409.0
0.010410572458933107,0.0,1410.0
0.02908535512846842,1.0,1410.0
0.013997269652908964,0.0,1411.0
0.054974935550447905,1.0,1411.0
0.018008307351736405,0.0,1412.0
0.045210301633525754,1.0,1412.0
0.013435942466494788,0.0,1413.0
0.031825329906232845,1.0,1413.0
0.010968455814600387,0.0,1414.0
0.03082427953963493,1.0,1414.0
0.012379123309763396,0.0,1415.0
0.015841959399952924,1.0,1415.0
0.013875227174861686,0.0,1416.0
0.018437091931961483,1.0,1416.0
0.012780911429122478,0.0,1417.0
0.01662945693008614,1.0,1417.0
0.015343024637857219,0.0,1418.0
0.0191070856593184,1.0,1418.0
0.017588474450994526,0.0,1419.0
0.020235780131769854,1.0,1419.0
0.013855046567420327,0.0,1420.0
0.017294691412507678,1.0,1420.0
0.012627326032534988,0.0,1421.0
0.016190188150033164,1.0,1421.0
0.012752145431553417,0.0,1422.0
0.02466948852557743,1.0,1422.0
0.014176307233139104,0.0,1423.0
0.02566497005636451,1.0,1423.0
0.014445793362745946,0.0,1424.0
0.023934971570745686,1.0,1424.0
0.01735256580537524,0.0,1425.0
0.025848582611991924,1.0,1425.0
0.018555163938612475,0.0,1426.0
0.023215918258633842,1.0,1426.0
0.01463074153901606,0.0,1427.0
0.020144473198672866,1.0,1427.0
0.012799771505205086,0.0,1428.0
0.02094554965664032,1.0,1428.0
0.01129868450215642,0.0,1429.0
0.023479465433854846,1.0,1429.0
0.013738743096706432,0.0,1430.0
0.023267441765273712,1.0,1430.0
0.013040304412647108,0.0,1431.0
0.0226025194166573,1.0,1431.0
0.017466707033344544,0.0,1432.0
0.02714933221187987,1.0,1432.0
0.017437003775064144,0.0,1433.0
0.026112651097258865,1.0,1433.0
0.013573983337410868,0.0,1434.0
0.02464211900367832,1.0,1434.0
0.015053034449938154,0.0,1435.0
0.027667185436657773,1.0,1435.0
0.010589822295325216,0.0,1436.0
0.023046301479632655,1.0,1436.0
0.012181326891562205,0.0,1437.0
0.019000468130468896,1.0,1437.0
0.011421612289849148,0.0,1438.0
0.01739874416215697,1.0,1438.0
0.012889733695746135,0.0,1439.0
0.01774542181252138,1.0,1439.0
0.01321266535836998,0.0,1440.0
0.022421639162356316,1.0,1440.0
0.010881135300714525,0.0,1441.0
0.030145480477632908,1.0,1441.0
0.011429924077084043,0.0,1442.0
0.01883156052457047,1.0,1442.0
0.010499079747706128,0.0,1443.0
0.019053253571502622,1.0,1443.0
0.010693050341167548,0.0,1444.0
0.0246739725248061,1.0,1444.0
0.010990787219206696,0.0,1445.0
0.025474391702801514,1.0,1445.0
0.012756960055450212,0.0,1446.0
0.029323167001081524,1.0,1446.0
0.017376199633045895,0.0,1447.0
0.03338058191412102,1.0,1447.0
0.011830894077351765,0.0,1448.0
0.02589268178638982,1.0,1448.0
0.012047747881717946,0.0,1449.0
0.02357540904265454,1.0,1449.0
0.012210405360148995,0.0,1450.0
0.019602920786954785,1.0,1450.0
0.011234800669714762,0.0,1451.0
0.019013881372302845,1.0,1451.0
0.012075379815902247,0.0,1452.0
0.022224113214502395,1.0,1452.0
0.013757283121163604,0.0,1453.0
0.02304683493384749,1.0,1453.0
0.015288437503909113,0.0,1454.0
0.02572398938365271,1.0,1454.0
0.013658723164199343,0.0,1455.0
0.018298273600924668,1.0,1455.0
0.012108498321422561,0.0,1456.0
0.019255383300970756,1.0,1456.0
0.011848667874201411,0.0,1457.0
0.02453131276184682,1.0,1457.0
0.013872866476302825,0.0,1458.0
0.026059219544123425,1.0,1458.0
0.013852154255822847,0.0,1459.0
0.027259938274768736,1.0,1459.0
0.016492002883767714,0.0,1460.0
0.025672869688640795,1.0,1460.0
0.018752912192358664,0.0,1461.0
0.02760005354552265,1.0,1461.0
0.014173703615661682,0.0,1462.0
0.025527427008332725,1.0,1462.0
0.013569005137183617,0.0,1463.0
0.023338172251629236,1.0,1463.0
0.011616860071237276,0.0,1464.0
0.02266983933726271,1.0,1464.0
0.013440727999459374,0.0,1465.0
0.017892130952304026,1.0,1465.0
0.01242460508465521,0.0,1466.0
0.021038707932927427,1.0,1466.0
0.014303630291714133,0.0,1467.0
0.018923303140767053,1.0,1467.0
0.016380194547182602,0.0,1468.0
0.021208901288535673,1.0,1468.0
0.013304157522755843,0.0,1469.0
0.0181427939137036,1.0,1469.0
0.01231768813277103,0.0,1470.0
0.01964395557601896,1.0,1470.0
0.009129574874614091,0.0,1471.0
0.016529687566675565,1.0,1471.0
0.012542169118904867,0.0,1472.0
0.021416477144755586,1.0,1472.0
0.011384179457668123,0.0,1473.0
0.020156647029382788,1.0,1473.0
0.012756998322998002,0.0,1474.0
0.01937828990391251,1.0,1474.0
0.014724283725035616,0.0,1475.0
0.019910907433705695,1.0,1475.0
0.012226449756703374,0.0,1476.0
0.02158719248474886,1.0,1476.0
0.011674893382017633,0.0,1477.0
0.02096228098037236,1.0,1477.0
0.012470760371033415,0.0,1478.0
0.05501501465558228,1.0,1478.0
0.013009616128525402,0.0,1479.0
0.04771306529467929,1.0,1479.0
0.014113865132963409,0.0,1480.0
0.05083788674978153,1.0,1480.0
0.016598813447395222,0.0,1481.0
0.04834054622422119,1.0,1481.0
0.016735762835343587,0.0,1482.0
0.03728257222420966,1.0,1482.0
0.013569141566131187,0.0,1483.0
0.045903895149362196,1.0,1483.0
0.01243999789079931,0.0,1484.0
0.04718995752356593,1.0,1484.0
0.01019469160568642,0.0,1485.0
0.018003220898218035,1.0,1485.0
0.011452268865606232,0.0,1486.0
0.024224012138023363,1.0,1486.0
0.010967832026152924,0.0,1487.0
0.021499538771738855,1.0,1487.0
0.014092912839445124,0.0,1488.0
0.02667163875783909,1.0,1488.0
0.015305512232601891,0.0,1489.0
0.027138926298715497,1.0,1489.0
0.011150035766938278,0.0,1490.0
0.022123358406916337,1.0,1490.0
0.009302704069785398,0.0,1491.0
0.018320759381839646,1.0,1491.0
0.010093699210606441,0.0,1492.0
0.019142421326829757,1.0,1492.0
0.010293354355843927,0.0,1493.0
0.019424877124174834,1.0,1493.0
0.0109171729544523,0.0,1494.0
0.02027461386978263,1.0,1494.0
0.0121957574503233,0.0,1495.0
0.019570788184237343,1.0,1495.0
0.01342316620808877,0.0,1496.0
0.018441207638766232,1.0,1496.0
0.011294121103416021,0.0,1497.0
0.01726324606406098,1.0,1497.0
0.010419993204245552,0.0,1498.0
0.019163379544171973,1.0,1498.0
0.012730006839801787,0.0,1499.0
0.026622262986114698,1.0,1499.0
0.013621207762169402,0.0,1500.0
0.03580791345925768,1.0,1500.0
0.013555511086191257,0.0,1501.0
0.04012132633575248,1.0,1501.0
0.014918050505129088,0.0,1502.0
0.035299598057279176,1.0,1502.0
0.017695978504957063,0.0,1503.0
0.024335280012877582,1.0,1503.0
0.014228207478340199,0.0,1504.0
0.02457841099082751,1.0,1504.0
0.012018621296066876,0.0,1505.0
0.03575549846250865,1.0,1505.0
0.0108054667664023,0.0,1506.0
0.01781802599967931,1.0,1506.0
0.012250242403861963,0.0,1507.0
0.021113363412386933,1.0,1507.0
0.011660441582228676,0.0,1508.0
0.02080622943495996,1.0,1508.0
0.01399379302322306,0.0,1509.0
0.021851792522532425,1.0,1509.0
0.015974187425009244,0.0,1510.0
0.020370745846917507,1.0,1510.0
0.013848255767775423,0.0,1511.0
0.020090707857178508,1.0,1511.0
0.011566561728581453,0.0,1512.0
0.019588569841950718,1.0,1512.0
0.010956056519317527,0.0,1513.0
0.020199520046731652,1.0,1513.0
0.011833863014257703,0.0,1514.0
0.02406347876850306,1.0,1514.0
0.012038562144179725,0.0,1515.0
0.02391177324270299,1.0,1515.0
0.01340309409670543,0.0,1516.0
0.02553703989006758,1.0,1516.0
0.014803990358555116,0.0,1517.0
0.02091608454038477,1.0,1517.0
0.012006579505664148,0.0,1518.0
0.016964047482096598,1.0,1518.0
0.012089974103991109,0.0,1519.0
0.02109296465319991,1.0,1519.0
0.011620463479103095,0.0,1520.0
0.02000088620398969,1.0,1520.0
0.011674029792211126,0.0,1521.0
0.023606553627576073,1.0,1521.0
0.012467571364669945,0.0,1522.0
0.022591365313745296,1.0,1522.0
0.013896188084461126,0.0,1523.0
0.027575151836080752,1.0,1523.0
0.01619505886100567,0.0,1524.0
0.02624000346966836,1.0,1524.0
0.01248962746235665,0.0,1525.0
0.024895040030425444,1.0,1525.0
0.011304491321242893,0.0,1526.0
0.023956450753187388,1.0,1526.0
0.010042378336062915,0.0,1527.0
0.014889602770620758,1.0,1527.0
0.010913079970471841,0.0,1528.0
0.016705431004653024,1.0,1528.0
0.011211379226029078,0.0,1529.0
0.018519919012377227,1.0,1529.0
0.012861559584351262,0.0,1530.0
0.02290935450175142,1.0,1530.0
0.015032957140182754,0.0,1531.0
0.022688552436731613,1.0,1531.0
0.011796286751550405,0.0,1532.0
0.018983631392423664,1.0,1532.0
0.010315458761792191,0.0,1533.0
0.020730450752370608,1.0,1533.0
0.010201713012586556,0.0,1534.0
0.018068129602754147,1.0,1534.0
0.010515568662537313,0.0,1535.0
0.019089459713668974,1.0,1535.0
0.011251880315355966,0.0,1536.0
0.020542458869301283,1.0,1536.0
0.01144365576556922,0.0,1537.0
0.019579852092274454,1.0,1537.0
0.016312896008053825,0.0,1538.0
0.021448701033322942,1.0,1538.0
0.012115303640385261,0.0,1539.0
0.01858756980570268,1.0,1539.0
0.009965080341895645,0.0,1540.0
0.017582033496159877,1.0,1540.0
