poisson_1,label,id
-19.55832761781403,0.0,1.0
-38.67394719981803,1.0,1.0
-18.88699816982853,0.0,2.0
-38.17213779703616,1.0,2.0
-17.477905066973108,0.0,3.0
-39.09289913271414,1.0,3.0
-24.2406573721928,0.0,4.0
-42.421135859052356,1.0,4.0
-32.05597041828378,0.0,5.0
-51.94247498563209,1.0,5.0
-28.87758190511795,0.0,6.0
-49.9875963577756,1.0,6.0
-20.101208919294095,0.0,7.0
-39.56659888345075,1.0,7.0
-19.72409628630703,0.0,8.0
-36.40715322694996,1.0,8.0
-22.150496137369828,0.0,9.0
-43.762146028717325,1.0,9.0
-20.090465550118097,0.0,10.0
-43.52419120076411,1.0,10.0
-28.390274300487363,0.0,11.0
-55.50241090773079,1.0,11.0
-55.978978436374746,0.0,12.0
-109.46399817071597,1.0,12.0
-29.6488138173886,0.0,13.0
-59.80206832586828,1.0,13.0
-20.91868207314974,0.0,14.0
-58.510596754387734,1.0,14.0
-19.447954146904976,0.0,15.0
-66.45863600602479,1.0,15.0
-22.58581438109195,0.0,16.0
-64.78983991103678,1.0,16.0
-20.925783303859134,0.0,17.0
-65.18377524733796,1.0,17.0
-29.652063454065228,0.0,18.0
-89.08656702988901,1.0,18.0
-41.69081406857458,0.0,19.0
-103.9601758774279,1.0,19.0
-31.635096702525516,0.0,20.0
-84.9665003051523,1.0,20.0
-27.119079465537652,0.0,21.0
-75.65947401128233,1.0,21.0
-22.738073538005665,0.0,22.0
-36.84612273464245,1.0,22.0
-20.845038274265335,0.0,23.0
-39.80275531774487,1.0,23.0
-20.505851570438608,0.0,24.0
-77.76779843264376,1.0,24.0
-31.69911505404616,0.0,25.0
-97.45891973992502,1.0,25.0
-54.42705502113131,0.0,26.0
-110.1510067134368,1.0,26.0
-38.695382223920205,0.0,27.0
-60.22976419013776,1.0,27.0
-24.767094077063575,0.0,28.0
-43.9553296397994,1.0,28.0
-16.73923730073284,0.0,29.0
-44.04130179605181,1.0,29.0
-17.623662784520093,0.0,30.0
-46.572304284177335,1.0,30.0
-15.305879891564018,0.0,31.0
-49.596519733802324,1.0,31.0
-19.47559204156596,0.0,32.0
-47.0484641292428,1.0,32.0
-33.23649331800425,0.0,33.0
-70.91468478839533,1.0,33.0
-27.301682943327705,0.0,34.0
-65.92404728023212,1.0,34.0
-16.068205563835818,0.0,35.0
-42.00246143066124,1.0,35.0
-17.486752922393862,0.0,36.0
-20.51266440902691,1.0,36.0
-19.09436437311524,0.0,37.0
-22.091297301147733,1.0,37.0
-17.12967745649439,0.0,38.0
-20.850538933268126,1.0,38.0
-28.30798629568062,0.0,39.0
-32.0360405403444,1.0,39.0
-48.65278734677031,0.0,40.0
-51.72958759914127,1.0,40.0
-30.691182134677092,0.0,41.0
-33.887710658012566,1.0,41.0
-20.776573614630706,0.0,42.0
-24.574686661668693,1.0,42.0
-23.229537850271754,0.0,43.0
-64.766949463733,1.0,43.0
-19.39304409030092,0.0,44.0
-62.57777960730846,1.0,44.0
-20.212604956820087,0.0,45.0
-79.47920716117505,1.0,45.0
-25.782709469941892,0.0,46.0
-94.87185151466883,1.0,46.0
-48.053200815892524,0.0,47.0
-122.07051135498659,1.0,47.0
-35.63748825266339,0.0,48.0
-98.5859679925361,1.0,48.0
-21.74404672479841,0.0,49.0
-37.444614509136954,1.0,49.0
-19.913689770813107,0.0,50.0
-23.04663205136194,1.0,50.0
-17.45989000990585,0.0,51.0
-20.99177016442536,1.0,51.0
-17.916681716982566,0.0,52.0
-21.08920796462462,1.0,52.0
-28.71386877563873,0.0,53.0
-31.95251003193107,1.0,53.0
-39.761696850673616,0.0,54.0
-42.96495523428803,1.0,54.0
-29.4637287154751,0.0,55.0
-36.07097226144242,1.0,55.0
-19.40449240692533,0.0,56.0
-27.155055998473927,1.0,56.0
-22.011504931382206,0.0,57.0
-33.739263966282124,1.0,57.0
-18.365768387659955,0.0,58.0
-30.939059994926993,1.0,58.0
-19.88637400289099,0.0,59.0
-33.45583275290255,1.0,59.0
-26.713681509558683,0.0,60.0
-37.64953555083321,1.0,60.0
-46.60280877527566,0.0,61.0
-56.72796851930798,1.0,61.0
-32.59941327607157,0.0,62.0
-40.20035354078709,1.0,62.0
-19.945687247151,0.0,63.0
-34.87301394155065,1.0,63.0
-21.35457507324554,0.0,64.0
-26.957555082453837,1.0,64.0
-19.96558890575625,0.0,65.0
-25.74274812168005,1.0,65.0
-20.967774317121894,0.0,66.0
-26.294424796446492,1.0,66.0
-27.46034171279598,0.0,67.0
-33.448053946005984,1.0,67.0
-34.46317960364195,0.0,68.0
-40.274248720975265,1.0,68.0
-27.142346287250348,0.0,69.0
-32.60221006975098,1.0,69.0
-20.472470325165887,0.0,70.0
-26.641455909467822,1.0,70.0
-22.107631445358493,0.0,71.0
-43.42185033683654,1.0,71.0
-19.03162031094007,0.0,72.0
-51.357160977333024,1.0,72.0
-19.720639852238946,0.0,73.0
-40.26734760072395,1.0,73.0
-29.4581256822662,0.0,74.0
-52.05595024621789,1.0,74.0
-37.869243889448626,0.0,75.0
-76.34764991070142,1.0,75.0
-25.56158960271341,0.0,76.0
-54.3013211156599,1.0,76.0
-17.375501148102558,0.0,77.0
-38.28676498748018,1.0,77.0
-19.635966677672513,0.0,78.0
-27.928873063028732,1.0,78.0
-18.828587154008346,0.0,79.0
-26.981655756971577,1.0,79.0
-16.525472696468114,0.0,80.0
-23.978682964298514,1.0,80.0
-27.510799675493217,0.0,81.0
-34.33591371870898,1.0,81.0
-44.17783844863243,0.0,82.0
-50.898495943754824,1.0,82.0
-27.681115864190815,0.0,83.0
-33.60115364026433,1.0,83.0
-16.440353006148143,0.0,84.0
-23.168395363093623,1.0,84.0
-19.229958475151307,0.0,85.0
-47.42517741327674,1.0,85.0
-20.77982170594578,0.0,86.0
-41.658398886852865,1.0,86.0
-17.927181278224907,0.0,87.0
-38.65314376464403,1.0,87.0
-25.057377066493245,0.0,88.0
-44.16198386986616,1.0,88.0
-37.67492355096692,0.0,89.0
-53.67424702909102,1.0,89.0
-27.150072933857246,0.0,90.0
-46.39129081530791,1.0,90.0
-21.5624744566785,0.0,91.0
-53.72848064693471,1.0,91.0
-18.709921361596116,0.0,92.0
-29.909963212227467,1.0,92.0
-18.007340552974256,0.0,93.0
-29.32844328635383,1.0,93.0
-16.814312484163565,0.0,94.0
-27.253288559362318,1.0,94.0
-22.66914197275355,0.0,95.0
-32.718153552145395,1.0,95.0
-43.03264944485181,0.0,96.0
-52.625863590522385,1.0,96.0
-28.017050678288797,0.0,97.0
-42.57355582393939,1.0,97.0
-20.29711084288374,0.0,98.0
-28.32493836322783,1.0,98.0
-18.98217971265649,0.0,99.0
-30.70399542072255,1.0,99.0
-18.24273052589342,0.0,100.0
-30.656361572599508,1.0,100.0
-19.049088906740963,0.0,101.0
-31.466914077704132,1.0,101.0
-26.27782688144316,0.0,102.0
-37.381835793045866,1.0,102.0
-42.33154310957798,0.0,103.0
-55.433560301238685,1.0,103.0
-29.325670847483252,0.0,104.0
-49.7190292163782,1.0,104.0
-19.53791395584676,0.0,105.0
-33.46990125995762,1.0,105.0
-24.162624817611686,0.0,106.0
-49.47304360915268,1.0,106.0
-18.071093225616096,0.0,107.0
-46.618994454929634,1.0,107.0
-20.870828217931376,0.0,108.0
-44.791164118008965,1.0,108.0
-32.20225132393034,0.0,109.0
-57.34646446600527,1.0,109.0
-42.850084373556456,0.0,110.0
-68.46150369254974,1.0,110.0
-30.17393486183073,0.0,111.0
-57.081249508815745,1.0,111.0
-21.376939344488164,0.0,112.0
-45.55595174151995,1.0,112.0
-16.700453703843777,0.0,113.0
-65.67114387226002,1.0,113.0
-16.067473650613465,0.0,114.0
-42.301750447153154,1.0,114.0
-17.256778793367175,0.0,115.0
-49.02249628571644,1.0,115.0
-21.094910595186775,0.0,116.0
-54.52165169025602,1.0,116.0
-34.85813942057575,0.0,117.0
-44.49781117773455,1.0,117.0
-20.560577719140383,0.0,118.0
-27.104606053261705,1.0,118.0
-15.144874162434917,0.0,119.0
-18.810863570631227,1.0,119.0
-21.9374382090773,0.0,120.0
-41.675829767813866,1.0,120.0
-19.86610793480895,0.0,121.0
-32.77875624666922,1.0,121.0
-21.79291074640969,0.0,122.0
-31.09219817464691,1.0,122.0
-30.8458752760921,0.0,123.0
-43.48968190705409,1.0,123.0
-48.34365846607761,0.0,124.0
-58.217290002698064,1.0,124.0
-34.864873794734194,0.0,125.0
-48.21661720746988,1.0,125.0
-19.049243172577007,0.0,126.0
-36.66837115896533,1.0,126.0
-16.421394095613323,0.0,127.0
-24.342575292919264,1.0,127.0
-15.598664429735436,0.0,128.0
-24.348268974433267,1.0,128.0
-15.622749865626247,0.0,129.0
-25.581665800655628,1.0,129.0
-20.915952809684313,0.0,130.0
-30.87847362780076,1.0,130.0
-33.12679680831616,0.0,131.0
-41.77048903893183,1.0,131.0
-19.91454475781393,0.0,132.0
-29.949936075699952,1.0,132.0
-15.059770863208541,0.0,133.0
-25.756122792602127,1.0,133.0
-21.695370553733028,0.0,134.0
-29.15584006437666,1.0,134.0
-21.236963728032606,0.0,135.0
-29.18074822827839,1.0,135.0
-22.168927395313403,0.0,136.0
-30.24439124152923,1.0,136.0
-31.927855083938994,0.0,137.0
-38.83759624318418,1.0,137.0
-46.07394703552018,0.0,138.0
-55.18681505087898,1.0,138.0
-27.16362039328169,0.0,139.0
-34.234912566748335,1.0,139.0
-22.2476177160529,0.0,140.0
-33.633941452460476,1.0,140.0
-25.3972500658233,0.0,141.0
-40.447150964510456,1.0,141.0
-21.92016176303696,0.0,142.0
-39.03685517076292,1.0,142.0
-21.672895297046125,0.0,143.0
-39.35074654945083,1.0,143.0
-32.5495353953479,0.0,144.0
-55.06342066671823,1.0,144.0
-49.55715430019063,0.0,145.0
-64.8585564908617,1.0,145.0
-35.036444424794354,0.0,146.0
-45.62513931941339,1.0,146.0
-26.86163845646115,0.0,147.0
-41.235163762604316,1.0,147.0
-17.663614497188064,0.0,148.0
-20.485963003417055,1.0,148.0
-17.830749070511956,0.0,149.0
-21.57230927911087,1.0,149.0
-17.32815954808939,0.0,150.0
-21.17095420396072,1.0,150.0
-23.196463611403942,0.0,151.0
-26.782394855456005,1.0,151.0
-39.15353921873975,0.0,152.0
-42.13950952310461,1.0,152.0
-26.068181062038093,0.0,153.0
-30.69483866296241,1.0,153.0
-15.470690917748016,0.0,154.0
-18.16657892389003,1.0,154.0
-21.368695783303792,0.0,155.0
-69.30710883601023,1.0,155.0
-20.779938154148567,0.0,156.0
-75.47353097482255,1.0,156.0
-19.293824977759414,0.0,157.0
-59.944779802828634,1.0,157.0
-30.317944752181575,0.0,158.0
-68.01459224082055,1.0,158.0
-57.53504114816951,0.0,159.0
-96.41010760598874,1.0,159.0
-31.742407340106183,0.0,160.0
-77.99937493148173,1.0,160.0
-19.094312978322705,0.0,161.0
-59.46919699219052,1.0,161.0
-23.256572938802947,0.0,162.0
-36.77665759394631,1.0,162.0
-21.079330029332596,0.0,163.0
-39.00253737205685,1.0,163.0
-21.969598583581046,0.0,164.0
-39.72510205399249,1.0,164.0
-30.03192531834111,0.0,165.0
-54.803530497035354,1.0,165.0
-48.572345380286606,0.0,166.0
-77.11823014434685,1.0,166.0
-30.851597656575905,0.0,167.0
-66.86750590588053,1.0,167.0
-23.074683675507913,0.0,168.0
-47.34297145746996,1.0,168.0
-19.58170530221878,0.0,169.0
-34.343970397925204,1.0,169.0
-20.405922885200653,0.0,170.0
-39.80293585813615,1.0,170.0
-17.57636594841233,0.0,171.0
-34.08596290531932,1.0,171.0
-31.450961959429605,0.0,172.0
-55.17406847182974,1.0,172.0
-53.491961917171466,0.0,173.0
-99.96210176046952,1.0,173.0
-27.726428821181344,0.0,174.0
-44.72595478207586,1.0,174.0
-21.278935917077888,0.0,175.0
-36.20866652895802,1.0,175.0
-20.004913375424167,0.0,176.0
-44.87128242660128,1.0,176.0
-21.266719692674087,0.0,177.0
-34.568981042838004,1.0,177.0
-22.924349628545315,0.0,178.0
-38.93666871626738,1.0,178.0
-33.19077964856069,0.0,179.0
-50.10623908953403,1.0,179.0
-47.03204415567416,0.0,180.0
-51.9277732510991,1.0,180.0
-30.34697167365357,0.0,181.0
-33.632108794150554,1.0,181.0
-22.50301205500091,0.0,182.0
-24.351900952190135,1.0,182.0
-21.69617076183249,0.0,183.0
-40.20771956873523,1.0,183.0
-19.765798860264567,0.0,184.0
-39.05417735797437,1.0,184.0
-19.777619502661764,0.0,185.0
-50.190886171996226,1.0,185.0
-32.34314598124138,0.0,186.0
-54.95847730538799,1.0,186.0
-42.68468797004425,0.0,187.0
-73.55228336776145,1.0,187.0
-26.198527133246444,0.0,188.0
-54.76844908955172,1.0,188.0
-18.940804413079604,0.0,189.0
-38.805072703980386,1.0,189.0
-18.278145973590654,0.0,190.0
-26.411324853014776,1.0,190.0
-15.954420408066198,0.0,191.0
-24.811929636119658,1.0,191.0
-15.381179415979659,0.0,192.0
-22.839481394370523,1.0,192.0
-19.45662581821216,0.0,193.0
-31.01340395100624,1.0,193.0
-34.295456293810275,0.0,194.0
-41.646449487963764,1.0,194.0
-21.520174081154437,0.0,195.0
-30.155679318244893,1.0,195.0
-13.824192658287302,0.0,196.0
-24.538847638903462,1.0,196.0
-22.389646629418166,0.0,197.0
-27.42192591977937,1.0,197.0
-24.412537084268024,0.0,198.0
-30.12170584928981,1.0,198.0
-24.453831545294634,0.0,199.0
-30.259009987200443,1.0,199.0
-39.46991158183755,0.0,200.0
-45.161296272464824,1.0,200.0
-59.23239085786372,0.0,201.0
-63.82571616531004,1.0,201.0
-36.34755450335524,0.0,202.0
-40.50964332109743,1.0,202.0
-26.99638063096154,0.0,203.0
-32.309555219161666,1.0,203.0
-17.179774551390892,0.0,204.0
-42.135394438786534,1.0,204.0
-17.61577621969309,0.0,205.0
-43.385136358928776,1.0,205.0
-16.090946610128867,0.0,206.0
-42.82546078849691,1.0,206.0
-25.001636232507735,0.0,207.0
-49.71813373458008,1.0,207.0
-38.46334769438545,0.0,208.0
-63.640961685669026,1.0,208.0
-26.35803693691014,0.0,209.0
-53.57265384819675,1.0,209.0
-23.30223938337349,0.0,210.0
-45.974896959071884,1.0,210.0
-21.779998432177763,0.0,211.0
-30.389334200419853,1.0,211.0
-18.913629860905075,0.0,212.0
-29.490271631138512,1.0,212.0
-20.159457240767097,0.0,213.0
-30.49723103819133,1.0,213.0
-26.930207545801295,0.0,214.0
-37.11979586338248,1.0,214.0
-41.22842542641956,0.0,215.0
-47.882866108889175,1.0,215.0
-32.39687002972278,0.0,216.0
-40.06820372320817,1.0,216.0
-17.50281804994438,0.0,217.0
-30.420405929285607,1.0,217.0
-21.68587595722329,0.0,218.0
-27.27229189741911,1.0,218.0
-18.48159452139589,0.0,219.0
-27.015851821980505,1.0,219.0
-20.16989427739827,0.0,220.0
-29.35960554867779,1.0,220.0
-37.89362488525512,0.0,221.0
-47.27685683228947,1.0,221.0
-48.201123377584736,0.0,222.0
-57.83506147457956,1.0,222.0
-32.89387580078528,0.0,223.0
-42.86989361825363,1.0,223.0
-20.721654584906446,0.0,224.0
-29.60550689728916,1.0,224.0
-20.015952701849073,0.0,225.0
-39.26816046582826,1.0,225.0
-19.976592199303468,0.0,226.0
-52.950645243923645,1.0,226.0
-19.171148901828474,0.0,227.0
-46.72067573195636,1.0,227.0
-33.03388641797892,0.0,228.0
-64.94128852902122,1.0,228.0
-51.77490564748223,0.0,229.0
-81.799356250026,1.0,229.0
-33.308479501952206,0.0,230.0
-60.98581227841805,1.0,230.0
-23.505985893425077,0.0,231.0
-51.297344168053314,1.0,231.0
-19.141603202152965,0.0,232.0
-50.46219949373608,1.0,232.0
-18.366635182725076,0.0,233.0
-50.81273739101971,1.0,233.0
-16.828733750016,0.0,234.0
-59.06063138863874,1.0,234.0
-27.756200523577718,0.0,235.0
-71.41508052521158,1.0,235.0
-38.10392352337931,0.0,236.0
-84.86853584024266,1.0,236.0
-30.192555563629867,0.0,237.0
-64.19823752299953,1.0,237.0
-20.508148486074788,0.0,238.0
-62.147192511436515,1.0,238.0
-20.50486516392357,0.0,239.0
-33.52819191398703,1.0,239.0
-19.541453091668245,0.0,240.0
-33.386237324551985,1.0,240.0
-21.58572592729115,0.0,241.0
-34.16116962808792,1.0,241.0
-31.77283434454648,0.0,242.0
-46.792751770296036,1.0,242.0
-53.70900645573602,0.0,243.0
-67.01812177364354,1.0,243.0
-26.836751543959963,0.0,244.0
-48.54140829101925,1.0,244.0
-21.803890845079422,0.0,245.0
-40.51867517304163,1.0,245.0
-21.467517228169527,0.0,246.0
-44.67049376978321,1.0,246.0
-23.63398637774071,0.0,247.0
-37.98320112413148,1.0,247.0
-22.213075443583875,0.0,248.0
-36.75450827423083,1.0,248.0
-30.870838518661913,0.0,249.0
-48.61607657359173,1.0,249.0
-56.357403124447046,0.0,250.0
-75.12532484144776,1.0,250.0
-34.50247997178667,0.0,251.0
-56.95577269678233,1.0,251.0
-27.094771814157866,0.0,252.0
-43.13831656421053,1.0,252.0
-23.269848368446674,0.0,253.0
-36.31440281267487,1.0,253.0
-19.921812012943064,0.0,254.0
-39.60082948946774,1.0,254.0
-19.69230256168794,0.0,255.0
-35.02936234608569,1.0,255.0
-26.696149684046304,0.0,256.0
-42.44468774712686,1.0,256.0
-39.569521676544355,0.0,257.0
-58.703232108045995,1.0,257.0
-30.640055753660818,0.0,258.0
-47.49383567985751,1.0,258.0
-17.804586932623806,0.0,259.0
-38.64042684063588,1.0,259.0
-21.171187892386115,0.0,260.0
-28.308956258600574,1.0,260.0
-15.799530810574197,0.0,261.0
-18.831393390245466,1.0,261.0
-17.11398596863637,0.0,262.0
-21.30197929270753,1.0,262.0
-25.699457460375925,0.0,263.0
-29.115282292242227,1.0,263.0
-37.59669236382251,0.0,264.0
-43.37215759449464,1.0,264.0
-25.40708121305488,0.0,265.0
-33.51241462580538,1.0,265.0
-17.90604365974059,0.0,266.0
-26.01133018803648,1.0,266.0
-18.98434546968565,0.0,267.0
-31.90595858708957,1.0,267.0
-17.202047320452948,0.0,268.0
-30.952294473725033,1.0,268.0
-18.46277734530213,0.0,269.0
-32.514661337375856,1.0,269.0
-31.207491852081148,0.0,270.0
-43.20289244588139,1.0,270.0
-52.41061932564389,0.0,271.0
-67.97965866389495,1.0,271.0
-34.30775733942119,0.0,272.0
-46.44622449434701,1.0,272.0
-20.032776250300685,0.0,273.0
-39.584449647409656,1.0,273.0
-19.397200760180112,0.0,274.0
-27.3968571786304,1.0,274.0
-20.75051288992563,0.0,275.0
-32.03176181589515,1.0,275.0
-19.85542155485973,0.0,276.0
-33.00253877613841,1.0,276.0
-24.877817253369813,0.0,277.0
-37.429357719756354,1.0,277.0
-31.984479900594124,0.0,278.0
-39.48437975797697,1.0,278.0
-23.54107596206586,0.0,279.0
-30.333121779367048,1.0,279.0
-26.53893439682406,0.0,280.0
-39.34752300912214,1.0,280.0
-19.958023555535874,0.0,281.0
-31.548167177832056,1.0,281.0
-16.46602028231473,0.0,282.0
-26.34058393835312,1.0,282.0
-15.417726068114462,0.0,283.0
-30.30638264058007,1.0,283.0
-23.69040117466284,0.0,284.0
-44.85398236055062,1.0,284.0
-39.52869716743453,0.0,285.0
-67.51986715178873,1.0,285.0
-26.873462662910242,0.0,286.0
-49.26677899478409,1.0,286.0
-16.292919585261643,0.0,287.0
-34.45649770583441,1.0,287.0
-26.648854219508394,0.0,288.0
-35.257684040524055,1.0,288.0
-23.127174830699914,0.0,289.0
-36.22037679201594,1.0,289.0
-22.104952353668523,0.0,290.0
-30.398949346554218,1.0,290.0
-41.3155016137307,0.0,291.0
-50.49593276318092,1.0,291.0
-51.17705329234013,0.0,292.0
-66.68260359408032,1.0,292.0
-37.24192820000735,0.0,293.0
-48.803305110137444,1.0,293.0
-32.00016347040946,0.0,294.0
-40.45404496487117,1.0,294.0
-20.95148045859287,0.0,295.0
-43.039690906957276,1.0,295.0
-16.59946165875499,0.0,296.0
-31.167750859019634,1.0,296.0
-15.806415251615817,0.0,297.0
-30.618039985728956,1.0,297.0
-20.53408558256706,0.0,298.0
-40.75733495130089,1.0,298.0
-37.73379627420036,0.0,299.0
-61.14494293559528,1.0,299.0
-23.98803094948107,0.0,300.0
-48.798084378265685,1.0,300.0
-15.503161578095387,0.0,301.0
-36.98455627973726,1.0,301.0
-24.429503839273366,0.0,302.0
-39.54733754333665,1.0,302.0
-23.014407945693165,0.0,303.0
-31.86467101909693,1.0,303.0
-22.569648241234972,0.0,304.0
-29.929059506054273,1.0,304.0
-31.143932541537197,0.0,305.0
-38.94757068485296,1.0,305.0
-60.84740667095775,0.0,306.0
-68.98573514652253,1.0,306.0
-37.13511231188659,0.0,307.0
-45.668102233825266,1.0,307.0
-24.587699101009548,0.0,308.0
-31.81566398610812,1.0,308.0
-18.585868854085675,0.0,309.0
-44.062814660756885,1.0,309.0
-22.688007221235694,0.0,310.0
-47.575642413445166,1.0,310.0
-20.034730721014512,0.0,311.0
-41.83104927748309,1.0,311.0
-26.07461586609361,0.0,312.0
-48.191875227501896,1.0,312.0
-39.55415988262121,0.0,313.0
-63.63214629222148,1.0,313.0
-28.266651523210385,0.0,314.0
-60.620015293497545,1.0,314.0
-20.197404113199354,0.0,315.0
-47.417192283199256,1.0,315.0
-22.163897444864233,0.0,316.0
-69.12741812289414,1.0,316.0
-20.11448407753096,0.0,317.0
-45.95910547937001,1.0,317.0
-20.023727635292744,0.0,318.0
-48.409061891990405,1.0,318.0
-30.916591542561946,0.0,319.0
-65.95247728393133,1.0,319.0
-45.99498009476429,0.0,320.0
-78.72679744396282,1.0,320.0
-27.08938219527272,0.0,321.0
-64.09026342519792,1.0,321.0
-22.14859358367812,0.0,322.0
-65.70731956874079,1.0,322.0
-17.36993075856526,0.0,323.0
-93.2748365061475,1.0,323.0
-17.140842042281747,0.0,324.0
-58.03854374456523,1.0,324.0
-19.175423130611307,0.0,325.0
-68.53551713682828,1.0,325.0
-27.8157377590951,0.0,326.0
-79.89698039116956,1.0,326.0
-34.357199595431666,0.0,327.0
-49.4154521629016,1.0,327.0
-28.232423249859494,0.0,328.0
-38.35894037790149,1.0,328.0
-18.029700619712912,0.0,329.0
-23.745579684971744,1.0,329.0
-15.88756007496022,0.0,330.0
-21.267477553664776,1.0,330.0
-14.810270878950178,0.0,331.0
-24.536286664114414,1.0,331.0
-13.590482398604763,0.0,332.0
-24.35323613998844,1.0,332.0
-21.38986574945011,0.0,333.0
-31.49600714579583,1.0,333.0
-36.89227802190999,0.0,334.0
-41.93120208070195,1.0,334.0
-17.59348722809409,0.0,335.0
-21.393772446527237,1.0,335.0
-13.20834402395758,0.0,336.0
-20.680924152771695,1.0,336.0
-20.09732461123167,0.0,337.0
-48.03951747138308,1.0,337.0
-21.104944195852113,0.0,338.0
-43.372241530904375,1.0,338.0
-19.95939172588578,0.0,339.0
-41.95105429043997,1.0,339.0
-30.225115106835347,0.0,340.0
-53.07158934285326,1.0,340.0
-39.85124405172064,0.0,341.0
-65.83612317802908,1.0,341.0
-29.59103389861957,0.0,342.0
-57.90637012999059,1.0,342.0
-25.752644533279636,0.0,343.0
-50.12990860271975,1.0,343.0
-20.489944182423187,0.0,344.0
-64.8776816195682,1.0,344.0
-17.346160427781797,0.0,345.0
-63.725599902872545,1.0,345.0
-18.976584302258743,0.0,346.0
-63.38758517270253,1.0,346.0
-23.881200690041624,0.0,347.0
-85.48301079193061,1.0,347.0
-40.52071849667391,0.0,348.0
-111.8316575745057,1.0,348.0
-26.054212853188346,0.0,349.0
-72.81227739750193,1.0,349.0
-16.204409590016894,0.0,350.0
-63.1082555333237,1.0,350.0
-19.779258103390475,0.0,351.0
-35.62526826643216,1.0,351.0
-16.707348786056173,0.0,352.0
-37.65683771427348,1.0,352.0
-18.9706034036044,0.0,353.0
-33.57843489179777,1.0,353.0
-23.623579552055162,0.0,354.0
-42.145025300826546,1.0,354.0
-33.60542070196834,0.0,355.0
-47.1487101916382,1.0,355.0
-23.73745041998427,0.0,356.0
-37.40826704794836,1.0,356.0
-17.746313140348775,0.0,357.0
-35.81663143743799,1.0,357.0
-17.715010618317137,0.0,358.0
-38.47478207689346,1.0,358.0
-18.636197372778952,0.0,359.0
-35.81192135936044,1.0,359.0
-18.032277473751492,0.0,360.0
-38.85565947660871,1.0,360.0
-23.69466497112262,0.0,361.0
-40.22958208727323,1.0,361.0
-33.72798567310929,0.0,362.0
-51.730773615701764,1.0,362.0
-26.426440336438645,0.0,363.0
-43.82706046557587,1.0,363.0
-20.59855324730279,0.0,364.0
-40.59084427124071,1.0,364.0
-16.313588871328193,0.0,365.0
-56.6427809135248,1.0,365.0
-17.746805957955075,0.0,366.0
-53.71841010322578,1.0,366.0
-15.852398417747281,0.0,367.0
-47.29306511146024,1.0,367.0
-20.888938008125933,0.0,368.0
-47.732255318016996,1.0,368.0
-31.59685516139689,0.0,369.0
-80.93635755608102,1.0,369.0
-24.28458341131909,0.0,370.0
-69.0836926861225,1.0,370.0
-15.952546941185574,0.0,371.0
-43.91769483388998,1.0,371.0
-15.796076653179625,0.0,372.0
-30.446146532199236,1.0,372.0
-14.778285413459798,0.0,373.0
-35.835337918528694,1.0,373.0
-16.42970611865576,0.0,374.0
-40.33747135248541,1.0,374.0
-26.296862166964274,0.0,375.0
-48.52621249023423,1.0,375.0
-46.20180678026645,0.0,376.0
-59.1282066862841,1.0,376.0
-26.171309692903833,0.0,377.0
-40.446018221991835,1.0,377.0
-18.75617580947892,0.0,378.0
-39.15135562693058,1.0,378.0
-18.395447889778097,0.0,379.0
-54.04657596881998,1.0,379.0
-18.464666923264303,0.0,380.0
-47.07937595291514,1.0,380.0
-18.093603899741083,0.0,381.0
-49.24207221928282,1.0,381.0
-23.346977851275824,0.0,382.0
-82.6589497883665,1.0,382.0
-43.605861790629206,0.0,383.0
-99.00014764849038,1.0,383.0
-30.97819901060484,0.0,384.0
-99.14386280403323,1.0,384.0
-16.04740013127548,0.0,385.0
-65.75399505988707,1.0,385.0
-17.378212969279502,0.0,386.0
-32.40262866128796,1.0,386.0
-20.110996062753657,0.0,387.0
-32.00511427623678,1.0,387.0
-15.661260103020595,0.0,388.0
-28.966959626686275,1.0,388.0
-22.369473338242187,0.0,389.0
-31.766457790362892,1.0,389.0
-35.60811302293314,0.0,390.0
-51.510494226293304,1.0,390.0
-22.806300623882635,0.0,391.0
-33.91704570533193,1.0,391.0
-17.526721074842044,0.0,392.0
-28.421437083379715,1.0,392.0
-18.405297186344797,0.0,393.0
-30.155496939004024,1.0,393.0
-15.127513114466183,0.0,394.0
-34.02314458129513,1.0,394.0
-16.416258651066528,0.0,395.0
-32.96348724659947,1.0,395.0
-24.362958253340366,0.0,396.0
-41.77357664191641,1.0,396.0
-41.982209220504956,0.0,397.0
-86.05422990269017,1.0,397.0
-29.78707770760502,0.0,398.0
-52.2434649760994,1.0,398.0
-17.54797107979084,0.0,399.0
-35.912624130790846,1.0,399.0
-20.12667309240078,0.0,400.0
-33.13457278399801,1.0,400.0
-15.537625129689332,0.0,401.0
-25.340167403510804,1.0,401.0
-17.260472645682057,0.0,402.0
-26.91533403248559,1.0,402.0
-22.74446079356403,0.0,403.0
-32.79426271977809,1.0,403.0
-36.159024086458885,0.0,404.0
-44.04207689793475,1.0,404.0
-25.64108671529675,0.0,405.0
-37.41297543371775,1.0,405.0
-19.69500282599938,0.0,406.0
-29.168057663790023,1.0,406.0
-20.227302122424135,0.0,407.0
-37.195684759726646,1.0,407.0
-17.85667331965442,0.0,408.0
-36.5410567880358,1.0,408.0
-17.97661678166287,0.0,409.0
-39.23235581479548,1.0,409.0
-26.31115227947248,0.0,410.0
-52.20904257300754,1.0,410.0
-34.8122206605276,0.0,411.0
-96.3701468912468,1.0,411.0
-28.610437966126938,0.0,412.0
-49.84644637157726,1.0,412.0
-16.052300085521438,0.0,413.0
-33.99682397614151,1.0,413.0
-15.525270247777371,0.0,414.0
-28.045426400271936,1.0,414.0
-18.930902038886416,0.0,415.0
-35.44431420544879,1.0,415.0
-17.25898100155655,0.0,416.0
-34.113169741428464,1.0,416.0
-22.83772563928096,0.0,417.0
-38.93158644960704,1.0,417.0
-37.543775580711554,0.0,418.0
-69.24383403838692,1.0,418.0
-23.653343704990675,0.0,419.0
-40.418019396615364,1.0,419.0
-18.763433672203064,0.0,420.0
-31.304692084959697,1.0,420.0
-14.229830323385158,0.0,421.0
-45.05469609877764,1.0,421.0
-12.496379684998374,0.0,422.0
-28.6267927488002,1.0,422.0
-12.206222490803157,0.0,423.0
-31.755500827600827,1.0,423.0
-15.0728843276097,0.0,424.0
-35.54752093516436,1.0,424.0
-24.91908915803242,0.0,425.0
-49.740718512337025,1.0,425.0
-16.222565864184617,0.0,426.0
-36.95017236174817,1.0,426.0
-12.256226401701952,0.0,427.0
-29.943145691063364,1.0,427.0
-18.03771793109263,0.0,428.0
-25.287252668037127,1.0,428.0
-18.79548325122687,0.0,429.0
-24.048811232743446,1.0,429.0
-17.558284590625135,0.0,430.0
-24.162090239506142,1.0,430.0
-24.796149929547937,0.0,431.0
-29.660934756110237,1.0,431.0
-43.722805465403326,0.0,432.0
-49.38430634433098,1.0,432.0
-24.121894848514785,0.0,433.0
-29.760863884868286,1.0,433.0
-16.132468013274774,0.0,434.0
-21.22803241911879,1.0,434.0
-19.520372877112095,0.0,435.0
-36.17922931964995,1.0,435.0
-19.746926810249533,0.0,436.0
-32.279651412152816,1.0,436.0
-19.421314732589053,0.0,437.0
-30.19668895445193,1.0,437.0
-29.94003394447236,0.0,438.0
-43.917706416571946,1.0,438.0
-45.44100200511275,0.0,439.0
-56.254442991245014,1.0,439.0
-25.774877622483473,0.0,440.0
-35.47753307897892,1.0,440.0
-27.875522355035628,0.0,441.0
-37.231932682143,1.0,441.0
-16.436472383255023,0.0,442.0
-29.168229554944446,1.0,442.0
-18.808949674564246,0.0,443.0
-29.950101607736542,1.0,443.0
-20.42624680798326,0.0,444.0
-32.93342618516408,1.0,444.0
-30.12095662037791,0.0,445.0
-41.24054146770732,1.0,445.0
-39.35095713683586,0.0,446.0
-52.72118562263768,1.0,446.0
-22.267498810827874,0.0,447.0
-34.696884829617375,1.0,447.0
-19.912176266278493,0.0,448.0
-31.972086391355333,1.0,448.0
-20.383506489593856,0.0,449.0
-25.383099827744445,1.0,449.0
-20.745952174291688,0.0,450.0
-31.53158612821926,1.0,450.0
-20.380589837018306,0.0,451.0
-32.00863280697922,1.0,451.0
-30.86831418205702,0.0,452.0
-45.73729435496762,1.0,452.0
-49.51880841379261,0.0,453.0
-62.715836119698906,1.0,453.0
-33.77537677352029,0.0,454.0
-44.73962543260404,1.0,454.0
-25.316468173536578,0.0,455.0
-35.78563626359073,1.0,455.0
-20.214088637186705,0.0,456.0
-36.08996974864158,1.0,456.0
-17.94952903203648,0.0,457.0
-30.561477028501486,1.0,457.0
-16.967423854449862,0.0,458.0
-31.03212033847285,1.0,458.0
-23.613305656588636,0.0,459.0
-33.534055373419505,1.0,459.0
-38.03007926833379,0.0,460.0
-54.71630165651368,1.0,460.0
-27.828612406473894,0.0,461.0
-39.54845036566303,1.0,461.0
-21.204747397480332,0.0,462.0
-32.694793919202766,1.0,462.0
-19.293913878367675,0.0,463.0
-24.2110130248102,1.0,463.0
-17.429873039303857,0.0,464.0
-21.004592531898652,1.0,464.0
-20.812416360341103,0.0,465.0
-25.289134450953043,1.0,465.0
-28.162485743757316,0.0,466.0
-31.46116398227514,1.0,466.0
-37.73039004843031,0.0,467.0
-41.620260698196944,1.0,467.0
-32.035336232262125,0.0,468.0
-35.87140472467081,1.0,468.0
-19.269375979975848,0.0,469.0
-22.732146218341313,1.0,469.0
-17.08590459560719,0.0,470.0
-51.20968761153608,1.0,470.0
-20.43380709499752,0.0,471.0
-53.59773240877712,1.0,471.0
-20.72331086258282,0.0,472.0
-52.818955776380335,1.0,472.0
-26.940557686108605,0.0,473.0
-58.214624734323934,1.0,473.0
-44.05370882034913,0.0,474.0
-79.81481403728321,1.0,474.0
-25.540893317849168,0.0,475.0
-74.50503290922597,1.0,475.0
-17.285907981267883,0.0,476.0
-79.23278573964672,1.0,476.0
-25.850779296747078,0.0,477.0
-61.15578776104394,1.0,477.0
-19.502915104661497,0.0,478.0
-38.33208311542785,1.0,478.0
-22.349239649357514,0.0,479.0
-35.897395824468276,1.0,479.0
-29.382637385369435,0.0,480.0
-43.78825618722976,1.0,480.0
-48.679282115183014,0.0,481.0
-62.741714653277086,1.0,481.0
-35.07629181642005,0.0,482.0
-51.921875190117134,1.0,482.0
-22.854231996985618,0.0,483.0
-37.4608835250815,1.0,483.0
-18.470739349911582,0.0,484.0
-24.96346391475663,1.0,484.0
-16.40203860273732,0.0,485.0
-23.031642167587506,1.0,485.0
-15.79087251651299,0.0,486.0
-21.815856894810167,1.0,486.0
-19.117289168178104,0.0,487.0
-24.614983267246316,1.0,487.0
-34.34120984156834,0.0,488.0
-38.902922091546316,1.0,488.0
-28.84455935474716,0.0,489.0
-34.840830279477814,1.0,489.0
-14.491851506798412,0.0,490.0
-21.158975589246438,1.0,490.0
-15.518457304356161,0.0,491.0
-51.22866072521629,1.0,491.0
-13.454990519214789,0.0,492.0
-29.341892049420494,1.0,492.0
-14.41865072687051,0.0,493.0
-51.835547868906815,1.0,493.0
-21.89823540410589,0.0,494.0
-60.06259530748093,1.0,494.0
-36.445727696236645,0.0,495.0
-87.12938638315791,1.0,495.0
-20.54419300614518,0.0,496.0
-57.87875358954216,1.0,496.0
-13.031047499530814,0.0,497.0
-27.28934267464274,1.0,497.0
-16.972619546970236,0.0,498.0
-44.57153898969909,1.0,498.0
-18.22034869853269,0.0,499.0
-39.1039002976986,1.0,499.0
-17.145448758846214,0.0,500.0
-40.60861238857342,1.0,500.0
-27.085915748096795,0.0,501.0
-48.0707378408556,1.0,501.0
-50.3649959350505,0.0,502.0
-79.36365045227558,1.0,502.0
-27.5018792774772,0.0,503.0
-50.311987066388156,1.0,503.0
-20.118754180620726,0.0,504.0
-48.57352442969068,1.0,504.0
-22.877012404255765,0.0,505.0
-42.650703364978654,1.0,505.0
-20.586631165838753,0.0,506.0
-44.31012445745,1.0,506.0
-20.329406961033783,0.0,507.0
-43.552994695779944,1.0,507.0
-34.512342808200174,0.0,508.0
-56.58516622527213,1.0,508.0
-53.12301823624421,0.0,509.0
-73.00995115897422,1.0,509.0
-35.74858858797688,0.0,510.0
-57.59753354784607,1.0,510.0
-26.03002976966536,0.0,511.0
-46.03576924891786,1.0,511.0
-21.549499781620398,0.0,512.0
-30.140442404631813,1.0,512.0
-23.63900980667313,0.0,513.0
-33.71200946636918,1.0,513.0
-23.712696356594734,0.0,514.0
-34.49604053920348,1.0,514.0
-31.36077830635986,0.0,515.0
-42.55050831447625,1.0,515.0
-50.74826282826689,0.0,516.0
-61.4749510701422,1.0,516.0
-33.35383185937462,0.0,517.0
-44.570670587508175,1.0,517.0
-23.2064864746917,0.0,518.0
-33.42701347764114,1.0,518.0
-20.054373782634684,0.0,519.0
-32.403924496196396,1.0,519.0
-20.973247046291362,0.0,520.0
-35.58735512025078,1.0,520.0
-20.2433237467485,0.0,521.0
-31.976275177307798,1.0,521.0
-30.244622065692056,0.0,522.0
-60.361276062939396,1.0,522.0
-43.304502034076904,0.0,523.0
-78.90160994633698,1.0,523.0
-24.823331760444034,0.0,524.0
-69.85679097459888,1.0,524.0
-17.168810274107727,0.0,525.0
-32.505506421697646,1.0,525.0
-17.592063032678197,0.0,526.0
-33.61823894973395,1.0,526.0
-18.473081876205924,0.0,527.0
-31.250270888222076,1.0,527.0
-19.11897717098509,0.0,528.0
-30.034615095753907,1.0,528.0
-28.642886251145683,0.0,529.0
-38.43161156830274,1.0,529.0
-38.611185366055906,0.0,530.0
-68.44506335718688,1.0,530.0
-27.092194164740704,0.0,531.0
-35.47255225082063,1.0,531.0
-20.67910880685713,0.0,532.0
-33.31400446430325,1.0,532.0
-25.53424019712247,0.0,533.0
-42.44768381809399,1.0,533.0
-23.80511682860606,0.0,534.0
-38.40801647684293,1.0,534.0
-21.277336655738054,0.0,535.0
-33.53358750557754,1.0,535.0
-28.65810684668031,0.0,536.0
-41.2252416643546,1.0,536.0
-44.63898430372956,0.0,537.0
-57.22631686556451,1.0,537.0
-29.788222515651796,0.0,538.0
-44.17524030203231,1.0,538.0
-20.433436469906155,0.0,539.0
-33.88097451614476,1.0,539.0
-23.980967160736782,0.0,540.0
-26.55553622863772,1.0,540.0
-21.054156146271907,0.0,541.0
-23.602054530708756,1.0,541.0
-18.8809322504012,0.0,542.0
-22.048990230233812,1.0,542.0
-29.197489388959184,0.0,543.0
-32.3868975571786,1.0,543.0
-56.6905225357923,0.0,544.0
-59.31351042971983,1.0,544.0
-39.52100745654025,0.0,545.0
-42.24937395971392,1.0,545.0
-25.76614508323064,0.0,546.0
-28.999424570326482,1.0,546.0
-21.501795808992938,0.0,547.0
-31.678814851880816,1.0,547.0
-20.28002646006553,0.0,548.0
-30.45233397191987,1.0,548.0
-19.539819854574944,0.0,549.0
-33.259910938787016,1.0,549.0
-27.287945598765873,0.0,550.0
-43.92320181371497,1.0,550.0
-41.278915997340846,0.0,551.0
-63.91983282179717,1.0,551.0
-33.98000904344599,0.0,552.0
-51.73680289412869,1.0,552.0
-24.151010618320015,0.0,553.0
-37.01586921124226,1.0,553.0
-20.200751771636988,0.0,554.0
-35.450821443786936,1.0,554.0
-20.493455001685106,0.0,555.0
-33.443306922906686,1.0,555.0
-19.920858376468004,0.0,556.0
-32.78835058539562,1.0,556.0
-30.60281233413525,0.0,557.0
-44.54132710988597,1.0,557.0
-45.028780904471205,0.0,558.0
-61.997011934570764,1.0,558.0
-26.499734473869466,0.0,559.0
-43.69447484709963,1.0,559.0
-18.731876084034866,0.0,560.0
-33.99637342487267,1.0,560.0
-17.566805377137825,0.0,561.0
-24.417906914083233,1.0,561.0
-18.347169887390464,0.0,562.0
-26.443549614416042,1.0,562.0
-17.97467074445376,0.0,563.0
-24.489168780201,1.0,563.0
-25.42815674717758,0.0,564.0
-42.05027921504097,1.0,564.0
-44.51105441702566,0.0,565.0
-64.00485207869406,1.0,565.0
-29.771740719785157,0.0,566.0
-54.611998931595735,1.0,566.0
-20.651206157977867,0.0,567.0
-29.14805135703773,1.0,567.0
-18.729713522428483,0.0,568.0
-44.89065837787484,1.0,568.0
-17.230743383418485,0.0,569.0
-37.339866140686354,1.0,569.0
-19.843628334601817,0.0,570.0
-45.284635654901194,1.0,570.0
-30.226957785009745,0.0,571.0
-57.42913285189343,1.0,571.0
-45.98618691422507,0.0,572.0
-70.57870355488103,1.0,572.0
-26.687862685725122,0.0,573.0
-47.2090830212087,1.0,573.0
-24.35358420417515,0.0,574.0
-65.96449996642468,1.0,574.0
-19.431929012942874,0.0,575.0
-40.56490069222036,1.0,575.0
-18.33220233929933,0.0,576.0
-29.918708669584703,1.0,576.0
-16.043571015238285,0.0,577.0
-28.783494577833153,1.0,577.0
-19.681654644880837,0.0,578.0
-35.37162690592413,1.0,578.0
-34.409208950699394,0.0,579.0
-49.03275372856933,1.0,579.0
-23.03927390802528,0.0,580.0
-39.41656359453327,1.0,580.0
-17.924375559025066,0.0,581.0
-37.30647214196506,1.0,581.0
-20.73396473180901,0.0,582.0
-66.74039798971853,1.0,582.0
-17.981006476315088,0.0,583.0
-63.7221078521452,1.0,583.0
-21.315862257672507,0.0,584.0
-74.42328138066841,1.0,584.0
-29.72912797738809,0.0,585.0
-92.16858405854691,1.0,585.0
-43.85026801233471,0.0,586.0
-104.98360689508445,1.0,586.0
-26.876072614932582,0.0,587.0
-76.69377902619681,1.0,587.0
-21.59895838107468,0.0,588.0
-70.25629736489373,1.0,588.0
-19.949781599998005,0.0,589.0
-64.71473157679884,1.0,589.0
-14.825955634665661,0.0,590.0
-54.1233125230051,1.0,590.0
-15.876865292229013,0.0,591.0
-49.28573842216065,1.0,591.0
-23.54322600103751,0.0,592.0
-96.88803664759098,1.0,592.0
-46.56870017790425,0.0,593.0
-112.4519123476266,1.0,593.0
-29.416471190892025,0.0,594.0
-64.9823214029243,1.0,594.0
-21.0093421635529,0.0,595.0
-58.20415827803208,1.0,595.0
-22.20962375140516,0.0,596.0
-47.822561927478546,1.0,596.0
-20.002079493260226,0.0,597.0
-50.08371636733909,1.0,597.0
-21.294126580991815,0.0,598.0
-57.535015957008454,1.0,598.0
-29.823477073804952,0.0,599.0
-66.07065677480523,1.0,599.0
-49.11163113762359,0.0,600.0
-79.77321135366401,1.0,600.0
-33.875162148112395,0.0,601.0
-67.4519281450257,1.0,601.0
-22.85858645913504,0.0,602.0
-58.00173753237095,1.0,602.0
-22.38176380243658,0.0,603.0
-71.9098429887772,1.0,603.0
-19.275534555340528,0.0,604.0
-50.69717191030577,1.0,604.0
-18.80310794355819,0.0,605.0
-61.1866201489006,1.0,605.0
-25.169684523672913,0.0,606.0
-61.60067182942794,1.0,606.0
-36.131881766521474,0.0,607.0
-98.5753713081267,1.0,607.0
-26.740117713483414,0.0,608.0
-79.3330458946748,1.0,608.0
-21.295849001874103,0.0,609.0
-97.51547319122255,1.0,609.0
-21.49523921944865,0.0,610.0
-72.43247618706937,1.0,610.0
-19.158515718095714,0.0,611.0
-50.94048269129371,1.0,611.0
-21.201817548372674,0.0,612.0
-53.398800587243386,1.0,612.0
-28.55527951899694,0.0,613.0
-68.07928584834963,1.0,613.0
-48.88368270139654,0.0,614.0
-90.79008325321956,1.0,614.0
-30.701254065353623,0.0,615.0
-80.5135218828209,1.0,615.0
-19.27703799595065,0.0,616.0
-54.742990677784746,1.0,616.0
-21.733284185705088,0.0,617.0
-45.66979588105278,1.0,617.0
-18.476006562096245,0.0,618.0
-44.0470958713986,1.0,618.0
-19.514738592100457,0.0,619.0
-42.68237560332636,1.0,619.0
-36.400202742523106,0.0,620.0
-63.874496422267384,1.0,620.0
-47.30322583035195,0.0,621.0
-71.70913101970655,1.0,621.0
-29.77371883307751,0.0,622.0
-69.57316602270112,1.0,622.0
-21.147045415942102,0.0,623.0
-55.700801450986546,1.0,623.0
-20.81162664726071,0.0,624.0
-35.11389691715567,1.0,624.0
-22.038551021975763,0.0,625.0
-38.08993219819513,1.0,625.0
-17.12076232854679,0.0,626.0
-32.141439619939774,1.0,626.0
-25.750097077921055,0.0,627.0
-41.185396115691674,1.0,627.0
-41.08015754860844,0.0,628.0
-57.052173231028064,1.0,628.0
-29.434075711150854,0.0,629.0
-43.67803384968738,1.0,629.0
-21.179933133958002,0.0,630.0
-36.353909479192225,1.0,630.0
-22.746108359450773,0.0,631.0
-37.00232624823684,1.0,631.0
-21.50829920314527,0.0,632.0
-35.992912893553694,1.0,632.0
-23.03855613666883,0.0,633.0
-37.016922132193486,1.0,633.0
-34.15282461830839,0.0,634.0
-50.797858955333595,1.0,634.0
-52.95863755571281,0.0,635.0
-69.77717775752535,1.0,635.0
-35.54323422002108,0.0,636.0
-52.85764120484964,1.0,636.0
-21.479172565263525,0.0,637.0
-37.055364172866575,1.0,637.0
-21.59604914698002,0.0,638.0
-33.10479449051036,1.0,638.0
-17.98204491517663,0.0,639.0
-27.952159872358152,1.0,639.0
-19.532885329871533,0.0,640.0
-30.350024196643062,1.0,640.0
-24.254073692997736,0.0,641.0
-33.03851906367663,1.0,641.0
-39.724131493620916,0.0,642.0
-52.89018965731702,1.0,642.0
-31.097371510882112,0.0,643.0
-44.67116277295463,1.0,643.0
-19.968153552677904,0.0,644.0
-28.71043742068059,1.0,644.0
-23.921494563219767,0.0,645.0
-73.44039780625599,1.0,645.0
-21.57046224754731,0.0,646.0
-72.49546440273207,1.0,646.0
-21.540635907228534,0.0,647.0
-71.82674924293042,1.0,647.0
-36.90201571022135,0.0,648.0
-86.48400396875331,1.0,648.0
-44.689748642906125,0.0,649.0
-95.78672107812326,1.0,649.0
-28.854659267225088,0.0,650.0
-92.02876934047117,1.0,650.0
-26.584249312864358,0.0,651.0
-111.14208157826488,1.0,651.0
-20.69827926165999,0.0,652.0
-36.72248791800439,1.0,652.0
-21.206416051268207,0.0,653.0
-33.46189088732217,1.0,653.0
-20.857058067123035,0.0,654.0
-36.38643488916523,1.0,654.0
-28.19448919327033,0.0,655.0
-41.46365649701329,1.0,655.0
-52.52035828736007,0.0,656.0
-79.75171537081405,1.0,656.0
-27.413239545189754,0.0,657.0
-39.43804593357163,1.0,657.0
-22.502860417910597,0.0,658.0
-37.30469702624168,1.0,658.0
-19.476478385813607,0.0,659.0
-42.17306224612048,1.0,659.0
-17.54988069389674,0.0,660.0
-53.858090602884204,1.0,660.0
-18.923264844333517,0.0,661.0
-48.89529720741393,1.0,661.0
-30.554432234050637,0.0,662.0
-71.84112992775636,1.0,662.0
-49.58637045174419,0.0,663.0
-96.19510815180911,1.0,663.0
-33.26830230327141,0.0,664.0
-48.68877281471714,1.0,664.0
-22.04407896101975,0.0,665.0
-32.82445330691917,1.0,665.0
-16.815647167145926,0.0,666.0
-26.0559584649327,1.0,666.0
-14.643203511826414,0.0,667.0
-31.350157109503925,1.0,667.0
-14.849413781048952,0.0,668.0
-30.211292685139142,1.0,668.0
-20.171336827974756,0.0,669.0
-47.417440660422926,1.0,669.0
-34.046043356628616,0.0,670.0
-63.76141767676563,1.0,670.0
-25.425740877968565,0.0,671.0
-46.92799406575796,1.0,671.0
-16.59963013846027,0.0,672.0
-43.87360996706957,1.0,672.0
-17.80217605437656,0.0,673.0
-30.65913357280442,1.0,673.0
-20.962795092520082,0.0,674.0
-33.07534703935062,1.0,674.0
-19.404698169611038,0.0,675.0
-32.23711125266664,1.0,675.0
-34.88872165027351,0.0,676.0
-46.34585978211999,1.0,676.0
-48.52115516315098,0.0,677.0
-61.47988481126686,1.0,677.0
-30.361629542117498,0.0,678.0
-44.56984886766395,1.0,678.0
-24.201821101274163,0.0,679.0
-34.46077469167585,1.0,679.0
-19.96079870805943,0.0,680.0
-30.408930409180357,1.0,680.0
-17.030086844238667,0.0,681.0
-28.039217085563905,1.0,681.0
-17.14890611122655,0.0,682.0
-34.38414122790982,1.0,682.0
-20.563042141318874,0.0,683.0
-33.54749399836555,1.0,683.0
-33.96748242012245,0.0,684.0
-51.66680468063396,1.0,684.0
-28.415371507289365,0.0,685.0
-44.771494497094864,1.0,685.0
-20.238660724518468,0.0,686.0
-31.58828041254401,1.0,686.0
-22.680993221968038,0.0,687.0
-50.984873131472796,1.0,687.0
-19.71267748465607,0.0,688.0
-49.63933187579187,1.0,688.0
-19.976889035427575,0.0,689.0
-46.900487094440905,1.0,689.0
-26.643896133344242,0.0,690.0
-54.017530642863676,1.0,690.0
-49.68774215570738,0.0,691.0
-76.86105256083556,1.0,691.0
-37.102176083484665,0.0,692.0
-67.57614475116952,1.0,692.0
-25.534319516216783,0.0,693.0
-52.0080894933476,1.0,693.0
-23.258506110681537,0.0,694.0
-55.121969171383626,1.0,694.0
-20.052223303044684,0.0,695.0
-52.634781445576664,1.0,695.0
-20.43296150542983,0.0,696.0
-56.99525140258993,1.0,696.0
-28.337000234630068,0.0,697.0
-59.03164952080306,1.0,697.0
-44.789868796871815,0.0,698.0
-78.05993621363086,1.0,698.0
-31.974255234134034,0.0,699.0
-67.61407109975426,1.0,699.0
-23.16100281281024,0.0,700.0
-55.71074588184547,1.0,700.0
-22.950385125341654,0.0,701.0
-46.39059507657112,1.0,701.0
-21.39380575721134,0.0,702.0
-41.789892294732,1.0,702.0
-20.48865777265064,0.0,703.0
-37.859865528572755,1.0,703.0
-30.79257671751293,0.0,704.0
-68.9109991636733,1.0,704.0
-53.669899803424414,0.0,705.0
-88.31298635438634,1.0,705.0
-31.459984224882646,0.0,706.0
-50.01273553686087,1.0,706.0
-23.083789648373568,0.0,707.0
-42.4209710865689,1.0,707.0
-17.791642606654023,0.0,708.0
-44.230027440615686,1.0,708.0
-15.568790702825481,0.0,709.0
-48.20516233977878,1.0,709.0
-15.568803053010924,0.0,710.0
-33.6674585835849,1.0,710.0
-19.837482365204778,0.0,711.0
-37.8368573663206,1.0,711.0
-28.974842496846122,0.0,712.0
-57.35580431112385,1.0,712.0
-24.43793267960291,0.0,713.0
-44.638893385347274,1.0,713.0
-14.842783415138001,0.0,714.0
-36.001119381493936,1.0,714.0
-19.710862784870642,0.0,715.0
-44.55311155617392,1.0,715.0
-19.282048422470325,0.0,716.0
-43.96184922961584,1.0,716.0
-20.017127128044194,0.0,717.0
-48.86043477844987,1.0,717.0
-28.258659566346978,0.0,718.0
-52.812496929009285,1.0,718.0
-42.58236602863326,0.0,719.0
-61.51293721602087,1.0,719.0
-28.845656254774894,0.0,720.0
-47.51111120719315,1.0,720.0
-19.056752565742045,0.0,721.0
-37.644124249583,1.0,721.0
-21.438429627517962,0.0,722.0
-36.88263797484706,1.0,722.0
-19.814996713287655,0.0,723.0
-44.451780770017194,1.0,723.0
-20.44168814771092,0.0,724.0
-40.71189488000118,1.0,724.0
-29.91104195961907,0.0,725.0
-58.12275063850984,1.0,725.0
-41.36511572120071,0.0,726.0
-74.12837232431775,1.0,726.0
-27.314957368825162,0.0,727.0
-37.9268911716199,1.0,727.0
-15.8663598556127,0.0,728.0
-23.284852537487495,1.0,728.0
-21.048068688762214,0.0,729.0
-39.377582044392966,1.0,729.0
-21.55539077436333,0.0,730.0
-49.92290269190016,1.0,730.0
-19.73656495792602,0.0,731.0
-41.59487940301551,1.0,731.0
-34.90762053234175,0.0,732.0
-61.323003899096875,1.0,732.0
-59.93359865274033,0.0,733.0
-81.59367179444871,1.0,733.0
-33.69966803061379,0.0,734.0
-55.53554624257231,1.0,734.0
-24.00276758036034,0.0,735.0
-42.474168554566404,1.0,735.0
-17.65442459582755,0.0,736.0
-36.64779740843096,1.0,736.0
-18.478753301300458,0.0,737.0
-41.1326858978,1.0,737.0
-16.369681874469734,0.0,738.0
-37.941614150930036,1.0,738.0
-22.689873870439442,0.0,739.0
-42.19110317044715,1.0,739.0
-34.58680081802868,0.0,740.0
-64.10037489787192,1.0,740.0
-24.758707248551673,0.0,741.0
-46.20774217338703,1.0,741.0
-17.919087490272886,0.0,742.0
-36.06872974102316,1.0,742.0
-25.06007462652815,0.0,743.0
-34.27010713427535,1.0,743.0
-18.634597597085758,0.0,744.0
-23.82826103918933,1.0,744.0
-20.854983725203056,0.0,745.0
-28.16336724365783,1.0,745.0
-24.56125844162898,0.0,746.0
-31.034858207040088,1.0,746.0
-43.35586402520494,0.0,747.0
-49.72403247719467,1.0,747.0
-34.57040103905911,0.0,748.0
-42.1205227839082,1.0,748.0
-23.295123043539206,0.0,749.0
-30.59076463082556,1.0,749.0
-21.584256429335255,0.0,750.0
-39.22629202939652,1.0,750.0
-22.161441186402953,0.0,751.0
-32.200977094082646,1.0,751.0
-20.454713404027643,0.0,752.0
-34.5936491972202,1.0,752.0
-24.927832487461274,0.0,753.0
-37.31274541539233,1.0,753.0
-39.1709768795954,0.0,754.0
-51.48933984411633,1.0,754.0
-28.334278529971925,0.0,755.0
-42.85567029567028,1.0,755.0
-21.30786000641683,0.0,756.0
-35.2201843646385,1.0,756.0
-16.606914219164082,0.0,757.0
-43.64142922487645,1.0,757.0
-17.212051296174195,0.0,758.0
-40.57134430071301,1.0,758.0
-15.6321310653002,0.0,759.0
-35.67424950108216,1.0,759.0
-23.96911962311742,0.0,760.0
-67.57570070235215,1.0,760.0
-35.65772317720575,0.0,761.0
-75.35744418324157,1.0,761.0
-21.87831957925482,0.0,762.0
-43.35041879040227,1.0,762.0
-18.44486200291749,0.0,763.0
-40.63277420060194,1.0,763.0
-28.236239755551196,0.0,764.0
-36.347379331550655,1.0,764.0
-22.255532149633837,0.0,765.0
-30.41880960624485,1.0,765.0
-27.396765098798824,0.0,766.0
-36.805323984679035,1.0,766.0
-34.93334959804224,0.0,767.0
-42.96056981305446,1.0,767.0
-50.611585950722656,0.0,768.0
-56.911009684023156,1.0,768.0
-37.80419367542254,0.0,769.0
-44.05190572347465,1.0,769.0
-21.836769428311072,0.0,770.0
-28.018843915519483,1.0,770.0
-19.66548312672967,0.0,771.0
-34.58125304653595,1.0,771.0
-19.62713911726587,0.0,772.0
-31.603790589426808,1.0,772.0
-22.901768144755806,0.0,773.0
-35.17263100524451,1.0,773.0
-27.403693187426597,0.0,774.0
-39.82580471013671,1.0,774.0
-41.172163874554826,0.0,775.0
-62.38275562762283,1.0,775.0
-30.66387085027054,0.0,776.0
-50.9523844123305,1.0,776.0
-23.12189041016063,0.0,777.0
-37.87545670636382,1.0,777.0
-17.29528356957735,0.0,778.0
-22.689020484091543,1.0,778.0
-16.672352010624763,0.0,779.0
-22.900500325489702,1.0,779.0
-18.307909966205898,0.0,780.0
-24.94891872435619,1.0,780.0
-27.888963634726224,0.0,781.0
-33.13933276546777,1.0,781.0
-36.4853244483611,0.0,782.0
-45.675560599826895,1.0,782.0
-31.42638392218123,0.0,783.0
-41.35495975656795,1.0,783.0
-22.50543349924692,0.0,784.0
-27.85917378284421,1.0,784.0
-21.94062430389795,0.0,785.0
-32.475149643370514,1.0,785.0
-20.32015335216738,0.0,786.0
-36.456437760065,1.0,786.0
-21.2292105503293,0.0,787.0
-38.58754867483003,1.0,787.0
-24.512949863254107,0.0,788.0
-42.29654701793197,1.0,788.0
-43.43901181893125,0.0,789.0
-61.6711829975784,1.0,789.0
-26.988713372950315,0.0,790.0
-45.88031135270194,1.0,790.0
-18.21435536044919,0.0,791.0
-34.98360650503628,1.0,791.0
-20.52088454793966,0.0,792.0
-37.46419163867313,1.0,792.0
-19.703579875874766,0.0,793.0
-45.767957876503715,1.0,793.0
-22.1598025935059,0.0,794.0
-48.915430102161736,1.0,794.0
-35.501033915362314,0.0,795.0
-63.4075816678851,1.0,795.0
-39.73161693356087,0.0,796.0
-53.96960566570942,1.0,796.0
-30.165335359061828,0.0,797.0
-45.230821318944436,1.0,797.0
-21.140323699035434,0.0,798.0
-46.29453373043043,1.0,798.0
-18.854645040701598,0.0,799.0
-44.58621004919678,1.0,799.0
-16.388577508173967,0.0,800.0
-43.233520235100514,1.0,800.0
-17.60720850641519,0.0,801.0
-54.38069134439411,1.0,801.0
-21.44946311339072,0.0,802.0
-64.65426868666782,1.0,802.0
-36.648353674523605,0.0,803.0
-82.78659565174348,1.0,803.0
-25.220583487001022,0.0,804.0
-64.52383995956143,1.0,804.0
-17.942853467552595,0.0,805.0
-27.67186789927382,1.0,805.0
-18.302481713392808,0.0,806.0
-28.71205868910829,1.0,806.0
-19.55568853895511,0.0,807.0
-32.90860852422884,1.0,807.0
-19.69123518217566,0.0,808.0
-30.858977580192914,1.0,808.0
-27.482076350379884,0.0,809.0
-39.457093817838995,1.0,809.0
-40.69716337590671,0.0,810.0
-47.50024913202651,1.0,810.0
-24.79635857830135,0.0,811.0
-33.23674934940664,1.0,811.0
-17.115026929182022,0.0,812.0
-33.49678024017203,1.0,812.0
-18.06532509095223,0.0,813.0
-41.03237508374286,1.0,813.0
-21.84940795836792,0.0,814.0
-51.464372072712194,1.0,814.0
-21.465110425682724,0.0,815.0
-58.16157901985798,1.0,815.0
-29.40200541043623,0.0,816.0
-65.21801465261387,1.0,816.0
-43.99812541457504,0.0,817.0
-67.93173442971874,1.0,817.0
-30.15033734314602,0.0,818.0
-55.108244254245164,1.0,818.0
-21.178781641353908,0.0,819.0
-46.39187379299574,1.0,819.0
-19.868771420027315,0.0,820.0
-28.024980603591757,1.0,820.0
-20.789279379353502,0.0,821.0
-34.92527334137685,1.0,821.0
-18.96501267806434,0.0,822.0
-31.014838380177935,1.0,822.0
-24.74599739601308,0.0,823.0
-36.85821392960543,1.0,823.0
-48.09398448477714,0.0,824.0
-60.24898570539608,1.0,824.0
-28.639672679023533,0.0,825.0
-37.560447642571035,1.0,825.0
-21.363178135055023,0.0,826.0
-34.68672875550328,1.0,826.0
-20.038518385742464,0.0,827.0
-50.2603912188697,1.0,827.0
-19.496980752434865,0.0,828.0
-29.893514686785693,1.0,828.0
-18.251256503427157,0.0,829.0
-37.98161196388901,1.0,829.0
-26.256044554636446,0.0,830.0
-38.75091247106684,1.0,830.0
-42.83485573598318,0.0,831.0
-61.120409658164135,1.0,831.0
-28.305433131693007,0.0,832.0
-44.53265992638262,1.0,832.0
-19.887633681334137,0.0,833.0
-38.63299819478789,1.0,833.0
-22.106075650966886,0.0,834.0
-51.439003055907506,1.0,834.0
-20.278028109486968,0.0,835.0
-35.82950430935125,1.0,835.0
-21.02366540169851,0.0,836.0
-32.05525705054106,1.0,836.0
-26.173226080632503,0.0,837.0
-56.355884315517415,1.0,837.0
-44.82638709175717,0.0,838.0
-74.4372471505867,1.0,838.0
-31.377872773526633,0.0,839.0
-56.699778626650186,1.0,839.0
-22.267129809742073,0.0,840.0
-45.356724949048385,1.0,840.0
-23.322676552621033,0.0,841.0
-54.34548659164193,1.0,841.0
-18.86015965815659,0.0,842.0
-50.892321598247236,1.0,842.0
-20.601245882008698,0.0,843.0
-49.90233638447944,1.0,843.0
-26.06853965597884,0.0,844.0
-59.734390038888705,1.0,844.0
-36.60756011627291,0.0,845.0
-68.70373231206486,1.0,845.0
-28.457501402717753,0.0,846.0
-69.6086344066166,1.0,846.0
-23.26029122914815,0.0,847.0
-60.675845440155626,1.0,847.0
-18.2633126304072,0.0,848.0
-22.195176944791,1.0,848.0
-15.295123629523005,0.0,849.0
-19.26398414584355,1.0,849.0
-15.258582585309341,0.0,850.0
-18.572036183530145,1.0,850.0
-18.872196000205804,0.0,851.0
-22.469304447279228,1.0,851.0
-34.65202750146591,0.0,852.0
-37.89177430754307,1.0,852.0
-23.648347963609467,0.0,853.0
-26.36092375995122,1.0,853.0
-15.71056613515475,0.0,854.0
-18.914423829578027,1.0,854.0
-26.093383948482824,0.0,855.0
-31.79913709021821,1.0,855.0
-21.17484880979555,0.0,856.0
-27.175756404875756,1.0,856.0
-23.081996442610034,0.0,857.0
-29.124241499978325,1.0,857.0
-33.73527672242517,0.0,858.0
-39.74267537956166,1.0,858.0
-48.38337129382853,0.0,859.0
-54.591731162482574,1.0,859.0
-36.66021827068107,0.0,860.0
-42.81584961011504,1.0,860.0
-26.19990894638113,0.0,861.0
-32.05208228406127,1.0,861.0
-19.578081736415243,0.0,862.0
-30.092975339269287,1.0,862.0
-17.39524049839747,0.0,863.0
-29.55284846509221,1.0,863.0
-20.559948060504667,0.0,864.0
-34.49734968295388,1.0,864.0
-25.785771370613475,0.0,865.0
-36.16048118409299,1.0,865.0
-39.80150726258944,0.0,866.0
-62.043628792680465,1.0,866.0
-29.134814826919865,0.0,867.0
-53.18982041047957,1.0,867.0
-18.604318037766006,0.0,868.0
-28.81866788372281,1.0,868.0
-20.46632165722758,0.0,869.0
-46.32017295894502,1.0,869.0
-19.013349342157653,0.0,870.0
-44.77159112752861,1.0,870.0
-17.842940543711848,0.0,871.0
-47.9164630923151,1.0,871.0
-30.1633217147064,0.0,872.0
-65.42771023903242,1.0,872.0
-35.434122523894985,0.0,873.0
-70.26424991537897,1.0,873.0
-29.110086296137524,0.0,874.0
-57.31075668644462,1.0,874.0
-22.040861560055873,0.0,875.0
-49.59993022747631,1.0,875.0
-21.568743617371638,0.0,876.0
-26.06588369991232,1.0,876.0
-24.899426795528143,0.0,877.0
-29.663874109493463,1.0,877.0
-23.073234291655808,0.0,878.0
-27.941439671803437,1.0,878.0
-32.915976091578614,0.0,879.0
-37.078285730424795,1.0,879.0
-50.96807103199626,0.0,880.0
-56.42936218320847,1.0,880.0
-35.55953813610449,0.0,881.0
-39.80296198690121,1.0,881.0
-26.153378297653944,0.0,882.0
-32.956729542462654,1.0,882.0
-23.449207851653227,0.0,883.0
-47.31106620485116,1.0,883.0
-19.229006663439122,0.0,884.0
-32.01931363834046,1.0,884.0
-20.282056932713203,0.0,885.0
-35.73066001570942,1.0,885.0
-24.67504636555077,0.0,886.0
-41.03167056600796,1.0,886.0
-37.261933608363506,0.0,887.0
-41.97514553701785,1.0,887.0
-28.219738048794625,0.0,888.0
-31.37753346781892,1.0,888.0
-21.42529631684829,0.0,889.0
-23.201335580917203,1.0,889.0
-20.02828240586814,0.0,890.0
-25.601044442756574,1.0,890.0
-19.465420430213726,0.0,891.0
-27.985839504454816,1.0,891.0
-19.47874742945305,0.0,892.0
-28.62737647228323,1.0,892.0
-26.130442980686894,0.0,893.0
-35.47570617328529,1.0,893.0
-39.78700200078492,0.0,894.0
-49.39745018162557,1.0,894.0
-30.906089652701212,0.0,895.0
-40.85970007282867,1.0,895.0
-22.733752540405476,0.0,896.0
-31.59291215866415,1.0,896.0
-24.221895445355585,0.0,897.0
-40.674745295424145,1.0,897.0
-17.98473952975428,0.0,898.0
-31.62326267371691,1.0,898.0
-20.045344215400746,0.0,899.0
-29.07821004400921,1.0,899.0
-25.91524556717468,0.0,900.0
-37.380466111136684,1.0,900.0
-42.77043756460989,0.0,901.0
-54.108456626455336,1.0,901.0
-25.289866397367405,0.0,902.0
-38.530531149614944,1.0,902.0
-20.324384127986832,0.0,903.0
-33.18458972697317,1.0,903.0
-25.090017929541773,0.0,904.0
-34.32746712709377,1.0,904.0
-20.93971299332452,0.0,905.0
-37.01115774366281,1.0,905.0
-22.852347214969996,0.0,906.0
-37.131441137205,1.0,906.0
-27.427646557814114,0.0,907.0
-41.51487634947807,1.0,907.0
-48.97494210149307,0.0,908.0
-59.792907968803775,1.0,908.0
-37.68314929466851,0.0,909.0
-47.24401751292589,1.0,909.0
-22.949585748770915,0.0,910.0
-35.04786021717064,1.0,910.0
-22.466969368310856,0.0,911.0
-43.32311267868499,1.0,911.0
-20.03622330232747,0.0,912.0
-32.78800620366383,1.0,912.0
-21.777134288990965,0.0,913.0
-34.82281336738242,1.0,913.0
-27.687662715773968,0.0,914.0
-42.353338205708496,1.0,914.0
-42.39550700655309,0.0,915.0
-58.64724781303994,1.0,915.0
-27.556053395834624,0.0,916.0
-46.14324638971766,1.0,916.0
-19.349182056711015,0.0,917.0
-41.330078334437985,1.0,917.0
-18.849453665295187,0.0,918.0
-30.253135658223982,1.0,918.0
-20.13426308087037,0.0,919.0
-29.53459412282018,1.0,919.0
-17.528634870765927,0.0,920.0
-23.749613687497913,1.0,920.0
-25.170673210503537,0.0,921.0
-33.04686940501824,1.0,921.0
-32.39215200172566,0.0,922.0
-40.220654370862576,1.0,922.0
-23.430339298719446,0.0,923.0
-32.56153258409222,1.0,923.0
-20.804096603947073,0.0,924.0
-29.643803495620432,1.0,924.0
-21.56717137581063,0.0,925.0
-49.4722544642882,1.0,925.0
-18.934918214515164,0.0,926.0
-40.73312090844183,1.0,926.0
-18.457607029714836,0.0,927.0
-47.57570271616214,1.0,927.0
-27.581428674400286,0.0,928.0
-50.6298554390296,1.0,928.0
-42.363185014890405,0.0,929.0
-65.21465048001664,1.0,929.0
-32.564495260483454,0.0,930.0
-60.70257238912063,1.0,930.0
-19.024871134008208,0.0,931.0
-44.7379203367077,1.0,931.0
-19.69806257503251,0.0,932.0
-50.03348145178006,1.0,932.0
-18.85782462690213,0.0,933.0
-49.38947913396623,1.0,933.0
-19.05965859192702,0.0,934.0
-53.256437192782414,1.0,934.0
-27.4738277422166,0.0,935.0
-56.30364690033184,1.0,935.0
-54.15941225048027,0.0,936.0
-85.91226808961437,1.0,936.0
-30.820652199956385,0.0,937.0
-64.43682036557266,1.0,937.0
-20.396688953325338,0.0,938.0
-51.03337110498478,1.0,938.0
-16.9630830512001,0.0,939.0
-20.05861600729986,1.0,939.0
-15.432216963250994,0.0,940.0
-18.92444738057884,1.0,940.0
-16.09556223904383,0.0,941.0
-19.221244642385955,1.0,941.0
-20.66370612562423,0.0,942.0
-23.845817702291697,1.0,942.0
-32.19829889194716,0.0,943.0
-35.385632873036684,1.0,943.0
-20.1434308239277,0.0,944.0
-26.685078454458107,1.0,944.0
-14.23834975012096,0.0,945.0
-21.907528990272112,1.0,945.0
-24.249286164051227,0.0,946.0
-43.28185716704456,1.0,946.0
-20.298286983572325,0.0,947.0
-43.284257692799656,1.0,947.0
-19.933315339574165,0.0,948.0
-41.59815660992808,1.0,948.0
-27.141319986842973,0.0,949.0
-52.855280172648236,1.0,949.0
-49.219296648077034,0.0,950.0
-95.33470862429658,1.0,950.0
-32.692880536498706,0.0,951.0
-56.184683942219635,1.0,951.0
-17.360055662597915,0.0,952.0
-34.55892115184133,1.0,952.0
-22.56869783252614,0.0,953.0
-70.81284074597215,1.0,953.0
-19.55017328674967,0.0,954.0
-56.010972370464515,1.0,954.0
-20.9031949100563,0.0,955.0
-61.141056504995504,1.0,955.0
-30.311506448658747,0.0,956.0
-110.51349275814027,1.0,956.0
-45.311752343856824,0.0,957.0
-123.16877489159742,1.0,957.0
-30.17421677061293,0.0,958.0
-72.73079335828606,1.0,958.0
-21.961884132095292,0.0,959.0
-64.00068381155643,1.0,959.0
-15.987663797126515,0.0,960.0
-42.93790394576308,1.0,960.0
-13.671551442690543,0.0,961.0
-44.8646762426979,1.0,961.0
-15.513277443185416,0.0,962.0
-46.762432926812835,1.0,962.0
-22.036828379781127,0.0,963.0
-58.741111056307545,1.0,963.0
-39.23420627362066,0.0,964.0
-74.01670288240803,1.0,964.0
-18.89026312221722,0.0,965.0
-59.90172681303011,1.0,965.0
-17.10241432340399,0.0,966.0
-46.8605319995504,1.0,966.0
-18.499597230968902,0.0,967.0
-35.22412746145301,1.0,967.0
-17.556112056536676,0.0,968.0
-33.907148941591004,1.0,968.0
-17.30218914108582,0.0,969.0
-35.11055619009585,1.0,969.0
-20.600613247378988,0.0,970.0
-42.52695171149844,1.0,970.0
-37.709570262533816,0.0,971.0
-51.46232613638949,1.0,971.0
-25.255749591775384,0.0,972.0
-41.11886865634369,1.0,972.0
-16.60909856668559,0.0,973.0
-34.701801922809864,1.0,973.0
-29.741585834900434,0.0,974.0
-37.528988700871196,1.0,974.0
-22.258053673177983,0.0,975.0
-31.136322613086577,1.0,975.0
-24.510044074368125,0.0,976.0
-32.597063663895824,1.0,976.0
-31.953079584104216,0.0,977.0
-40.21361184136504,1.0,977.0
-53.13264609950602,0.0,978.0
-61.995919576448614,1.0,978.0
-36.12935044456981,0.0,979.0
-46.5341133983211,1.0,979.0
-23.893108809221758,0.0,980.0
-32.236339490602404,1.0,980.0
-21.752487914936864,0.0,981.0
-33.76112534922822,1.0,981.0
-18.97175216079404,0.0,982.0
-30.83445174313374,1.0,982.0
-20.43789497874377,0.0,983.0
-30.76543058707466,1.0,983.0
-23.79985373689442,0.0,984.0
-34.260189703862125,1.0,984.0
-38.15129097275894,0.0,985.0
-49.53335702721779,1.0,985.0
-28.004499061999013,0.0,986.0
-43.258332010315826,1.0,986.0
-15.758090115382402,0.0,987.0
-28.688829366941263,1.0,987.0
-16.258393141554734,0.0,988.0
-30.226949999871977,1.0,988.0
-16.801027297311066,0.0,989.0
-27.93996540196258,1.0,989.0
-16.142052197857083,0.0,990.0
-25.675172277797174,1.0,990.0
-25.255786744226498,0.0,991.0
-33.85759601840755,1.0,991.0
-34.14267693396914,0.0,992.0
-60.51533034997237,1.0,992.0
-21.98953274229916,0.0,993.0
-29.34648254193644,1.0,993.0
-18.748830033442573,0.0,994.0
-29.832684161402995,1.0,994.0
-18.989881872674687,0.0,995.0
-36.240667607039995,1.0,995.0
-17.096422431362043,0.0,996.0
-33.78875251093132,1.0,996.0
-18.75169890479583,0.0,997.0
-34.40713708298381,1.0,997.0
-25.495178291488173,0.0,998.0
-42.11481546717732,1.0,998.0
-34.324891896746976,0.0,999.0
-50.63822660462529,1.0,999.0
-24.497628942021493,0.0,1000.0
-40.507427087596625,1.0,1000.0
-19.47267732226055,0.0,1001.0
-36.905028875063635,1.0,1001.0
-18.67784942220669,0.0,1002.0
-35.203216274026545,1.0,1002.0
-19.106389136721646,0.0,1003.0
-29.967594372569238,1.0,1003.0
-17.060514545450587,0.0,1004.0
-24.88950618426361,1.0,1004.0
-24.94510873001991,0.0,1005.0
-35.62639879872086,1.0,1005.0
-39.52570417165498,0.0,1006.0
-47.841445923762876,1.0,1006.0
-28.776105874953373,0.0,1007.0
-39.95262716710067,1.0,1007.0
-20.426363860023685,0.0,1008.0
-35.219166134612806,1.0,1008.0
-18.67268464410654,0.0,1009.0
-37.21309840841104,1.0,1009.0
-21.042752105488034,0.0,1010.0
-46.94277679567995,1.0,1010.0
-20.60540614284446,0.0,1011.0
-44.08357918842739,1.0,1011.0
-33.38316703132887,0.0,1012.0
-60.8723430880209,1.0,1012.0
-48.56286606929643,0.0,1013.0
-66.12937909657921,1.0,1013.0
-29.77172681993443,0.0,1014.0
-48.17619609404301,1.0,1014.0
-22.6033490735108,0.0,1015.0
-46.234907569403276,1.0,1015.0
-23.844959338508943,0.0,1016.0
-31.385189647971856,1.0,1016.0
-21.671089573205336,0.0,1017.0
-30.218615986347686,1.0,1017.0
-21.740729915009524,0.0,1018.0
-30.419044447261058,1.0,1018.0
-32.6211761317968,0.0,1019.0
-41.07717036564827,1.0,1019.0
-42.77437337344418,0.0,1020.0
-49.5667161572037,1.0,1020.0
-30.960837798181274,0.0,1021.0
-37.182882763792804,1.0,1021.0
-25.058718659639,0.0,1022.0
-32.9830667615297,1.0,1022.0
-18.81435526146015,0.0,1023.0
-24.129358322538337,1.0,1023.0
-19.46776689506305,0.0,1024.0
-24.68367176275342,1.0,1024.0
-18.5592583576381,0.0,1025.0
-24.05806079997501,1.0,1025.0
-26.910074292718036,0.0,1026.0
-32.73869736819415,1.0,1026.0
-42.27236088665268,0.0,1027.0
-70.14196221335169,1.0,1027.0
-31.80152836585603,0.0,1028.0
-42.0668790066029,1.0,1028.0
-22.30909332918509,0.0,1029.0
-27.863178919295024,1.0,1029.0
-15.613667887787415,0.0,1030.0
-24.85201924329658,1.0,1030.0
-17.499182800157087,0.0,1031.0
-31.317502203488402,1.0,1031.0
-14.98185716898979,0.0,1032.0
-29.120509872702314,1.0,1032.0
-20.90247026782481,0.0,1033.0
-34.75072722960431,1.0,1033.0
-37.173335129650695,0.0,1034.0
-50.687856698496944,1.0,1034.0
-28.831160338530026,0.0,1035.0
-40.06638737673666,1.0,1035.0
-18.522202935744644,0.0,1036.0
-28.699964188278045,1.0,1036.0
-22.788737246971323,0.0,1037.0
-72.19248391922247,1.0,1037.0
-20.554612732727037,0.0,1038.0
-64.33039626538357,1.0,1038.0
-21.253182832097536,0.0,1039.0
-66.56352480942087,1.0,1039.0
-27.44556996221172,0.0,1040.0
-70.82063112716014,1.0,1040.0
-41.45639606566601,0.0,1041.0
-97.31282804520106,1.0,1041.0
-24.191675180378752,0.0,1042.0
-80.67638215302668,1.0,1042.0
-18.925394366420278,0.0,1043.0
-61.066526879713365,1.0,1043.0
-24.226970047604027,0.0,1044.0
-55.224103280416784,1.0,1044.0
-27.199299408417573,0.0,1045.0
-55.2001843509006,1.0,1045.0
-21.71495762353743,0.0,1046.0
-48.710320675485946,1.0,1046.0
-46.028384829395236,0.0,1047.0
-73.36577628549685,1.0,1047.0
-55.718551087602464,0.0,1048.0
-78.64581140408791,1.0,1048.0
-35.497037708079006,0.0,1049.0
-55.72537344936154,1.0,1049.0
-28.58903969153289,0.0,1050.0
-53.44954762352154,1.0,1050.0
-18.631166589730583,0.0,1051.0
-31.972637351510457,1.0,1051.0
-16.243964837711246,0.0,1052.0
-32.130871935059986,1.0,1052.0
-16.292654452586703,0.0,1053.0
-29.087837541178942,1.0,1053.0
-25.35917018595501,0.0,1054.0
-57.58450608373596,1.0,1054.0
-39.39089098688328,0.0,1055.0
-78.0976231577406,1.0,1055.0
-25.198142659456607,0.0,1056.0
-74.04902381342072,1.0,1056.0
-15.021879724129576,0.0,1057.0
-31.818462927315522,1.0,1057.0
-19.147608039114857,0.0,1058.0
-30.85518565544635,1.0,1058.0
-17.955126913030654,0.0,1059.0
-28.65065875339633,1.0,1059.0
-17.968779099856874,0.0,1060.0
-29.143554535617568,1.0,1060.0
-24.65473483068945,0.0,1061.0
-37.484675737664475,1.0,1061.0
-35.31239655909121,0.0,1062.0
-46.70321940834219,1.0,1062.0
-25.923835924305422,0.0,1063.0
-37.29841584743144,1.0,1063.0
-18.458770427188483,0.0,1064.0
-29.74846605361381,1.0,1064.0
-22.935907014446457,0.0,1065.0
-48.3485642072751,1.0,1065.0
-19.593111331270393,0.0,1066.0
-40.556631315424966,1.0,1066.0
-18.96807546548507,0.0,1067.0
-32.88127172247141,1.0,1067.0
-30.564511671248965,0.0,1068.0
-48.214880219633415,1.0,1068.0
-43.89862312885634,0.0,1069.0
-61.359865193884616,1.0,1069.0
-31.951851390041156,0.0,1070.0
-52.353245215007064,1.0,1070.0
-21.921493655917857,0.0,1071.0
-41.7513686669231,1.0,1071.0
-26.78769718388139,0.0,1072.0
-35.77391728377461,1.0,1072.0
-19.88804725468708,0.0,1073.0
-31.008594525963417,1.0,1073.0
-23.758436676989277,0.0,1074.0
-36.508107440328786,1.0,1074.0
-31.319691630542366,0.0,1075.0
-40.91059694338537,1.0,1075.0
-35.768636001767845,0.0,1076.0
-42.41420191193629,1.0,1076.0
-29.19087404008951,0.0,1077.0
-41.49658314532826,1.0,1077.0
-20.90700567363001,0.0,1078.0
-31.74468445285129,1.0,1078.0
-24.004585820652665,0.0,1079.0
-31.675462147476082,1.0,1079.0
-19.307411458670686,0.0,1080.0
-24.847751967143267,1.0,1080.0
-19.712744480218134,0.0,1081.0
-26.40121006157051,1.0,1081.0
-28.184139338957266,0.0,1082.0
-35.506507205272555,1.0,1082.0
-34.78222669263596,0.0,1083.0
-52.8033458868922,1.0,1083.0
-23.39771703642282,0.0,1084.0
-31.0575827278044,1.0,1084.0
-19.450598412236104,0.0,1085.0
-27.125969806044395,1.0,1085.0
-19.15936301863212,0.0,1086.0
-33.936174616995686,1.0,1086.0
-19.448562031707297,0.0,1087.0
-37.40552685096009,1.0,1087.0
-19.262082795100923,0.0,1088.0
-36.98543976392284,1.0,1088.0
-30.690975554206943,0.0,1089.0
-53.10925835075841,1.0,1089.0
-51.867691245115566,0.0,1090.0
-66.01025203200061,1.0,1090.0
-30.707476040774964,0.0,1091.0
-40.8450319532335,1.0,1091.0
-21.967546273907374,0.0,1092.0
-36.199377317230756,1.0,1092.0
-23.48933515057479,0.0,1093.0
-29.722704462878028,1.0,1093.0
-19.874328926589442,0.0,1094.0
-28.63644433476793,1.0,1094.0
-20.02087144202187,0.0,1095.0
-25.438301169353508,1.0,1095.0
-29.29230038839887,0.0,1096.0
-36.87225881576569,1.0,1096.0
-41.45057397594337,0.0,1097.0
-47.87262373191879,1.0,1097.0
-34.302084399433625,0.0,1098.0
-43.41658366730098,1.0,1098.0
-20.743921037023483,0.0,1099.0
-38.14880195376327,1.0,1099.0
-22.49150457205269,0.0,1100.0
-42.961587062610306,1.0,1100.0
-23.63462554358148,0.0,1101.0
-37.009926361456564,1.0,1101.0
-20.535103950126086,0.0,1102.0
-32.290919435997694,1.0,1102.0
-30.238376175743724,0.0,1103.0
-44.6372147542811,1.0,1103.0
-40.4469134908104,0.0,1104.0
-65.39124111252113,1.0,1104.0
-28.7003966941229,0.0,1105.0
-48.134286773919484,1.0,1105.0
-28.547136846499598,0.0,1106.0
-41.733486067379545,1.0,1106.0
-16.690921131639698,0.0,1107.0
-32.03587424365651,1.0,1107.0
-19.709078050534572,0.0,1108.0
-32.875628918268376,1.0,1108.0
-17.835742941250373,0.0,1109.0
-27.866991587034136,1.0,1109.0
-26.067768138527754,0.0,1110.0
-38.78583975788251,1.0,1110.0
-37.57454599412449,0.0,1111.0
-59.632603611883496,1.0,1111.0
-28.82248329514414,0.0,1112.0
-40.053995933640635,1.0,1112.0
-19.843875560012748,0.0,1113.0
-35.38137190795351,1.0,1113.0
-13.885416026201256,0.0,1114.0
-58.608671388439234,1.0,1114.0
-16.44655082078998,0.0,1115.0
-61.27322643695561,1.0,1115.0
-13.95686714493695,0.0,1116.0
-55.37062588479239,1.0,1116.0
-20.747881938703358,0.0,1117.0
-60.53594349666082,1.0,1117.0
-39.35997489899546,0.0,1118.0
-77.92981608758419,1.0,1118.0
-28.830298982686145,0.0,1119.0
-86.27381688677633,1.0,1119.0
-19.894180436072475,0.0,1120.0
-51.70728253605239,1.0,1120.0
-20.32798900644093,0.0,1121.0
-89.98176425596557,1.0,1121.0
-20.379994089289085,0.0,1122.0
-112.37756865526626,1.0,1122.0
-20.5495152074609,0.0,1123.0
-110.80060580739291,1.0,1123.0
-25.2524876561979,0.0,1124.0
-115.04415029649772,1.0,1124.0
-39.662755043401376,0.0,1125.0
-94.27598348866559,1.0,1125.0
-30.030325180314776,0.0,1126.0
-71.45463856951346,1.0,1126.0
-21.243962421814103,0.0,1127.0
-103.35244681949553,1.0,1127.0
-28.58123898553913,0.0,1128.0
-56.40211941098778,1.0,1128.0
-25.789090542732083,0.0,1129.0
-54.41616762480953,1.0,1129.0
-29.216945576072703,0.0,1130.0
-66.90122599693814,1.0,1130.0
-53.22860213036529,0.0,1131.0
-89.71546208190739,1.0,1131.0
-60.64144689403565,0.0,1132.0
-87.89945185447505,1.0,1132.0
-49.26578108542617,0.0,1133.0
-77.30458782548794,1.0,1133.0
-39.578331012691706,0.0,1134.0
-64.83159248979882,1.0,1134.0
-20.973073721546825,0.0,1135.0
-98.47984500291977,1.0,1135.0
-17.483120627107837,0.0,1136.0
-73.52164880508462,1.0,1136.0
-18.48397041842145,0.0,1137.0
-78.30858548592596,1.0,1137.0
-32.273447495514574,0.0,1138.0
-92.57604093881764,1.0,1138.0
-49.97609644572276,0.0,1139.0
-101.48321080441292,1.0,1139.0
-37.14112208831284,0.0,1140.0
-110.0506443120089,1.0,1140.0
-20.296013728090657,0.0,1141.0
-76.86047159332111,1.0,1141.0
-21.374312207395633,0.0,1142.0
-33.546489748740896,1.0,1142.0
-18.085120648303928,0.0,1143.0
-27.32847074815345,1.0,1143.0
-19.84306308947771,0.0,1144.0
-30.21810294997931,1.0,1144.0
-26.9535512234188,0.0,1145.0
-36.23021202958489,1.0,1145.0
-52.18767906640642,0.0,1146.0
-65.03645027172115,1.0,1146.0
-34.223239705903325,0.0,1147.0
-44.22437027513479,1.0,1147.0
-23.73711472924151,0.0,1148.0
-36.34315009715965,1.0,1148.0
-19.383142603494434,0.0,1149.0
-37.38659606027386,1.0,1149.0
-17.910643081538637,0.0,1150.0
-35.33907592035939,1.0,1150.0
-19.527152646257036,0.0,1151.0
-34.92820940129559,1.0,1151.0
-24.575477053486793,0.0,1152.0
-45.98955049124697,1.0,1152.0
-33.668040461625424,0.0,1153.0
-77.77599159398778,1.0,1153.0
-23.81816436238023,0.0,1154.0
-50.98087209333062,1.0,1154.0
-18.317997060460584,0.0,1155.0
-40.63318202728351,1.0,1155.0
-20.12246675381857,0.0,1156.0
-30.069483591355947,1.0,1156.0
-18.95683424901199,0.0,1157.0
-29.10463739432862,1.0,1157.0
-18.27946372671977,0.0,1158.0
-29.137242981521922,1.0,1158.0
-21.877274904892147,0.0,1159.0
-33.476463186735145,1.0,1159.0
-36.457553338482285,0.0,1160.0
-50.44431588500447,1.0,1160.0
-27.93218182105329,0.0,1161.0
-39.58909876610278,1.0,1161.0
-22.012914603661557,0.0,1162.0
-34.028162563256956,1.0,1162.0
-22.66398318005622,0.0,1163.0
-28.659222507978484,1.0,1163.0
-18.2331659690999,0.0,1164.0
-24.19202804172801,1.0,1164.0
-19.724237206491125,0.0,1165.0
-27.123245065620267,1.0,1165.0
-32.25559640726806,0.0,1166.0
-39.6466318180519,1.0,1166.0
-51.20626817844277,0.0,1167.0
-57.292479666214604,1.0,1167.0
-32.62748359078705,0.0,1168.0
-38.96588130387045,1.0,1168.0
-23.053287381891096,0.0,1169.0
-30.597059466406336,1.0,1169.0
-20.644636949550204,0.0,1170.0
-48.70705083678786,1.0,1170.0
-19.896709196253596,0.0,1171.0
-39.890351731936335,1.0,1171.0
-18.614821210767786,0.0,1172.0
-40.077657615889166,1.0,1172.0
-33.45170232363125,0.0,1173.0
-55.16366139058391,1.0,1173.0
-44.19112564243369,0.0,1174.0
-62.71052885964127,1.0,1174.0
-29.647733877317933,0.0,1175.0
-56.02465978344799,1.0,1175.0
-24.271281358727265,0.0,1176.0
-44.45904558091888,1.0,1176.0
-24.104738839524998,0.0,1177.0
-73.97930769554796,1.0,1177.0
-20.72332138682623,0.0,1178.0
-72.45723410043092,1.0,1178.0
-19.8131449936468,0.0,1179.0
-67.20601535668266,1.0,1179.0
-30.277744045595682,0.0,1180.0
-84.53179346428396,1.0,1180.0
-47.80321161348638,0.0,1181.0
-99.34602369934237,1.0,1181.0
-34.20012252183187,0.0,1182.0
-100.25424945611485,1.0,1182.0
-26.581451169055526,0.0,1183.0
-86.66201610411736,1.0,1183.0
-17.91245526497869,0.0,1184.0
-45.602559350485535,1.0,1184.0
-16.238176528386248,0.0,1185.0
-43.28258865096177,1.0,1185.0
-17.727830974430162,0.0,1186.0
-42.44946450013185,1.0,1186.0
-26.27109256319045,0.0,1187.0
-48.87408820384644,1.0,1187.0
-39.41387796992967,0.0,1188.0
-61.67151496385486,1.0,1188.0
-24.175309997105614,0.0,1189.0
-43.807456230692424,1.0,1189.0
-14.905718834282652,0.0,1190.0
-37.23042398882217,1.0,1190.0
-25.66639053256995,0.0,1191.0
-47.517286195320594,1.0,1191.0
-19.770683713870312,0.0,1192.0
-41.56446146106782,1.0,1192.0
-19.56037316871425,0.0,1193.0
-48.94030237568222,1.0,1193.0
-29.360357219237812,0.0,1194.0
-65.35906670269105,1.0,1194.0
-48.83362764413596,0.0,1195.0
-97.76843988647306,1.0,1195.0
-40.908120445096756,0.0,1196.0
-79.15278173252773,1.0,1196.0
-22.55578243640184,0.0,1197.0
-50.445196117102114,1.0,1197.0
-23.865242091272194,0.0,1198.0
-35.55999527275662,1.0,1198.0
-18.392618134664644,0.0,1199.0
-34.43161179917797,1.0,1199.0
-19.726058673762054,0.0,1200.0
-33.989060385032644,1.0,1200.0
-31.129516851763128,0.0,1201.0
-46.09369662415065,1.0,1201.0
-59.20592821822174,0.0,1202.0
-65.76189141767827,1.0,1202.0
-43.926442533580484,0.0,1203.0
-52.646095253166095,1.0,1203.0
-23.96728432009695,0.0,1204.0
-39.574661839078544,1.0,1204.0
-16.342106988270643,0.0,1205.0
-47.91071282936491,1.0,1205.0
-15.515386019525977,0.0,1206.0
-32.85369957198782,1.0,1206.0
-15.989249444298821,0.0,1207.0
-35.07726627933016,1.0,1207.0
-23.843604545183553,0.0,1208.0
-47.37231472679059,1.0,1208.0
-38.02617342803342,0.0,1209.0
-59.960137268495146,1.0,1209.0
-25.79020353749138,0.0,1210.0
-50.41172045240319,1.0,1210.0
-16.01551781941771,0.0,1211.0
-45.13871076269288,1.0,1211.0
-20.01383077793662,0.0,1212.0
-36.33278586327742,1.0,1212.0
-16.623422681328066,0.0,1213.0
-40.10862637678656,1.0,1213.0
-16.62298707396394,0.0,1214.0
-41.41738103218995,1.0,1214.0
-18.83076582320882,0.0,1215.0
-50.229087432821416,1.0,1215.0
-36.10534507460807,0.0,1216.0
-83.66845540443546,1.0,1216.0
-23.817645871458353,0.0,1217.0
-58.3243821667952,1.0,1217.0
-16.534868497046773,0.0,1218.0
-36.20503909652598,1.0,1218.0
-15.92151239686109,0.0,1219.0
-29.718623186444347,1.0,1219.0
-16.396110458081694,0.0,1220.0
-28.363187020087935,1.0,1220.0
-15.796647522123294,0.0,1221.0
-26.906724989806662,1.0,1221.0
-25.162313139940125,0.0,1222.0
-38.98070945683776,1.0,1222.0
-38.267543378589835,0.0,1223.0
-51.29542757047966,1.0,1223.0
-31.117259496229053,0.0,1224.0
-53.850222276053955,1.0,1224.0
-19.64617042091004,0.0,1225.0
-41.008612589633685,1.0,1225.0
-21.530182631645857,0.0,1226.0
-48.96974256367366,1.0,1226.0
-21.146143584957827,0.0,1227.0
-60.52893513030813,1.0,1227.0
-20.466827714206374,0.0,1228.0
-69.54731093311693,1.0,1228.0
-27.063371443682627,0.0,1229.0
-78.63077726840538,1.0,1229.0
-38.17255802327509,0.0,1230.0
-68.31880556588385,1.0,1230.0
-29.14769211360135,0.0,1231.0
-55.47226276479796,1.0,1231.0
-23.849206008513647,0.0,1232.0
-55.80980126016357,1.0,1232.0
-25.349328384623732,0.0,1233.0
-47.87016913767047,1.0,1233.0
-19.70905206465295,0.0,1234.0
-35.17148596928291,1.0,1234.0
-21.151322286063078,0.0,1235.0
-38.36306249071049,1.0,1235.0
-27.179628488407616,0.0,1236.0
-43.87318362038877,1.0,1236.0
-42.14331864325686,0.0,1237.0
-59.7720809716775,1.0,1237.0
-26.954168286951244,0.0,1238.0
-43.35753184859277,1.0,1238.0
-24.775780389636566,0.0,1239.0
-42.88125828766397,1.0,1239.0
-19.61236312039091,0.0,1240.0
-38.729444158127535,1.0,1240.0
-20.63289472797078,0.0,1241.0
-43.21476627253014,1.0,1241.0
-20.554669817112426,0.0,1242.0
-38.687886368690215,1.0,1242.0
-33.45190694111761,0.0,1243.0
-79.67713660772506,1.0,1243.0
-52.69137182976192,0.0,1244.0
-107.52499852454457,1.0,1244.0
-33.247202188028496,0.0,1245.0
-102.2137113137378,1.0,1245.0
-22.280198966449916,0.0,1246.0
-45.93943256468992,1.0,1246.0
-16.532694141739285,0.0,1247.0
-27.881469662495874,1.0,1247.0
-15.928923089603359,0.0,1248.0
-30.49868489143546,1.0,1248.0
-16.92611225683322,0.0,1249.0
-32.408372913173935,1.0,1249.0
-17.128201856996384,0.0,1250.0
-35.32444010788595,1.0,1250.0
-32.752790777534756,0.0,1251.0
-57.108149717031665,1.0,1251.0
-23.08844233395439,0.0,1252.0
-42.23822933611018,1.0,1252.0
-17.815382084018438,0.0,1253.0
-30.599923918298828,1.0,1253.0
-22.040900966179834,0.0,1254.0
-54.72283594859937,1.0,1254.0
-24.095829607588257,0.0,1255.0
-62.90361025081302,1.0,1255.0
-19.655243287367284,0.0,1256.0
-54.38212527638825,1.0,1256.0
-36.543685423731404,0.0,1257.0
-86.93791094139124,1.0,1257.0
-51.95586962287871,0.0,1258.0
-92.40970774478046,1.0,1258.0
-32.74333530520835,0.0,1259.0
-71.90327598779368,1.0,1259.0
-24.365252868469724,0.0,1260.0
-75.7441882812218,1.0,1260.0
-17.62515323026082,0.0,1261.0
-38.0891224316224,1.0,1261.0
-16.508523505602625,0.0,1262.0
-48.26425878983264,1.0,1262.0
-16.42724402752401,0.0,1263.0
-40.747101733553336,1.0,1263.0
-24.404128926453723,0.0,1264.0
-40.9166177439547,1.0,1264.0
-35.89224348622065,0.0,1265.0
-53.508420920244134,1.0,1265.0
-25.646439258274313,0.0,1266.0
-40.66724171935812,1.0,1266.0
-19.614920266253648,0.0,1267.0
-46.77031370477334,1.0,1267.0
-18.319804718685646,0.0,1268.0
-34.36903002064946,1.0,1268.0
-17.451844328255902,0.0,1269.0
-34.02054928344069,1.0,1269.0
-18.446444542941208,0.0,1270.0
-33.72368944476648,1.0,1270.0
-25.79954516033831,0.0,1271.0
-42.98101468207915,1.0,1271.0
-32.19074920870844,0.0,1272.0
-48.90431778014454,1.0,1272.0
-27.27694906607894,0.0,1273.0
-42.98577309379516,1.0,1273.0
-20.13463354287387,0.0,1274.0
-37.77754177170891,1.0,1274.0
-18.087787139157626,0.0,1275.0
-55.07133844963755,1.0,1275.0
-16.853419445377767,0.0,1276.0
-46.03434736501913,1.0,1276.0
-17.314940731109346,0.0,1277.0
-44.67420994679969,1.0,1277.0
-26.746542236321147,0.0,1278.0
-95.6127803344034,1.0,1278.0
-48.32633544506916,0.0,1279.0
-112.88886008620284,1.0,1279.0
-25.96634446394637,0.0,1280.0
-61.070543442607686,1.0,1280.0
-17.594157734255077,0.0,1281.0
-47.98443666612866,1.0,1281.0
-22.588541650030038,0.0,1282.0
-40.26768832176458,1.0,1282.0
-21.059609034934965,0.0,1283.0
-28.52902284926995,1.0,1283.0
-19.771514163179745,0.0,1284.0
-30.14517624330074,1.0,1284.0
-27.029783672804115,0.0,1285.0
-35.436292782049804,1.0,1285.0
-49.13237391459552,0.0,1286.0
-63.32386502064128,1.0,1286.0
-32.69785045387698,0.0,1287.0
-52.618193752826755,1.0,1287.0
-20.557377070632356,0.0,1288.0
-40.47611460731605,1.0,1288.0
-19.37775314963119,0.0,1289.0
-30.4440160220106,1.0,1289.0
-18.924654519600608,0.0,1290.0
-29.097544435049713,1.0,1290.0
-17.43439800404076,0.0,1291.0
-27.325921561466657,1.0,1291.0
-23.083977000888808,0.0,1292.0
-33.96921804501153,1.0,1292.0
-40.801905509601056,0.0,1293.0
-52.146018806188295,1.0,1293.0
-30.408617023480474,0.0,1294.0
-41.74311041119199,1.0,1294.0
-18.20714240144207,0.0,1295.0
-27.811768563671194,1.0,1295.0
-18.865585997921244,0.0,1296.0
-29.321022860552603,1.0,1296.0
-16.321467226539426,0.0,1297.0
-25.216901677154965,1.0,1297.0
-19.66009009237223,0.0,1298.0
-29.995759802574412,1.0,1298.0
-26.18967434561273,0.0,1299.0
-48.0311209040583,1.0,1299.0
-39.42256285989333,0.0,1300.0
-53.17392584004938,1.0,1300.0
-27.179120882820825,0.0,1301.0
-36.08577079646511,1.0,1301.0
-17.679076657847418,0.0,1302.0
-25.326628239584807,1.0,1302.0
-20.98905636347854,0.0,1303.0
-27.379091895045804,1.0,1303.0
-22.492574110677197,0.0,1304.0
-33.46627581592611,1.0,1304.0
-22.34175129932919,0.0,1305.0
-31.532232231909347,1.0,1305.0
-30.404731973063917,0.0,1306.0
-54.73960816711315,1.0,1306.0
-40.390187128989965,0.0,1307.0
-72.06612612120716,1.0,1307.0
-35.193998789954094,0.0,1308.0
-71.66847349464933,1.0,1308.0
-24.070816730545175,0.0,1309.0
-40.71274183554351,1.0,1309.0
-23.394556490183277,0.0,1310.0
-41.4627431795202,1.0,1310.0
-20.734916739874734,0.0,1311.0
-39.817532782404214,1.0,1311.0
-22.564875701716574,0.0,1312.0
-39.71871867820664,1.0,1312.0
-33.433815731030336,0.0,1313.0
-50.91117653274432,1.0,1313.0
-52.155740990272534,0.0,1314.0
-69.54330786084847,1.0,1314.0
-40.772576918669074,0.0,1315.0
-60.250085956056864,1.0,1315.0
-22.527482452142067,0.0,1316.0
-39.3993446849322,1.0,1316.0
-22.112054728097974,0.0,1317.0
-76.00648797887061,1.0,1317.0
-21.702183076632082,0.0,1318.0
-55.95920782292387,1.0,1318.0
-20.394537695225154,0.0,1319.0
-62.7662905680595,1.0,1319.0
-29.84040058372966,0.0,1320.0
-66.67187291947721,1.0,1320.0
-46.098644903664535,0.0,1321.0
-83.70657963782378,1.0,1321.0
-34.46231258512489,0.0,1322.0
-90.77239521732645,1.0,1322.0
-20.34482913586453,0.0,1323.0
-58.55210661907131,1.0,1323.0
-15.707859362214549,0.0,1324.0
-20.77580298552357,1.0,1324.0
-16.762278267563943,0.0,1325.0
-24.53859797823361,1.0,1325.0
-17.97334691111837,0.0,1326.0
-26.324593891516997,1.0,1326.0
-22.221529617099804,0.0,1327.0
-30.748970800016195,1.0,1327.0
-28.724686205771377,0.0,1328.0
-37.50099450859807,1.0,1328.0
-19.69844775078809,0.0,1329.0
-28.818788386116466,1.0,1329.0
-17.141538628492526,0.0,1330.0
-25.238152311364047,1.0,1330.0
-21.58593800058543,0.0,1331.0
-76.26599554761242,1.0,1331.0
-21.46019315528929,0.0,1332.0
-86.79889355097384,1.0,1332.0
-20.172569335956723,0.0,1333.0
-78.69625000056521,1.0,1333.0
-34.577834423380864,0.0,1334.0
-119.9238515224788,1.0,1334.0
-49.03488048183772,0.0,1335.0
-117.62937564857566,1.0,1335.0
-32.432471886029816,0.0,1336.0
-98.79761768065646,1.0,1336.0
-24.00852208889728,0.0,1337.0
-110.32255984546009,1.0,1337.0
-22.02238563202809,0.0,1338.0
-36.496527870055615,1.0,1338.0
-20.487950169866508,0.0,1339.0
-28.10535265254157,1.0,1339.0
-21.259264870061088,0.0,1340.0
-26.690390807297717,1.0,1340.0
-33.631016745627676,0.0,1341.0
-48.43478008230022,1.0,1341.0
-50.96867571994517,0.0,1342.0
-65.61142472239499,1.0,1342.0
-32.9923383064297,0.0,1343.0
-45.57974384219324,1.0,1343.0
-27.118880861435628,0.0,1344.0
-38.40102131845197,1.0,1344.0
-17.165554683140726,0.0,1345.0
-23.2037513571795,1.0,1345.0
-14.667462033113225,0.0,1346.0
-19.478523446516192,1.0,1346.0
-15.261721492710421,0.0,1347.0
-20.62452059035968,1.0,1347.0
-18.600679973341357,0.0,1348.0
-22.38024318884254,1.0,1348.0
-31.615928334259934,0.0,1349.0
-37.95798265145959,1.0,1349.0
-21.32307402254537,0.0,1350.0
-25.80106324556118,1.0,1350.0
-14.451218113269988,0.0,1351.0
-18.845354927329026,1.0,1351.0
-17.432743716497043,0.0,1352.0
-22.74525190176837,1.0,1352.0
-16.807655289058857,0.0,1353.0
-22.752543110269016,1.0,1353.0
-16.905874297810442,0.0,1354.0
-22.282889989035993,1.0,1354.0
-23.801970221489228,0.0,1355.0
-29.249225901931368,1.0,1355.0
-44.98746996787486,0.0,1356.0
-50.34804836978674,1.0,1356.0
-28.695506290877802,0.0,1357.0
-39.87245782891023,1.0,1357.0
-20.856408032143463,0.0,1358.0
-33.91277789359765,1.0,1358.0
-21.974738043974412,0.0,1359.0
-28.965258038363572,1.0,1359.0
-20.690841228728914,0.0,1360.0
-30.35470527550342,1.0,1360.0
-20.529943947540232,0.0,1361.0
-26.577227768304965,1.0,1361.0
-31.41829519269595,0.0,1362.0
-39.764612913254496,1.0,1362.0
-51.20804174151999,0.0,1363.0
-58.25293581009191,1.0,1363.0
-31.690206779960135,0.0,1364.0
-41.70747221505371,1.0,1364.0
-23.932070179194397,0.0,1365.0
-43.42259460521154,1.0,1365.0
-20.669188812736138,0.0,1366.0
-90.66147714630824,1.0,1366.0
-18.56011985765872,0.0,1367.0
-78.60015793846742,1.0,1367.0
-18.692553765189132,0.0,1368.0
-83.75972353538373,1.0,1368.0
-25.59550493578854,0.0,1369.0
-84.6124882883696,1.0,1369.0
-38.109987848453784,0.0,1370.0
-137.84930741717926,1.0,1370.0
-32.22348744226019,0.0,1371.0
-165.81176730099696,1.0,1371.0
-19.621284852529243,0.0,1372.0
-80.72195261686466,1.0,1372.0
-22.044528775917115,0.0,1373.0
-44.84622374075616,1.0,1373.0
-18.8008608120399,0.0,1374.0
-39.559612530453705,1.0,1374.0
-21.053993904112303,0.0,1375.0
-36.0321374428936,1.0,1375.0
-25.863426903064465,0.0,1376.0
-47.26767283437084,1.0,1376.0
-38.706611141683425,0.0,1377.0
-54.90491069446671,1.0,1377.0
-25.979964028538234,0.0,1378.0
-41.607730064092266,1.0,1378.0
-17.284575213998323,0.0,1379.0
-32.166514740308685,1.0,1379.0
-22.99374730325553,0.0,1380.0
-46.878253916938775,1.0,1380.0
-20.167452678179416,0.0,1381.0
-40.9193615680565,1.0,1381.0
-22.00089382159922,0.0,1382.0
-39.32906160661514,1.0,1382.0
-32.49618893817478,0.0,1383.0
-50.14844864904444,1.0,1383.0
-51.13777888203822,0.0,1384.0
-68.92129680788639,1.0,1384.0
-35.03067361637568,0.0,1385.0
-55.24879263614639,1.0,1385.0
-26.431803180589213,0.0,1386.0
-45.237052491957456,1.0,1386.0
-16.39892504413274,0.0,1387.0
-23.162544513789726,1.0,1387.0
-15.249945930831018,0.0,1388.0
-20.62755234423139,1.0,1388.0
-16.135971172234804,0.0,1389.0
-22.16199894984129,1.0,1389.0
-20.873035667480508,0.0,1390.0
-25.11367275746261,1.0,1390.0
-29.318166397842106,0.0,1391.0
-36.38774330396291,1.0,1391.0
-18.360085085892024,0.0,1392.0
-23.34727562013086,1.0,1392.0
-14.79431150313303,0.0,1393.0
-19.688079934678626,1.0,1393.0
-18.85754189573072,0.0,1394.0
-37.37079186831488,1.0,1394.0
-19.42919648284942,0.0,1395.0
-38.16457013542504,1.0,1395.0
-20.379217637606416,0.0,1396.0
-38.62179232652261,1.0,1396.0
-33.51714363911469,0.0,1397.0
-55.01345467485589,1.0,1397.0
-46.96882280398131,0.0,1398.0
-68.99216954364692,1.0,1398.0
-28.825208981144442,0.0,1399.0
-51.38283192588051,1.0,1399.0
-22.933211594080603,0.0,1400.0
-42.962669892968734,1.0,1400.0
-16.71346452765283,0.0,1401.0
-26.35615094428249,1.0,1401.0
-17.769728054996904,0.0,1402.0
-28.67674025546694,1.0,1402.0
-18.046566631801852,0.0,1403.0
-29.720201408556477,1.0,1403.0
-27.248955851955998,0.0,1404.0
-41.67759903423985,1.0,1404.0
-41.30722561694165,0.0,1405.0
-68.65739934064459,1.0,1405.0
-25.7831448364891,0.0,1406.0
-37.064642122944406,1.0,1406.0
-18.888213737816386,0.0,1407.0
-29.19473047753945,1.0,1407.0
-19.55910158350116,0.0,1408.0
-44.2169918411023,1.0,1408.0
-16.304565690068557,0.0,1409.0
-44.57936594849025,1.0,1409.0
-17.714811588868542,0.0,1410.0
-38.620320681030535,1.0,1410.0
-22.62087928985966,0.0,1411.0
-42.26233610532063,1.0,1411.0
-44.71217527934368,0.0,1412.0
-65.14355018844617,1.0,1412.0
-22.194819377578824,0.0,1413.0
-46.24846446398942,1.0,1413.0
-14.37700867252579,0.0,1414.0
-35.27528634050259,1.0,1414.0
-18.77499897337657,0.0,1415.0
-34.17764550313086,1.0,1415.0
-19.812705213812023,0.0,1416.0
-38.815446310991774,1.0,1416.0
-19.66807619838073,0.0,1417.0
-31.941486782127413,1.0,1417.0
-24.632823991710666,0.0,1418.0
-35.18092542879049,1.0,1418.0
-33.6687291450462,0.0,1419.0
-50.78553466260655,1.0,1419.0
-24.7665697296311,0.0,1420.0
-34.569445901867766,1.0,1420.0
-20.223417939754654,0.0,1421.0
-33.171874646395736,1.0,1421.0
-23.183487652071562,0.0,1422.0
-55.3915046811162,1.0,1422.0
-22.060961623034473,0.0,1423.0
-42.34960121774111,1.0,1423.0
-23.301472342947363,0.0,1424.0
-50.87679264013286,1.0,1424.0
-32.01792106257108,0.0,1425.0
-55.94441178753914,1.0,1425.0
-40.060766575320486,0.0,1426.0
-80.27852972426263,1.0,1426.0
-30.647040667262445,0.0,1427.0
-64.84560279587595,1.0,1427.0
-24.28654629516268,0.0,1428.0
-73.5058709247237,1.0,1428.0
-21.926279337674714,0.0,1429.0
-40.5086694068782,1.0,1429.0
-21.267013695092373,0.0,1430.0
-45.09214713654592,1.0,1430.0
-19.589471595848863,0.0,1431.0
-38.16029553143153,1.0,1431.0
-26.5163939570175,0.0,1432.0
-56.805430842688565,1.0,1432.0
-47.744492568995156,0.0,1433.0
-91.98337944554441,1.0,1433.0
-33.06078083054854,0.0,1434.0
-56.897921154341475,1.0,1434.0
-23.193719161794434,0.0,1435.0
-45.75457144814027,1.0,1435.0
-24.92118896454167,0.0,1436.0
-38.62854229921868,1.0,1436.0
-20.495944230684927,0.0,1437.0
-39.08060771685632,1.0,1437.0
-22.493276706879897,0.0,1438.0
-77.82716152277362,1.0,1438.0
-26.896480759118276,0.0,1439.0
-90.3822653645152,1.0,1439.0
-43.10568876895195,0.0,1440.0
-97.4124626448529,1.0,1440.0
-28.12308178549074,0.0,1441.0
-49.22852866045787,1.0,1441.0
-23.132166613306254,0.0,1442.0
-42.109000523820214,1.0,1442.0
-22.61949858026992,0.0,1443.0
-59.67993636758092,1.0,1443.0
-18.7341391995692,0.0,1444.0
-57.21012999458435,1.0,1444.0
-22.441872522894755,0.0,1445.0
-72.30691747322271,1.0,1445.0
-25.273943801446876,0.0,1446.0
-77.27720353400491,1.0,1446.0
-48.44572773235359,0.0,1447.0
-104.44524104186803,1.0,1447.0
-27.012703735028026,0.0,1448.0
-67.7208130343929,1.0,1448.0
-18.373540327074807,0.0,1449.0
-67.47095806562174,1.0,1449.0
-22.124611664931308,0.0,1450.0
-33.91635082119592,1.0,1450.0
-19.074679015784568,0.0,1451.0
-37.60531628566332,1.0,1451.0
-17.659027894433166,0.0,1452.0
-30.67971835146409,1.0,1452.0
-18.952607158081264,0.0,1453.0
-31.230879390268,1.0,1453.0
-41.571560005080755,0.0,1454.0
-67.51836826361978,1.0,1454.0
-26.907354901316012,0.0,1455.0
-47.07679738703746,1.0,1455.0
-20.22701571073776,0.0,1456.0
-33.19669806236743,1.0,1456.0
-17.490029228927142,0.0,1457.0
-29.054814002629428,1.0,1457.0
-18.03983073673089,0.0,1458.0
-30.430742137800735,1.0,1458.0
-19.020807341346426,0.0,1459.0
-32.4228282581721,1.0,1459.0
-31.346186422402297,0.0,1460.0
-42.10760320352529,1.0,1460.0
-47.74958640869954,0.0,1461.0
-57.806298811979104,1.0,1461.0
-34.12144031558046,0.0,1462.0
-41.659860021894474,1.0,1462.0
-24.22828100905417,0.0,1463.0
-38.94568140933643,1.0,1463.0
-22.844339181470332,0.0,1464.0
-37.14066340548243,1.0,1464.0
-21.782825893471454,0.0,1465.0
-34.1581041882132,1.0,1465.0
-22.38046088767169,0.0,1466.0
-32.949859928967726,1.0,1466.0
-30.105533194076997,0.0,1467.0
-53.2638615499377,1.0,1467.0
-57.9877975575082,0.0,1468.0
-78.91119867924135,1.0,1468.0
-35.51842879425749,0.0,1469.0
-46.75697780320024,1.0,1469.0
-25.498566982947068,0.0,1470.0
-37.17794888603112,1.0,1470.0
-18.223440549168572,0.0,1471.0
-30.512099785761166,1.0,1471.0
-17.78219232245874,0.0,1472.0
-37.658325036009956,1.0,1472.0
-17.502917726621945,0.0,1473.0
-39.14954663558137,1.0,1473.0
-19.152576568031236,0.0,1474.0
-38.49870322958304,1.0,1474.0
-28.939690384412188,0.0,1475.0
-42.889560242887,1.0,1475.0
-21.91728328178351,0.0,1476.0
-32.8534720372395,1.0,1476.0
-16.862496164490494,0.0,1477.0
-30.515057737252846,1.0,1477.0
-21.33883974749415,0.0,1478.0
-42.95054902993388,1.0,1478.0
-19.920336208930166,0.0,1479.0
-44.154933467977116,1.0,1479.0
-22.127934231179097,0.0,1480.0
-42.542444249946584,1.0,1480.0
-31.180808430789966,0.0,1481.0
-52.715751179157905,1.0,1481.0
-37.92660394741688,0.0,1482.0
-59.9192174953987,1.0,1482.0
-29.518248889765346,0.0,1483.0
-52.56297857198069,1.0,1483.0
-23.768335002238018,0.0,1484.0
-44.467083653408736,1.0,1484.0
-25.252195222410137,0.0,1485.0
-31.830625204402168,1.0,1485.0
-21.958091504577624,0.0,1486.0
-29.85167840708891,1.0,1486.0
-21.90483319523628,0.0,1487.0
-29.374031845130958,1.0,1487.0
-31.74323500601713,0.0,1488.0
-40.58591283576425,1.0,1488.0
-50.06281332888011,0.0,1489.0
-65.78746128310377,1.0,1489.0
-34.9140212521861,0.0,1490.0
-42.99487630908425,1.0,1490.0
-24.175317326319146,0.0,1491.0
-30.082427327923597,1.0,1491.0
-19.244102505011142,0.0,1492.0
-27.679456964796827,1.0,1492.0
-18.601542463458372,0.0,1493.0
-28.007445805569205,1.0,1493.0
-19.478434761060726,0.0,1494.0
-31.346551400514272,1.0,1494.0
-30.621520266556672,0.0,1495.0
-40.70334232678397,1.0,1495.0
-43.42985709737695,0.0,1496.0
-61.06014471685194,1.0,1496.0
-28.9006133964499,0.0,1497.0
-37.194521919170256,1.0,1497.0
-20.266591709938893,0.0,1498.0
-27.947811089600236,1.0,1498.0
-29.148970074970293,0.0,1499.0
-41.26399194735268,1.0,1499.0
-22.265724520286767,0.0,1500.0
-33.670686308601944,1.0,1500.0
-25.121416985934047,0.0,1501.0
-39.471795075353384,1.0,1501.0
-38.182776652289704,0.0,1502.0
-52.982062905381554,1.0,1502.0
-46.97952612476729,0.0,1503.0
-58.02711634780735,1.0,1503.0
-36.614136680274896,0.0,1504.0
-48.135247040674585,1.0,1504.0
-25.356352321623945,0.0,1505.0
-36.01273326727596,1.0,1505.0
-20.29861910100908,0.0,1506.0
-34.21834022202211,1.0,1506.0
-17.53992812172328,0.0,1507.0
-28.906372283463043,1.0,1507.0
-18.103131594329625,0.0,1508.0
-29.243359857376163,1.0,1508.0
-27.429310944800818,0.0,1509.0
-40.1565039793627,1.0,1509.0
-42.46100900556576,0.0,1510.0
-55.58607453127115,1.0,1510.0
-31.632334338342844,0.0,1511.0
-43.56407938407665,1.0,1511.0
-21.88342496057203,0.0,1512.0
-32.81066139934501,1.0,1512.0
-28.825610022354795,0.0,1513.0
-33.486778376973234,1.0,1513.0
-24.59344563592049,0.0,1514.0
-31.61657089369419,1.0,1514.0
-22.285378275952553,0.0,1515.0
-28.35983375600472,1.0,1515.0
-33.69079148438186,0.0,1516.0
-39.5466801886264,1.0,1516.0
-47.68927829165477,0.0,1517.0
-54.029284306462614,1.0,1517.0
-36.71632952300115,0.0,1518.0
-43.13844899335891,1.0,1518.0
-26.526219171164485,0.0,1519.0
-34.503016522212874,1.0,1519.0
-19.24393242017686,0.0,1520.0
-27.04327138136705,1.0,1520.0
-16.444157524093043,0.0,1521.0
-28.753458300117927,1.0,1521.0
-18.055832881515016,0.0,1522.0
-27.64423455474207,1.0,1522.0
-26.574920504071997,0.0,1523.0
-35.309079645912334,1.0,1523.0
-47.95048470742131,0.0,1524.0
-52.9255311780953,1.0,1524.0
-30.055413949799004,0.0,1525.0
-36.372140894902714,1.0,1525.0
-21.58286815268093,0.0,1526.0
-32.7717154820657,1.0,1526.0
-19.48068956969837,0.0,1527.0
-46.46833773520211,1.0,1527.0
-17.966086810118668,0.0,1528.0
-43.6598618592252,1.0,1528.0
-20.05337402044961,0.0,1529.0
-51.534052879635965,1.0,1529.0
-34.62914212260239,0.0,1530.0
-85.78001480091689,1.0,1530.0
-52.99391057997218,0.0,1531.0
-115.5616747379172,1.0,1531.0
-31.918928431013228,0.0,1532.0
-53.05237285934345,1.0,1532.0
-16.887788741049008,0.0,1533.0
-23.23865867241875,1.0,1533.0
-17.782650846298566,0.0,1534.0
-25.364150567514116,1.0,1534.0
-15.452966683303657,0.0,1535.0
-23.384474358349507,1.0,1535.0
-16.741678162899916,0.0,1536.0
-24.33607616203699,1.0,1536.0
-21.887226944842496,0.0,1537.0
-29.141635332756778,1.0,1537.0
-35.72909297767637,0.0,1538.0
-45.45173864032404,1.0,1538.0
-26.000502892430177,0.0,1539.0
-35.641541355747904,1.0,1539.0
-18.99189547590595,0.0,1540.0
-28.183592627718554,1.0,1540.0
