log_cosh_1,label,id
7.481101077155516,0.0,1.0
8.090158264343497,1.0,1.0
6.349898583087004,0.0,2.0
6.586703295172993,1.0,2.0
6.045178465626551,0.0,3.0
6.389906225054369,1.0,3.0
8.042000652128571,0.0,4.0
8.917214778256618,1.0,4.0
17.178868194619067,0.0,5.0
18.033821180282935,1.0,5.0
11.536970294938266,0.0,6.0
11.820066890144712,1.0,6.0
6.592381261229378,0.0,7.0
6.839356715787114,1.0,7.0
6.050038220879021,0.0,8.0
9.424850740791312,1.0,8.0
6.488230930051794,0.0,9.0
10.80702984447938,1.0,9.0
6.496166358825141,0.0,10.0
10.225701925666492,1.0,10.0
9.315454566566975,0.0,11.0
13.947584355147823,1.0,11.0
18.327773400359177,0.0,12.0
23.749283787959204,1.0,12.0
10.596631974071105,0.0,13.0
14.377376940451676,1.0,13.0
6.837171780248695,0.0,14.0
11.609827102928042,1.0,14.0
8.38333396588618,0.0,15.0
9.924049664426192,1.0,15.0
6.917538842713774,0.0,16.0
8.489189337199662,1.0,16.0
8.18366838071436,0.0,17.0
12.112566395178952,1.0,17.0
10.823262469329524,0.0,18.0
15.237300426460573,1.0,18.0
16.406874140888647,0.0,19.0
21.959881080308197,1.0,19.0
10.989038753194787,0.0,20.0
13.448308561389693,1.0,20.0
6.153285219534326,0.0,21.0
7.72691262250183,1.0,21.0
5.379263879164106,0.0,22.0
9.255247888246233,1.0,22.0
5.830005527389858,0.0,23.0
9.693481421100277,1.0,23.0
5.8972264958875265,0.0,24.0
11.109807797016746,1.0,24.0
7.9119641983573725,0.0,25.0
14.326974894354313,1.0,25.0
12.275505867488178,0.0,26.0
21.04933188654358,1.0,26.0
9.291045913800525,0.0,27.0
16.117564094529648,1.0,27.0
5.15924986034054,0.0,28.0
10.0948615928089,1.0,28.0
7.146299986700559,0.0,29.0
18.624742229906904,1.0,29.0
6.065177726518154,0.0,30.0
14.735388465197328,1.0,30.0
6.147301075868134,0.0,31.0
15.823884611388143,1.0,31.0
8.904542499569411,0.0,32.0
18.872155453302483,1.0,32.0
17.428027281832033,0.0,33.0
27.062607592240237,1.0,33.0
11.533649245035292,0.0,34.0
21.266207259149827,1.0,34.0
7.077836935984412,0.0,35.0
19.90310236910698,1.0,35.0
5.043071309196001,0.0,36.0
12.200131454387389,1.0,36.0
5.938730282345194,0.0,37.0
15.905958016872708,1.0,37.0
5.736701266603319,0.0,38.0
14.759364560659808,1.0,38.0
9.174991136579376,0.0,39.0
19.86939764295541,1.0,39.0
15.592941571924056,0.0,40.0
22.603336996229658,1.0,40.0
9.290488713980219,0.0,41.0
16.571879117754218,1.0,41.0
6.472184183240029,0.0,42.0
15.560440275782305,1.0,42.0
6.669656146983508,0.0,43.0
9.067718662371417,1.0,43.0
4.907113684466024,0.0,44.0
7.18545380571649,1.0,44.0
6.257839878874464,0.0,45.0
9.78563871016002,1.0,45.0
8.436470764336045,0.0,46.0
12.779291809441188,1.0,46.0
14.996224862439256,0.0,47.0
17.834040507073457,1.0,47.0
9.110368986261062,0.0,48.0
11.624014635062686,1.0,48.0
6.066199187139776,0.0,49.0
9.665902418616037,1.0,49.0
7.625569570855386,0.0,50.0
10.999928687328715,1.0,50.0
6.795766578638338,0.0,51.0
8.571562840171302,1.0,51.0
6.5712041937027585,0.0,52.0
7.834797886223639,1.0,52.0
10.708858011139489,0.0,53.0
14.187737043394511,1.0,53.0
17.6611561254236,0.0,54.0
21.095400976595418,1.0,54.0
11.542080203812079,0.0,55.0
14.478724335042633,1.0,55.0
7.447054995541438,0.0,56.0
10.08530450844037,1.0,56.0
6.656687679459305,0.0,57.0
10.270981468349754,1.0,57.0
6.303945449662386,0.0,58.0
11.751954749370045,1.0,58.0
6.595466489228633,0.0,59.0
12.316901514619957,1.0,59.0
8.528922070760334,0.0,60.0
14.409953369539247,1.0,60.0
14.010675617417393,0.0,61.0
17.497021040405304,1.0,61.0
10.556344212162777,0.0,62.0
14.218405616823208,1.0,62.0
5.607387478849961,0.0,63.0
9.893493573268271,1.0,63.0
7.310073738709538,0.0,64.0
16.23008371466795,1.0,64.0
6.347671520983996,0.0,65.0
11.422184526193393,1.0,65.0
7.08066679882836,0.0,66.0
16.253313692210625,1.0,66.0
10.031580978145305,0.0,67.0
20.915381136606946,1.0,67.0
14.477088347729335,0.0,68.0
27.563643581533274,1.0,68.0
10.075684885665913,0.0,69.0
19.494802149123306,1.0,69.0
6.956944118234732,0.0,70.0
10.571225312585096,1.0,70.0
4.8139887873092935,0.0,71.0
6.627440986164423,1.0,71.0
5.10363975481773,0.0,72.0
6.931408036993146,1.0,72.0
5.857580186929261,0.0,73.0
7.378050813900626,1.0,73.0
7.114348941666732,0.0,74.0
8.764973281919817,1.0,74.0
12.251040756439716,0.0,75.0
13.743483320432613,1.0,75.0
7.810849151313597,0.0,76.0
9.062788551412659,1.0,76.0
4.872909953957612,0.0,77.0
6.350849253707909,1.0,77.0
5.792884206549084,0.0,78.0
12.17018598127116,1.0,78.0
5.989566188629989,0.0,79.0
10.343589425601287,1.0,79.0
5.961773078965691,0.0,80.0
12.642746149974673,1.0,80.0
8.088497087950214,0.0,81.0
16.979837113685832,1.0,81.0
12.560379595715021,0.0,82.0
21.454083486315742,1.0,82.0
10.368161373092324,0.0,83.0
15.780691419395417,1.0,83.0
6.755654705995477,0.0,84.0
12.757806827126936,1.0,84.0
5.906461333750748,0.0,85.0
11.240834876501529,1.0,85.0
6.645456389862672,0.0,86.0
12.884744589769827,1.0,86.0
5.815998227465013,0.0,87.0
13.38605939612063,1.0,87.0
8.414226200972937,0.0,88.0
16.001354274178603,1.0,88.0
12.719164607010482,0.0,89.0
19.18861064195826,1.0,89.0
9.04021653001033,0.0,90.0
16.133393694100615,1.0,90.0
5.4512959619318755,0.0,91.0
12.830100789467908,1.0,91.0
7.852002462124396,0.0,92.0
13.327232905663346,1.0,92.0
7.258284121742591,0.0,93.0
12.001356607198026,1.0,93.0
7.01724590704702,0.0,94.0
11.894970962322146,1.0,94.0
11.664335403351457,0.0,95.0
15.837905808736194,1.0,95.0
15.07428451832233,0.0,96.0
18.407039092018366,1.0,96.0
12.115110057959603,0.0,97.0
15.491470403405428,1.0,97.0
7.127573642935303,0.0,98.0
11.084722513447767,1.0,98.0
6.623868479756518,0.0,99.0
19.11881170141589,1.0,99.0
5.8606541232720115,0.0,100.0
15.262609805982388,1.0,100.0
5.916748901438358,0.0,101.0
13.964149215276624,1.0,101.0
9.701713907299185,0.0,102.0
20.214163186003276,1.0,102.0
15.276260115843039,0.0,103.0
23.41355808455199,1.0,103.0
10.622084670771786,0.0,104.0
17.90233201146944,1.0,104.0
6.721801016836446,0.0,105.0
13.738767750947869,1.0,105.0
6.818206574518106,0.0,106.0
22.751783627383592,1.0,106.0
5.51923525350262,0.0,107.0
23.49638499096278,1.0,107.0
5.78342700991135,0.0,108.0
20.86451265823611,1.0,108.0
7.398583388416149,0.0,109.0
23.417307348814525,1.0,109.0
11.009792817895818,0.0,110.0
27.33159352543529,1.0,110.0
7.006598743528504,0.0,111.0
24.001599327466273,1.0,111.0
5.571279801330231,0.0,112.0
20.825519962472708,1.0,112.0
7.136377660672338,0.0,113.0
16.752335423696543,1.0,113.0
6.669135427899589,0.0,114.0
16.427151350248863,1.0,114.0
6.921963000601059,0.0,115.0
18.13486456873713,1.0,115.0
7.81596253454375,0.0,116.0
17.295942695284115,1.0,116.0
13.004180349532797,0.0,117.0
20.66225172924067,1.0,117.0
9.47152697452801,0.0,118.0
17.369646377513043,1.0,118.0
6.450859455589541,0.0,119.0
13.9622335423167,1.0,119.0
5.268187419590299,0.0,120.0
7.171557250884678,1.0,120.0
5.3604563223308626,0.0,121.0
7.383699247932218,1.0,121.0
5.407451328217205,0.0,122.0
7.425622562859264,1.0,122.0
6.3177117161497565,0.0,123.0
8.132910647436674,1.0,123.0
8.113479878021773,0.0,124.0
10.264257286886389,1.0,124.0
7.312523159587509,0.0,125.0
10.627436481672344,1.0,125.0
5.705509802618503,0.0,126.0
7.974556456266964,1.0,126.0
5.747875229328368,0.0,127.0
17.661282070823034,1.0,127.0
6.194012487458308,0.0,128.0
18.466577825426047,1.0,128.0
6.886265297072079,0.0,129.0
23.86162274159319,1.0,129.0
9.976657492197154,0.0,130.0
29.80131245886507,1.0,130.0
15.921874475339838,0.0,131.0
37.31825767520605,1.0,131.0
9.901063760382321,0.0,132.0
28.10031082729988,1.0,132.0
6.73338886220266,0.0,133.0
11.201843049327286,1.0,133.0
4.800305036775136,0.0,134.0
9.429583682055092,1.0,134.0
5.2394288732933765,0.0,135.0
13.171185686781506,1.0,135.0
5.0211125116029,0.0,136.0
11.711514550098705,1.0,136.0
6.443969373634113,0.0,137.0
24.340260861571146,1.0,137.0
10.796952909615793,0.0,138.0
33.92618542399381,1.0,138.0
7.121371483439547,0.0,139.0
33.745671791180015,1.0,139.0
5.532052586546854,0.0,140.0
17.58944151192111,1.0,140.0
7.155310294316224,0.0,141.0
17.17533130035849,1.0,141.0
7.455645340393323,0.0,142.0
18.737378675260786,1.0,142.0
7.244935646546742,0.0,143.0
19.383928070776786,1.0,143.0
11.397714203610766,0.0,144.0
26.595443532474427,1.0,144.0
16.548258275178025,0.0,145.0
45.82118990540743,1.0,145.0
10.803262339848656,0.0,146.0
22.604853552560584,1.0,146.0
8.041867758017345,0.0,147.0
18.725579762776505,1.0,147.0
8.204462400508218,0.0,148.0
14.489016245675256,1.0,148.0
7.637905705613758,0.0,149.0
13.449467693361978,1.0,149.0
7.81688106737268,0.0,150.0
13.98477994034461,1.0,150.0
12.276165126512018,0.0,151.0
17.029776636159802,1.0,151.0
19.851746178032766,0.0,152.0
25.5869196750647,1.0,152.0
11.044037372088662,0.0,153.0
16.382489808613617,1.0,153.0
8.209301743919944,0.0,154.0
14.625751257535502,1.0,154.0
7.433430309055205,0.0,155.0
11.544516161561589,1.0,155.0
8.244322816646248,0.0,156.0
11.28945588092861,1.0,156.0
8.133038764308857,0.0,157.0
11.150814316292784,1.0,157.0
12.071362706208577,0.0,158.0
14.869471674951349,1.0,158.0
19.382797167946393,0.0,159.0
21.69042002895035,1.0,159.0
12.978647308352624,0.0,160.0
15.786572200975279,1.0,160.0
7.0704561012644875,0.0,161.0
11.783649994954034,1.0,161.0
7.800390905894875,0.0,162.0
12.582518625518949,1.0,162.0
7.7488718543904085,0.0,163.0
12.804876531664725,1.0,163.0
7.274617937207207,0.0,164.0
12.432530248954597,1.0,164.0
10.504906373726072,0.0,165.0
14.929958907507189,1.0,165.0
17.674877659579103,0.0,166.0
23.519971958569567,1.0,166.0
12.638055769570308,0.0,167.0
17.164214230210852,1.0,167.0
7.513656660107812,0.0,168.0
14.737562543373677,1.0,168.0
7.045326519658022,0.0,169.0
13.184032986145418,1.0,169.0
6.813310338529147,0.0,170.0
12.33637571348294,1.0,170.0
6.418227436808329,0.0,171.0
12.216952113965927,1.0,171.0
9.086361621595964,0.0,172.0
16.824729273768497,1.0,172.0
14.04380142902432,0.0,173.0
22.13064436770925,1.0,173.0
10.629558444510998,0.0,174.0
17.558003368670448,1.0,174.0
8.78712881491441,0.0,175.0
15.12199524151537,1.0,175.0
6.3219951626247655,0.0,176.0
18.151471121136186,1.0,176.0
6.695418495649743,0.0,177.0
16.442585307546683,1.0,177.0
5.982307390659323,0.0,178.0
12.43674898555172,1.0,178.0
8.159493378379276,0.0,179.0
16.35969673131952,1.0,179.0
16.336651328932124,0.0,180.0
24.457193347940425,1.0,180.0
8.282059532767505,0.0,181.0
17.824937694732938,1.0,181.0
5.9290020859505415,0.0,182.0
15.15934717272584,1.0,182.0
9.452028020879967,0.0,183.0
12.181307828658136,1.0,183.0
7.805686258512831,0.0,184.0
9.618244679349754,1.0,184.0
7.775446768032356,0.0,185.0
9.61412365901096,1.0,185.0
13.189185455878842,0.0,186.0
15.714114943909127,1.0,186.0
20.22672645677605,0.0,187.0
23.176445023384222,1.0,187.0
11.609849251946317,0.0,188.0
14.708797916953776,1.0,188.0
8.811098830253863,0.0,189.0
11.48619996712029,1.0,189.0
6.706797879664873,0.0,190.0
16.189557090794878,1.0,190.0
7.399716462719191,0.0,191.0
15.096099130148353,1.0,191.0
6.562903957564547,0.0,192.0
14.088413895383384,1.0,192.0
8.548034936614199,0.0,193.0
17.144758271716263,1.0,193.0
12.633610331253513,0.0,194.0
21.500820955574483,1.0,194.0
10.0685468215615,0.0,195.0
18.207176337152063,1.0,195.0
6.196046288517111,0.0,196.0
13.551175118078953,1.0,196.0
6.277227653135713,0.0,197.0
11.022868990451657,1.0,197.0
5.961348338962672,0.0,198.0
10.43360911722107,1.0,198.0
6.112016386391349,0.0,199.0
11.909266199488425,1.0,199.0
9.842172125753017,0.0,200.0
16.37983453215115,1.0,200.0
19.153125308431132,0.0,201.0
28.480524788844445,1.0,201.0
11.261579386724081,0.0,202.0
14.846132255199311,1.0,202.0
5.94006704076077,0.0,203.0
10.581056002477817,1.0,203.0
6.630651725268877,0.0,204.0
12.399486953298528,1.0,204.0
6.247039843698508,0.0,205.0
10.055927092506321,1.0,205.0
6.459279991299183,0.0,206.0
9.790444178602343,1.0,206.0
12.126283152095413,0.0,207.0
16.140825341274745,1.0,207.0
14.945500569836442,0.0,208.0
21.94518412074594,1.0,208.0
10.59381991730092,0.0,209.0
15.992466437606428,1.0,209.0
6.938592570607746,0.0,210.0
10.655241751582121,1.0,210.0
5.169751100912962,0.0,211.0
6.638376955513415,1.0,211.0
5.175065128193423,0.0,212.0
8.339536670269712,1.0,212.0
5.6845411964433055,0.0,213.0
9.092645428454507,1.0,213.0
7.614617966904788,0.0,214.0
11.973153089248708,1.0,214.0
11.418851316044757,0.0,215.0
15.311096613414653,1.0,215.0
7.488184854449779,0.0,216.0
10.728370862211412,1.0,216.0
5.299393649586897,0.0,217.0
8.35750082721903,1.0,217.0
6.398915229786936,0.0,218.0
8.043938039812634,1.0,218.0
7.483658203065024,0.0,219.0
9.194390636791463,1.0,219.0
7.261125276243237,0.0,220.0
9.756883203924264,1.0,220.0
10.31602041188986,0.0,221.0
20.76957935884784,1.0,221.0
18.160693364459767,0.0,222.0
27.5700033899268,1.0,222.0
11.01889997318164,0.0,223.0
17.91423819469122,1.0,223.0
7.489773503664619,0.0,224.0
15.080100590024006,1.0,224.0
7.137664040927647,0.0,225.0
7.90972584459727,1.0,225.0
5.866669101846584,0.0,226.0
7.54243084100649,1.0,226.0
6.9505365374489125,0.0,227.0
8.7593287565387,1.0,227.0
10.343886917321184,0.0,228.0
12.646318222088443,1.0,228.0
14.207732829930375,0.0,229.0
16.263079672224965,1.0,229.0
9.997478438248425,0.0,230.0
11.70253898604121,1.0,230.0
7.0119744406258535,0.0,231.0
8.628408079202208,1.0,231.0
5.222335911075124,0.0,232.0
12.339496553630017,1.0,232.0
5.65805357599206,0.0,233.0
13.376537923899178,1.0,233.0
5.593645967148187,0.0,234.0
12.07739505656219,1.0,234.0
6.873281194946565,0.0,235.0
17.001573986799645,1.0,235.0
10.301566657237743,0.0,236.0
16.737775701190913,1.0,236.0
7.38872707514901,0.0,237.0
14.964684659985556,1.0,237.0
5.763095079446482,0.0,238.0
15.112582777209095,1.0,238.0
7.522422459930732,0.0,239.0
26.91191522432057,1.0,239.0
6.590338774280861,0.0,240.0
26.92727274578957,1.0,240.0
8.254419729055854,0.0,241.0
27.76079720742169,1.0,241.0
9.48009734183427,0.0,242.0
36.774036745515865,1.0,242.0
14.949793136495796,0.0,243.0
46.85351223183615,1.0,243.0
11.626589567045857,0.0,244.0
32.194741920719785,1.0,244.0
7.40061936094701,0.0,245.0
27.844861418811206,1.0,245.0
6.744006059401654,0.0,246.0
12.414402797279706,1.0,246.0
6.086835558036353,0.0,247.0
11.023795340581637,1.0,247.0
6.717031160541747,0.0,248.0
10.826418921623928,1.0,248.0
8.777428413366522,0.0,249.0
12.989962851078731,1.0,249.0
15.185783112133832,0.0,250.0
19.450028559511715,1.0,250.0
9.540744394759836,0.0,251.0
14.386841954390276,1.0,251.0
6.164698478518858,0.0,252.0
10.699574098000127,1.0,252.0
7.204848094394707,0.0,253.0
12.725573490679892,1.0,253.0
6.168772160759095,0.0,254.0
10.591722709247822,1.0,254.0
6.94183023597001,0.0,255.0
10.7215233411153,1.0,255.0
9.58626540517492,0.0,256.0
13.002748046331442,1.0,256.0
16.410152629933094,0.0,257.0
26.650838227935882,1.0,257.0
11.95866024809302,0.0,258.0
14.851493620578252,1.0,258.0
7.710045927708326,0.0,259.0
12.074233392734017,1.0,259.0
5.2549331862974284,0.0,260.0
10.20263524284929,1.0,260.0
4.934363057436626,0.0,261.0
10.804053624394857,1.0,261.0
5.131215717239851,0.0,262.0
10.275636236606497,1.0,262.0
5.5646815652668185,0.0,263.0
21.13720008330051,1.0,263.0
10.575255565377153,0.0,264.0
28.573006930176426,1.0,264.0
7.1139737112342285,0.0,265.0
29.2892510355594,1.0,265.0
5.502243047603799,0.0,266.0
11.434366920705163,1.0,266.0
6.774269001784092,0.0,267.0
9.30336597966286,1.0,267.0
5.92975211252082,0.0,268.0
8.47298581007988,1.0,268.0
6.474533282092292,0.0,269.0
8.589933062461013,1.0,269.0
9.026227470453565,0.0,270.0
11.316407762180887,1.0,270.0
16.758640945279225,0.0,271.0
18.806280363403534,1.0,271.0
9.251522510180195,0.0,272.0
10.972540340121599,1.0,272.0
6.541769885191675,0.0,273.0
8.586873023541743,1.0,273.0
6.144100325536491,0.0,274.0
7.935238473936993,1.0,274.0
5.407440905149518,0.0,275.0
7.210201642473091,1.0,275.0
5.443483872791622,0.0,276.0
6.948607401360231,1.0,276.0
8.375492344720785,0.0,277.0
10.009358563800667,1.0,277.0
15.371279405538903,0.0,278.0
16.83594102011344,1.0,278.0
11.321456001238424,0.0,279.0
12.548800870532855,1.0,279.0
6.407238049238445,0.0,280.0
7.859329444328799,1.0,280.0
7.439316736462575,0.0,281.0
11.117615543212489,1.0,281.0
6.57456867305411,0.0,282.0
9.715423281209423,1.0,282.0
7.423418518363541,0.0,283.0
10.865035518365767,1.0,283.0
7.570620895826755,0.0,284.0
11.013405279396252,1.0,284.0
13.745602243209456,0.0,285.0
16.75476920997311,1.0,285.0
11.126310553034495,0.0,286.0
14.233834796881688,1.0,286.0
5.5339743396294026,0.0,287.0
8.285933005251843,1.0,287.0
6.207416552347697,0.0,288.0
9.384133461640529,1.0,288.0
6.194323876601689,0.0,289.0
9.470120728995997,1.0,289.0
5.546649224083739,0.0,290.0
8.557289317729063,1.0,290.0
7.0570972030011,0.0,291.0
10.452508744484515,1.0,291.0
10.601582496870511,0.0,292.0
13.893066065951103,1.0,292.0
6.89145120748018,0.0,293.0
9.994031008650795,1.0,293.0
5.299118306885378,0.0,294.0
8.78685303791816,1.0,294.0
7.030457145186439,0.0,295.0
19.862105404309666,1.0,295.0
6.012449164881453,0.0,296.0
15.70045551386433,1.0,296.0
6.5216390330722325,0.0,297.0
14.85164301788034,1.0,297.0
9.412756508059095,0.0,298.0
20.14082908837776,1.0,298.0
13.844365585633293,0.0,299.0
22.183512772168893,1.0,299.0
10.648228329993552,0.0,300.0
18.123160766744295,1.0,300.0
6.288380769725305,0.0,301.0
13.564546610882038,1.0,301.0
5.978436958236599,0.0,302.0
11.683252836688762,1.0,302.0
5.498786497822435,0.0,303.0
10.574001757208151,1.0,303.0
5.417595144431008,0.0,304.0
9.862421105971634,1.0,304.0
7.7726129965377355,0.0,305.0
11.540708701838234,1.0,305.0
15.779532287423725,0.0,306.0
22.707858214895335,1.0,306.0
8.95080137630941,0.0,307.0
15.279105613288888,1.0,307.0
5.46972785403854,0.0,308.0
9.433421542392006,1.0,308.0
7.939839823972941,0.0,309.0
10.896281269161184,1.0,309.0
6.713785243583903,0.0,310.0
10.768381978534627,1.0,310.0
6.80767232756539,0.0,311.0
11.088491320961689,1.0,311.0
9.198699272346063,0.0,312.0
18.740880825962503,1.0,312.0
15.397106898377457,0.0,313.0
24.354265121434395,1.0,313.0
10.533516391310709,0.0,314.0
21.45578505209589,1.0,314.0
6.351630983775237,0.0,315.0
10.85408695447698,1.0,315.0
5.484837827652505,0.0,316.0
9.649876083644621,1.0,316.0
5.669109410617976,0.0,317.0
9.828814964667453,1.0,317.0
5.815171330771385,0.0,318.0
11.41250366789719,1.0,318.0
8.09643946543555,0.0,319.0
14.939456493532392,1.0,319.0
13.507186298596007,0.0,320.0
22.86241406652623,1.0,320.0
9.925321278669156,0.0,321.0
17.262669223553022,1.0,321.0
5.638915086763579,0.0,322.0
10.94414442971674,1.0,322.0
7.741124040833066,0.0,323.0
8.709704531858485,1.0,323.0
8.051558170791928,0.0,324.0
12.67946227406396,1.0,324.0
7.4904318940992995,0.0,325.0
14.911387172577692,1.0,325.0
12.482724267994913,0.0,326.0
23.668455070459792,1.0,326.0
19.057008122284927,0.0,327.0
30.697257632086416,1.0,327.0
14.305979361920965,0.0,328.0
33.753380083938765,1.0,328.0
9.25801694986267,0.0,329.0
26.458847494848136,1.0,329.0
6.174057524603644,0.0,330.0
10.541522175789849,1.0,330.0
5.660069570977145,0.0,331.0
10.89112185071587,1.0,331.0
6.247157103208622,0.0,332.0
13.426838779382217,1.0,332.0
10.197069324768952,0.0,333.0
35.57967176488271,1.0,333.0
17.300231787587325,0.0,334.0
44.06315628818429,1.0,334.0
11.970063084010016,0.0,335.0
31.744951811702148,1.0,335.0
7.587996583753345,0.0,336.0
28.383458234960923,1.0,336.0
7.789367209060957,0.0,337.0
18.097265523966538,1.0,337.0
7.700082777998711,0.0,338.0
17.98697904605388,1.0,338.0
7.385978859667849,0.0,339.0
19.448266626798688,1.0,339.0
10.565964269231666,0.0,340.0
24.570403930599515,1.0,340.0
15.995229853394566,0.0,341.0
29.854361095534983,1.0,341.0
11.828470488369751,0.0,342.0
23.016198176862513,1.0,342.0
8.805362668736949,0.0,343.0
19.862100192775998,1.0,343.0
6.183592894248132,0.0,344.0
11.44932358836724,1.0,344.0
6.648595470377745,0.0,345.0
15.55477056132061,1.0,345.0
7.013486219717146,0.0,346.0
14.632288258076997,1.0,346.0
11.185266463247652,0.0,347.0
31.29756378546422,1.0,347.0
17.909494396065174,0.0,348.0
43.84097340271502,1.0,348.0
12.462935639927233,0.0,349.0
42.2200595822636,1.0,349.0
6.890030630229956,0.0,350.0
20.58562871950396,1.0,350.0
5.844235620383802,0.0,351.0
7.834073048733445,1.0,351.0
5.046358049835006,0.0,352.0
7.028391640630784,1.0,352.0
5.215609558139527,0.0,353.0
7.666889650746913,1.0,353.0
7.44497342208955,0.0,354.0
9.921562459928342,1.0,354.0
12.520248614114708,0.0,355.0
14.55447484716548,1.0,355.0
8.92786411324739,0.0,356.0
11.039506377758702,1.0,356.0
5.936455447849003,0.0,357.0
8.451088682302501,1.0,357.0
5.481519383516335,0.0,358.0
6.973219738238526,1.0,358.0
5.942589857405749,0.0,359.0
9.132552314102131,1.0,359.0
6.204419486128096,0.0,360.0
9.658738296842479,1.0,360.0
8.37248268396129,0.0,361.0
12.745118913838123,1.0,361.0
10.62398166906928,0.0,362.0
14.529874236238413,1.0,362.0
7.9260123219636265,0.0,363.0
11.182864814762866,1.0,363.0
5.4445908894258075,0.0,364.0
8.535516832467628,1.0,364.0
6.081050321242765,0.0,365.0
11.313117112891668,1.0,365.0
6.8036021196810985,0.0,366.0
9.212944131352963,1.0,366.0
6.221060347790985,0.0,367.0
8.387253473585186,1.0,367.0
7.057466353310576,0.0,368.0
9.154417738382557,1.0,368.0
11.371185325183388,0.0,369.0
16.857280513776082,1.0,369.0
7.7570344191776615,0.0,370.0
17.200733184605262,1.0,370.0
5.393558247741302,0.0,371.0
8.06128853865914,1.0,371.0
6.56027126441528,0.0,372.0
12.427821193887013,1.0,372.0
5.712020311196905,0.0,373.0
12.178160496547978,1.0,373.0
5.747231604906036,0.0,374.0
12.58330817288713,1.0,374.0
6.332295759146509,0.0,375.0
15.147315478399253,1.0,375.0
13.090241012655571,0.0,376.0
19.19338136684202,1.0,376.0
10.053671801261714,0.0,377.0
14.273076777677568,1.0,377.0
5.005218202154992,0.0,378.0
10.630516932432656,1.0,378.0
5.30969164034173,0.0,379.0
16.83641049244823,1.0,379.0
4.458778462077259,0.0,380.0
10.55312956440765,1.0,380.0
5.176762785323056,0.0,381.0
9.526291074401952,1.0,381.0
6.817844807214853,0.0,382.0
18.695767618066032,1.0,382.0
13.464705783848801,0.0,383.0
25.02413960498521,1.0,383.0
7.35884153467133,0.0,384.0
17.389028505945898,1.0,384.0
4.28684040826135,0.0,385.0
13.295902901738701,1.0,385.0
8.331852698001198,0.0,386.0
13.254633200006799,1.0,386.0
7.1051458073008,0.0,387.0
11.709809075668183,1.0,387.0
8.902833550783042,0.0,388.0
14.88016965092407,1.0,388.0
10.805489401951862,0.0,389.0
15.624558210206676,1.0,389.0
17.416771671744772,0.0,390.0
28.30509413864626,1.0,390.0
11.857736290621789,0.0,391.0
15.688944972915996,1.0,391.0
8.16264071048983,0.0,392.0
13.660288566595645,1.0,392.0
5.540378880353978,0.0,393.0
15.096812675982047,1.0,393.0
6.645794705264208,0.0,394.0
14.929232332839119,1.0,394.0
6.950110928856537,0.0,395.0
13.860149584284171,1.0,395.0
8.523981536733839,0.0,396.0
15.613693899447657,1.0,396.0
12.390894002680252,0.0,397.0
19.562230276089668,1.0,397.0
9.147210187160821,0.0,398.0
17.239486149814372,1.0,398.0
7.216567965283482,0.0,399.0
14.810810650691698,1.0,399.0
6.253407903686722,0.0,400.0
6.895574399291525,1.0,400.0
5.383393585392282,0.0,401.0
6.774836624671938,1.0,401.0
6.443446048783408,0.0,402.0
7.9384891681339775,1.0,402.0
7.805267164337816,0.0,403.0
9.721568113833813,1.0,403.0
12.299712573321102,0.0,404.0
14.010947920057697,1.0,404.0
8.353876205473131,0.0,405.0
9.773573140863833,1.0,405.0
5.287523947102251,0.0,406.0
6.62578502130491,1.0,406.0
4.87762899779739,0.0,407.0
7.437788019886284,1.0,407.0
5.024271569664046,0.0,408.0
7.678645568077346,1.0,408.0
5.655549868303895,0.0,409.0
8.317656045682309,1.0,409.0
6.225313827946769,0.0,410.0
8.867730396399619,1.0,410.0
12.770022228019249,0.0,411.0
15.412469631380224,1.0,411.0
7.832825320687075,0.0,412.0
10.524251587128305,1.0,412.0
4.611717869580181,0.0,413.0
8.606112703384596,1.0,413.0
6.2647134576395205,0.0,414.0
16.3414772092147,1.0,414.0
5.425392467559007,0.0,415.0
10.576074210475696,1.0,415.0
5.994816808916074,0.0,416.0
10.97669870978594,1.0,416.0
6.509845332121623,0.0,417.0
11.349028055011168,1.0,417.0
11.470791198902162,0.0,418.0
17.02086187332962,1.0,418.0
9.919830493534441,0.0,419.0
15.724506742272139,1.0,419.0
5.992703966261765,0.0,420.0
10.015063890409689,1.0,420.0
6.930773532755551,0.0,421.0
11.246640525135964,1.0,421.0
6.065838288425189,0.0,422.0
11.048984420531825,1.0,422.0
6.318096066766307,0.0,423.0
11.637340961240062,1.0,423.0
8.204815916216386,0.0,424.0
12.413991954699876,1.0,424.0
15.146291846305573,0.0,425.0
22.486281604522656,1.0,425.0
9.844420468285634,0.0,426.0
17.801023703381457,1.0,426.0
7.483273418154042,0.0,427.0
11.774464666661666,1.0,427.0
6.6601668125534905,0.0,428.0
18.035533169130524,1.0,428.0
7.602199316195063,0.0,429.0
21.09158396239388,1.0,429.0
6.955937423625951,0.0,430.0
18.72086158752527,1.0,430.0
12.712896869047778,0.0,431.0
23.7758044147912,1.0,431.0
17.639747578938266,0.0,432.0
34.65167001306855,1.0,432.0
11.017420766176457,0.0,433.0
24.652743992895985,1.0,433.0
7.862974912209677,0.0,434.0
18.363172743579202,1.0,434.0
6.555880547203264,0.0,435.0
9.799258185112485,1.0,435.0
6.001308642831661,0.0,436.0
9.228844086629723,1.0,436.0
6.274369126855736,0.0,437.0
9.417075132387396,1.0,437.0
8.356884129054803,0.0,438.0
11.376055937798029,1.0,438.0
16.06748733499935,0.0,439.0
20.33045074506663,1.0,439.0
7.555002363373953,0.0,440.0
11.71136254702983,1.0,440.0
5.279239345565756,0.0,441.0
9.046644956931525,1.0,441.0
5.932740058556371,0.0,442.0
9.319464841812817,1.0,442.0
5.37368536654412,0.0,443.0
9.855280870394669,1.0,443.0
5.729702176732875,0.0,444.0
10.59189468986232,1.0,444.0
8.874485847065504,0.0,445.0
13.669012674147913,1.0,445.0
16.97885560815674,0.0,446.0
22.448380725086963,1.0,446.0
9.767126039279816,0.0,447.0
12.284854924800353,1.0,447.0
5.89578724397453,0.0,448.0
8.563041113847286,1.0,448.0
6.633810783330561,0.0,449.0
11.71579452221787,1.0,449.0
6.712371615045569,0.0,450.0
12.102063851723385,1.0,450.0
6.2507817249545194,0.0,451.0
11.764738641739362,1.0,451.0
8.923727024012658,0.0,452.0
13.648910919758537,1.0,452.0
14.707187553014698,0.0,453.0
20.915937033543464,1.0,453.0
10.160055274665636,0.0,454.0
14.937519540142956,1.0,454.0
7.387061121516685,0.0,455.0
15.08472148331164,1.0,455.0
4.458408877473576,0.0,456.0
13.786464142422991,1.0,456.0
4.423690942318463,0.0,457.0
10.576764304407426,1.0,457.0
4.79753597515885,0.0,458.0
11.073558539495808,1.0,458.0
5.857135903674162,0.0,459.0
14.405469713307845,1.0,459.0
11.408145522771283,0.0,460.0
21.339041918120834,1.0,460.0
7.5641490394572815,0.0,461.0
18.04779069658772,1.0,461.0
5.2735735397547145,0.0,462.0
14.374483670613134,1.0,462.0
7.986792703294751,0.0,463.0
13.544153879189828,1.0,463.0
6.702649064479111,0.0,464.0
9.687805626516147,1.0,464.0
7.406739873080474,0.0,465.0
12.544574316634979,1.0,465.0
8.376600229944335,0.0,466.0
13.811565929182587,1.0,466.0
15.192560711818977,0.0,467.0
21.701172291733716,1.0,467.0
10.105176086754328,0.0,468.0
13.974720811555084,1.0,468.0
6.257095063838053,0.0,469.0
11.415766522339736,1.0,469.0
7.057501096869139,0.0,470.0
10.468620635468698,1.0,470.0
7.691195810015398,0.0,471.0
11.810344773872883,1.0,471.0
6.74116143054526,0.0,472.0
10.750578510543603,1.0,472.0
8.359802587973032,0.0,473.0
12.369701734846359,1.0,473.0
14.98101804115574,0.0,474.0
17.87860520103983,1.0,474.0
9.524966910526565,0.0,475.0
12.723739465082854,1.0,475.0
6.764674568090014,0.0,476.0
12.021271180665732,1.0,476.0
4.975141572106788,0.0,477.0
6.277648484488602,1.0,477.0
6.411820724611225,0.0,478.0
8.47239430099554,1.0,478.0
6.480639028213606,0.0,479.0
9.31010927008353,1.0,479.0
7.105444167609953,0.0,480.0
15.373750541140915,1.0,480.0
12.343712684460451,0.0,481.0
22.417931470371816,1.0,481.0
7.441845198936547,0.0,482.0
23.716982267278723,1.0,482.0
4.807538645664928,0.0,483.0
17.873457508545844,1.0,483.0
6.543791091710485,0.0,484.0
8.77496770083195,1.0,484.0
5.8111875474889265,0.0,485.0
8.439626348041388,1.0,485.0
5.970198391914963,0.0,486.0
8.680575966662778,1.0,486.0
10.270801670434503,0.0,487.0
13.228181191703463,1.0,487.0
16.671715167548708,0.0,488.0
18.63400355973356,1.0,488.0
11.152294391887027,0.0,489.0
15.124278761901177,1.0,489.0
7.971122489798584,0.0,490.0
12.406423070469218,1.0,490.0
7.401222595982677,0.0,491.0
13.34383337793967,1.0,491.0
6.591903537299404,0.0,492.0
11.476757970789421,1.0,492.0
6.826819068388858,0.0,493.0
13.423256284200908,1.0,493.0
9.750554230439322,0.0,494.0
14.82998779212882,1.0,494.0
18.94204472709666,0.0,495.0
32.18862618582536,1.0,495.0
11.513505798375263,0.0,496.0
16.07346713572034,1.0,496.0
6.675070496289501,0.0,497.0
12.425211952640105,1.0,497.0
6.530056963014891,0.0,498.0
18.630392835410852,1.0,498.0
6.778627581204627,0.0,499.0
19.289513319000374,1.0,499.0
6.937265800965376,0.0,500.0
23.52524255640197,1.0,500.0
9.271836634571427,0.0,501.0
25.504047602028006,1.0,501.0
15.53078925432446,0.0,502.0
27.576833973537713,1.0,502.0
12.381436371747284,0.0,503.0
24.787726192226856,1.0,503.0
7.305819389964792,0.0,504.0
18.42367257067513,1.0,504.0
7.588011349765692,0.0,505.0
10.558970390894881,1.0,505.0
7.06603541773295,0.0,506.0
11.539969532630224,1.0,506.0
7.1723845818725405,0.0,507.0
11.752311739434155,1.0,507.0
8.215837875872579,0.0,508.0
12.715612512443126,1.0,508.0
12.749741110009149,0.0,509.0
17.198905239130955,1.0,509.0
9.175036737500108,0.0,510.0
12.849251438942145,1.0,510.0
6.673510944804827,0.0,511.0
9.946203025948037,1.0,511.0
6.229000988098496,0.0,512.0
10.76952417302231,1.0,512.0
5.801469774162114,0.0,513.0
10.002634816632128,1.0,513.0
6.324692999946252,0.0,514.0
10.794708910027886,1.0,514.0
7.772542640831548,0.0,515.0
11.233839695281253,1.0,515.0
11.466962458749792,0.0,516.0
15.670697221669577,1.0,516.0
8.008504387328282,0.0,517.0
11.888419630062536,1.0,517.0
5.362112287190262,0.0,518.0
9.975171336479685,1.0,518.0
6.995232388348292,0.0,519.0
15.270139603709772,1.0,519.0
6.364322371419995,0.0,520.0
12.986710419703723,1.0,520.0
6.858374471149534,0.0,521.0
13.391938006227543,1.0,521.0
10.22481596492377,0.0,522.0
17.05208894946251,1.0,522.0
15.424049225151451,0.0,523.0
23.182291061405124,1.0,523.0
9.002436384440795,0.0,524.0
17.41191712802607,1.0,524.0
6.300144938651317,0.0,525.0
13.581464552424771,1.0,525.0
6.452582736093727,0.0,526.0
11.099470719758662,1.0,526.0
6.15913212614409,0.0,527.0
9.652018458323921,1.0,527.0
6.23450263059508,0.0,528.0
10.091760295913806,1.0,528.0
9.60220444695525,0.0,529.0
17.38274339620426,1.0,529.0
13.620355623278876,0.0,530.0
21.1242442103161,1.0,530.0
9.234699679129301,0.0,531.0
13.32015694566954,1.0,531.0
5.792403442557795,0.0,532.0
9.851986746749503,1.0,532.0
5.92896907957,0.0,533.0
10.954337755501776,1.0,533.0
5.78978334394813,0.0,534.0
11.713912724227448,1.0,534.0
6.240034239411088,0.0,535.0
11.419901874396544,1.0,535.0
8.907249891369377,0.0,536.0
24.4593296424965,1.0,536.0
12.831100969659722,0.0,537.0
30.98998948466853,1.0,537.0
8.41444638827515,0.0,538.0
31.138933817298653,1.0,538.0
5.741386435474104,0.0,539.0
11.75139407519389,1.0,539.0
8.446432611161676,0.0,540.0
24.26844418886552,1.0,540.0
7.548190020130935,0.0,541.0
21.17591135623926,1.0,541.0
7.645966645492206,0.0,542.0
21.350488183485812,1.0,542.0
11.05492991198908,0.0,543.0
24.02383303346741,1.0,543.0
18.198563408986878,0.0,544.0
37.43708542269411,1.0,544.0
14.64837235421431,0.0,545.0
33.67353504344099,1.0,545.0
11.31887585772178,0.0,546.0
23.533296547568824,1.0,546.0
7.139657452599487,0.0,547.0
15.185199854644479,1.0,547.0
6.563412516402905,0.0,548.0
14.860632479361024,1.0,548.0
5.881039471958078,0.0,549.0
14.037568868914413,1.0,549.0
9.869627788604113,0.0,550.0
17.90229031919928,1.0,550.0
14.789681789852596,0.0,551.0
23.028752327450746,1.0,551.0
11.254524707160378,0.0,552.0
21.516256215756187,1.0,552.0
7.123761840267734,0.0,553.0
20.884187935444448,1.0,553.0
5.697664707097476,0.0,554.0
11.42256583674833,1.0,554.0
5.683003359682773,0.0,555.0
10.314105173224664,1.0,555.0
5.86237088935933,0.0,556.0
11.38483780651669,1.0,556.0
7.736811062333559,0.0,557.0
12.32689680212135,1.0,557.0
15.71936860425673,0.0,558.0
21.606889565478976,1.0,558.0
7.947196772496273,0.0,559.0
13.472520913050422,1.0,559.0
5.242788575405631,0.0,560.0
10.314121242120601,1.0,560.0
6.36331697969431,0.0,561.0
10.387362835021163,1.0,561.0
5.962281637804246,0.0,562.0
11.412501062130305,1.0,562.0
6.519911843917472,0.0,563.0
13.484136553263014,1.0,563.0
9.550298439066854,0.0,564.0
16.93039355550993,1.0,564.0
16.84753885425217,0.0,565.0
20.738340122469683,1.0,565.0
11.255925306864485,0.0,566.0
15.160462440955712,1.0,566.0
6.619550724016982,0.0,567.0
12.92068462961969,1.0,567.0
7.138768886089782,0.0,568.0
14.325265511273512,1.0,568.0
5.7719872589632555,0.0,569.0
11.715004540555059,1.0,569.0
5.353876760930312,0.0,570.0
10.35305661101244,1.0,570.0
7.915033357461183,0.0,571.0
13.531692233326355,1.0,571.0
13.775243710188331,0.0,572.0
17.973052090608018,1.0,572.0
11.926812565146315,0.0,573.0
15.931379444370966,1.0,573.0
7.435735978459189,0.0,574.0
11.711342135189085,1.0,574.0
8.770740278345212,0.0,575.0
11.497706165123915,1.0,575.0
7.692354073398722,0.0,576.0
10.63275789195905,1.0,576.0
8.497084376586441,0.0,577.0
12.029008571155535,1.0,577.0
9.941545651923818,0.0,578.0
12.92581668751227,1.0,578.0
16.80638293767508,0.0,579.0
18.813708970516643,1.0,579.0
11.979806480711552,0.0,580.0
13.887386797011027,1.0,580.0
8.694649279348722,0.0,581.0
10.976370817451992,1.0,581.0
7.235551411381968,0.0,582.0
13.469744034133035,1.0,582.0
7.501444299277012,0.0,583.0
15.772660011542158,1.0,583.0
7.088736424596326,0.0,584.0
12.899142754728302,1.0,584.0
8.910554003787846,0.0,585.0
16.306519543483184,1.0,585.0
16.900698236015536,0.0,586.0
22.306880199876925,1.0,586.0
11.8094353612279,0.0,587.0
17.280331545837537,1.0,587.0
6.924771148720769,0.0,588.0
13.992003126167658,1.0,588.0
5.754919920119051,0.0,589.0
8.63462457041588,1.0,589.0
5.434111363577447,0.0,590.0
7.329207016404149,1.0,590.0
6.305706079491823,0.0,591.0
7.950100465402056,1.0,591.0
9.555684124937113,0.0,592.0
11.571227877965336,1.0,592.0
14.284616850650597,0.0,593.0
17.796123558742124,1.0,593.0
9.886823678615254,0.0,594.0
12.593970536712522,1.0,594.0
6.167067554917534,0.0,595.0
8.029749639088832,1.0,595.0
6.352609883537346,0.0,596.0
13.336746994878226,1.0,596.0
6.371562494727742,0.0,597.0
13.542247326414348,1.0,597.0
6.21706483855759,0.0,598.0
14.49563445928481,1.0,598.0
8.809557519137678,0.0,599.0
14.936508068294442,1.0,599.0
11.659164693250036,0.0,600.0
24.46226677607765,1.0,600.0
9.59564095444998,0.0,601.0
16.655557675643696,1.0,601.0
5.236103046151218,0.0,602.0
12.285297036583,1.0,602.0
6.4782834149437845,0.0,603.0
12.294035910147912,1.0,603.0
5.842060673618295,0.0,604.0
11.065818543239219,1.0,604.0
6.587459836160236,0.0,605.0
11.74327537414905,1.0,605.0
9.956379414247975,0.0,606.0
14.581888817746716,1.0,606.0
15.688541947636821,0.0,607.0
20.12058227963189,1.0,607.0
10.251726153905395,0.0,608.0
15.030888076512683,1.0,608.0
7.4283494979112605,0.0,609.0
12.684242553426396,1.0,609.0
5.360772488713973,0.0,610.0
11.584342702729918,1.0,610.0
5.873309030180469,0.0,611.0
14.23209023594809,1.0,611.0
5.531190077706099,0.0,612.0
11.37070021824729,1.0,612.0
6.720107268357152,0.0,613.0
14.141109450639666,1.0,613.0
11.152681348270464,0.0,614.0
16.634874835237813,1.0,614.0
7.334754259821665,0.0,615.0
12.819123127848757,1.0,615.0
5.247214904764804,0.0,616.0
12.28610699579153,1.0,616.0
7.5632444040516384,0.0,617.0
18.417390935288843,1.0,617.0
8.724459686880975,0.0,618.0
19.274020297652772,1.0,618.0
7.981135149078814,0.0,619.0
18.01388402350213,1.0,619.0
11.661784791859409,0.0,620.0
21.985774151613896,1.0,620.0
14.555095888274515,0.0,621.0
28.17812684397828,1.0,621.0
10.130615754620584,0.0,622.0
21.317493094517754,1.0,622.0
7.186116539095978,0.0,623.0
17.35068768620041,1.0,623.0
7.177339447616656,0.0,624.0
16.23226126720034,1.0,624.0
6.548342932175226,0.0,625.0
21.3028638848947,1.0,625.0
7.066505324362269,0.0,626.0
21.9549687754234,1.0,626.0
10.388494172146478,0.0,627.0
29.363892793869834,1.0,627.0
17.148813279293478,0.0,628.0
39.48596866021422,1.0,628.0
9.514942525295206,0.0,629.0
27.408030657133725,1.0,629.0
5.93972698818146,0.0,630.0
25.88086972366878,1.0,630.0
6.282857412504581,0.0,631.0
13.482709895890157,1.0,631.0
5.742669341373862,0.0,632.0
15.618210996354131,1.0,632.0
6.909581264921856,0.0,633.0
19.66060753071903,1.0,633.0
8.906536345535683,0.0,634.0
22.459909940698022,1.0,634.0
15.584029849155781,0.0,635.0
23.58989901598422,1.0,635.0
10.287170229457091,0.0,636.0
17.35907304405676,1.0,636.0
5.886573252246536,0.0,637.0
14.31465352560809,1.0,637.0
6.865044365802748,0.0,638.0
10.25102346543387,1.0,638.0
7.281329958424911,0.0,639.0
11.366974405887019,1.0,639.0
7.324552248147211,0.0,640.0
11.961117486271744,1.0,640.0
9.495533036310011,0.0,641.0
13.854776058659423,1.0,641.0
12.65846283298063,0.0,642.0
16.771234182371323,1.0,642.0
9.555963376289013,0.0,643.0
12.342625211077747,1.0,643.0
7.411814604101686,0.0,644.0
10.916759991160594,1.0,644.0
6.575010784836658,0.0,645.0
11.809654679941252,1.0,645.0
6.3475242951545585,0.0,646.0
10.766853261958534,1.0,646.0
5.787282242027292,0.0,647.0
11.512578145362383,1.0,647.0
7.770324698912785,0.0,648.0
13.26017783765743,1.0,648.0
15.053530019326868,0.0,649.0
18.99938723330962,1.0,649.0
7.3888334772974495,0.0,650.0
12.910149079783581,1.0,650.0
5.210555238959353,0.0,651.0
9.11858019203056,1.0,651.0
5.643355747841124,0.0,652.0
8.330382611180061,1.0,652.0
4.977451150161416,0.0,653.0
6.9340828567074455,1.0,653.0
5.812926028299987,0.0,654.0
8.271285989555025,1.0,654.0
7.869837633612667,0.0,655.0
9.676772809497884,1.0,655.0
14.652288821852002,0.0,656.0
16.785146371804345,1.0,656.0
7.293296508579377,0.0,657.0
9.391331892678219,1.0,657.0
5.930760110013289,0.0,658.0
7.825869225970268,1.0,658.0
4.399032570243659,0.0,659.0
7.812235853594418,1.0,659.0
5.555566158386142,0.0,660.0
8.703153633893505,1.0,660.0
4.977657874334811,0.0,661.0
8.313583666325465,1.0,661.0
7.301570687048444,0.0,662.0
10.78569947100069,1.0,662.0
14.08823626894029,0.0,663.0
16.852963626626,1.0,663.0
8.056942553778894,0.0,664.0
10.903573073512296,1.0,664.0
5.3491998436546515,0.0,665.0
8.100707711603583,1.0,665.0
7.585820334104541,0.0,666.0
10.245510096986154,1.0,666.0
7.563038114172712,0.0,667.0
10.466054389375094,1.0,667.0
8.282746586638215,0.0,668.0
11.17023509693448,1.0,668.0
8.29540713937459,0.0,669.0
11.462267735400717,1.0,669.0
10.964515446685207,0.0,670.0
13.343692666527494,1.0,670.0
9.147571085875407,0.0,671.0
11.972796099184793,1.0,671.0
8.506968918994488,0.0,672.0
11.093166935353903,1.0,672.0
5.9292626626398155,0.0,673.0
11.092670102466577,1.0,673.0
6.493008169352617,0.0,674.0
11.200992266437263,1.0,674.0
5.875133501298533,0.0,675.0
11.344000227793982,1.0,675.0
9.778733427897714,0.0,676.0
15.368362249503672,1.0,676.0
18.55901480013222,0.0,677.0
23.43910806321726,1.0,677.0
10.555344466265392,0.0,678.0
14.911713762028048,1.0,678.0
6.855884660884897,0.0,679.0
12.028591648452775,1.0,679.0
6.8540137202569404,0.0,680.0
9.149749072702233,1.0,680.0
5.944097727846862,0.0,681.0
8.872273116680264,1.0,681.0
7.052534070879661,0.0,682.0
9.591212019323752,1.0,682.0
10.481012359920811,0.0,683.0
13.635507723458204,1.0,683.0
15.12930876059072,0.0,684.0
18.87635073799764,1.0,684.0
9.242112217346374,0.0,685.0
11.826385874856546,1.0,685.0
6.69293780556945,0.0,686.0
9.941939991313772,1.0,686.0
5.858578195648524,0.0,687.0
15.539528127889472,1.0,687.0
5.60716164571935,0.0,688.0
17.581138670015914,1.0,688.0
6.2416450376443,0.0,689.0
21.715242998652183,1.0,689.0
8.295121807900156,0.0,690.0
23.050392787189818,1.0,690.0
16.29666670457219,0.0,691.0
26.637328629487012,1.0,691.0
10.587151325531197,0.0,692.0
21.280072544779117,1.0,692.0
5.279998926614306,0.0,693.0
14.994233187945438,1.0,693.0
6.061049757467571,0.0,694.0
9.622951562944488,1.0,694.0
5.437289530596362,0.0,695.0
9.59379216284089,1.0,695.0
5.549532505148962,0.0,696.0
10.330891089244837,1.0,696.0
6.79896211743631,0.0,697.0
10.455395065611363,1.0,697.0
12.612526202746377,0.0,698.0
20.160186896319985,1.0,698.0
6.683332080218674,0.0,699.0
14.772075925850881,1.0,699.0
4.255423545485454,0.0,700.0
7.843237965184868,1.0,700.0
6.428205352529995,0.0,701.0
13.438213386157713,1.0,701.0
6.107918383660088,0.0,702.0
13.330447553418276,1.0,702.0
6.64228386867243,0.0,703.0
13.276903386744523,1.0,703.0
10.072180997786173,0.0,704.0
17.47409420041112,1.0,704.0
15.407711935331285,0.0,705.0
22.62065058004564,1.0,705.0
10.857533081190724,0.0,706.0
17.656508740172193,1.0,706.0
7.367213863693554,0.0,707.0
14.993463618123572,1.0,707.0
6.3244654296377165,0.0,708.0
15.027386360105002,1.0,708.0
5.738440181709009,0.0,709.0
17.562227316801636,1.0,709.0
6.511379260231683,0.0,710.0
15.571827477097498,1.0,710.0
9.525502395622832,0.0,711.0
17.852731672986014,1.0,711.0
14.59555736797556,0.0,712.0
25.964675529841482,1.0,712.0
10.71307631344228,0.0,713.0
22.21764831844681,1.0,713.0
6.755896173727299,0.0,714.0
15.378165578843856,1.0,714.0
8.755427054913158,0.0,715.0
12.875583581968582,1.0,715.0
8.541292949077269,0.0,716.0
16.374556117018194,1.0,716.0
8.88980558491482,0.0,717.0
14.81244490082707,1.0,717.0
12.971131842343157,0.0,718.0
17.32209938333991,1.0,718.0
19.85404489872555,0.0,719.0
24.337045779521684,1.0,719.0
11.472163135170932,0.0,720.0
15.170790398029698,1.0,720.0
10.370584302007114,0.0,721.0
16.092667294765388,1.0,721.0
6.97856590331039,0.0,722.0
7.304582953574528,1.0,722.0
6.588347099786747,0.0,723.0
8.166664014569898,1.0,723.0
6.39281382661053,0.0,724.0
8.920059407112914,1.0,724.0
11.157545012173411,0.0,725.0
15.010485356047662,1.0,725.0
18.76206961944045,0.0,726.0
22.656286613758148,1.0,726.0
12.8940723666519,0.0,727.0
19.365350255724262,1.0,727.0
8.8802471976626,0.0,728.0
14.762401147677311,1.0,728.0
5.375680081099139,0.0,729.0
27.44766958308585,1.0,729.0
5.499774517768537,0.0,730.0
24.99127784442261,1.0,730.0
4.382633176325902,0.0,731.0
23.736437357184453,1.0,731.0
5.999356054840918,0.0,732.0
34.50060632336656,1.0,732.0
13.165305339496571,0.0,733.0
47.2670869583021,1.0,733.0
7.337438634014196,0.0,734.0
40.46177363994627,1.0,734.0
5.115602830616087,0.0,735.0
26.07434313811716,1.0,735.0
5.157319855662944,0.0,736.0
11.237735751078494,1.0,736.0
4.403039805424777,0.0,737.0
9.418071838223218,1.0,737.0
5.242419859390197,0.0,738.0
10.38636352341811,1.0,738.0
6.266334678940569,0.0,739.0
11.215135500534961,1.0,739.0
12.845161687805774,0.0,740.0
19.028230032736168,1.0,740.0
7.68160702214972,0.0,741.0
14.400773252780748,1.0,741.0
4.069345732223395,0.0,742.0
9.112611248671046,1.0,742.0
6.56143387074361,0.0,743.0
12.051380817096396,1.0,743.0
5.512172322343469,0.0,744.0
8.461118713361964,1.0,744.0
6.5761225787104856,0.0,745.0
11.644042125095796,1.0,745.0
8.403405319661703,0.0,746.0
13.701522656179872,1.0,746.0
16.932263627549318,0.0,747.0
23.28749108234544,1.0,747.0
8.317964394764571,0.0,748.0
12.118798955288957,1.0,748.0
4.824984255000746,0.0,749.0
9.930225331958669,1.0,749.0
6.0259956783608395,0.0,750.0
12.404491328613751,1.0,750.0
5.964427486839292,0.0,751.0
14.423576753141791,1.0,751.0
6.668095292615638,0.0,752.0
15.000682895296439,1.0,752.0
10.701079362674157,0.0,753.0
22.20367663066947,1.0,753.0
17.23833787520445,0.0,754.0
30.583866817217647,1.0,754.0
11.04457633154028,0.0,755.0
27.95554223611313,1.0,755.0
7.893180527720452,0.0,756.0
19.316980707802603,1.0,756.0
6.377767259990778,0.0,757.0
12.12341203127574,1.0,757.0
5.4548854058248555,0.0,758.0
12.136324040517142,1.0,758.0
6.679234946076276,0.0,759.0
12.864041337523199,1.0,759.0
9.565483979921254,0.0,760.0
16.204951527294792,1.0,760.0
16.339648395151627,0.0,761.0
21.928720451231907,1.0,761.0
11.572018293922282,0.0,762.0
15.269591958368043,1.0,762.0
6.606607879867491,0.0,763.0
13.911074086643032,1.0,763.0
6.359757936415162,0.0,764.0
9.04284097156451,1.0,764.0
5.624439617387559,0.0,765.0
6.858252434400279,1.0,765.0
6.6506935470202,0.0,766.0
7.761671815655566,1.0,766.0
8.723310977976624,0.0,767.0
9.797530561663589,1.0,767.0
13.231964765229533,0.0,768.0
16.0609651004701,1.0,768.0
8.255835529066937,0.0,769.0
13.071985444108794,1.0,769.0
6.228861579569514,0.0,770.0
7.594137073432925,1.0,770.0
7.000635445997685,0.0,771.0
11.829594008194412,1.0,771.0
5.828562366826337,0.0,772.0
11.5392950732999,1.0,772.0
6.053852629313376,0.0,773.0
11.702202407817449,1.0,773.0
8.36872516810387,0.0,774.0
14.027989635527312,1.0,774.0
12.834943172941346,0.0,775.0
18.02571898242896,1.0,775.0
8.79316463962387,0.0,776.0
13.434986578157321,1.0,776.0
5.599361716824434,0.0,777.0
11.242672376454513,1.0,777.0
5.1893942403286974,0.0,778.0
11.764762093641128,1.0,778.0
4.676574104607433,0.0,779.0
15.642322157400192,1.0,779.0
4.557326394390579,0.0,780.0
13.94363140677335,1.0,780.0
7.056432732443589,0.0,781.0
20.716532459355747,1.0,781.0
12.857474370662379,0.0,782.0
26.741667444469766,1.0,782.0
7.015154779116553,0.0,783.0
21.250266045896947,1.0,783.0
4.878987905231419,0.0,784.0
14.011825194910902,1.0,784.0
5.3417252013266525,0.0,785.0
16.181233837049035,1.0,785.0
5.400056161779472,0.0,786.0
25.284421842468145,1.0,786.0
6.060251958504206,0.0,787.0
24.213096397208286,1.0,787.0
7.684253612722372,0.0,788.0
40.28906645044429,1.0,788.0
15.042241402858867,0.0,789.0
50.69703316269233,1.0,789.0
8.873724094544489,0.0,790.0
34.572561970306246,1.0,790.0
5.576409253456204,0.0,791.0
38.24526966989633,1.0,791.0
5.431820025891097,0.0,792.0
6.729558384872366,1.0,792.0
6.049355509953514,0.0,793.0
10.116809098746447,1.0,793.0
5.398425385999958,0.0,794.0
7.817704924005092,1.0,794.0
7.095659947227221,0.0,795.0
13.509141058058907,1.0,795.0
15.583754506454161,0.0,796.0
24.076401340440473,1.0,796.0
8.196422741059282,0.0,797.0
18.099618965764,1.0,797.0
5.2975587554010195,0.0,798.0
9.65046281548982,1.0,798.0
7.172917026907293,0.0,799.0
17.391017574673228,1.0,799.0
6.129222265175395,0.0,800.0
14.40156106297071,1.0,800.0
6.295253479901599,0.0,801.0
14.8133973086259,1.0,801.0
11.64198270066238,0.0,802.0
19.844833512764236,1.0,802.0
18.31746368365368,0.0,803.0
29.01732883737265,1.0,803.0
10.246634051104852,0.0,804.0
21.895893868522403,1.0,804.0
6.59566843616285,0.0,805.0
16.4933026514379,1.0,805.0
9.758326364487491,0.0,806.0
13.002978222406664,1.0,806.0
7.889558946035772,0.0,807.0
9.584270690619391,1.0,807.0
7.923321433353438,0.0,808.0
9.978991825037069,1.0,808.0
11.299599697142241,0.0,809.0
13.450390569135715,1.0,809.0
20.914552937029725,0.0,810.0
23.53428456751478,1.0,810.0
12.801542887221263,0.0,811.0
14.989146730973292,1.0,811.0
8.6213151817237,0.0,812.0
10.486618667387814,1.0,812.0
6.741613096806385,0.0,813.0
17.941987874906566,1.0,813.0
6.854699905538294,0.0,814.0
12.656646613457157,1.0,814.0
7.051007960070452,0.0,815.0
18.49171652721646,1.0,815.0
8.74940773339397,0.0,816.0
21.963616881441673,1.0,816.0
16.950951753400265,0.0,817.0
33.3012738824498,1.0,817.0
10.506572761653322,0.0,818.0
22.40886340158966,1.0,818.0
6.508995852115091,0.0,819.0
10.817504593088572,1.0,819.0
6.7580072792040795,0.0,820.0
20.15380450461405,1.0,820.0
5.804610157560477,0.0,821.0
19.387194399575375,1.0,821.0
6.019895578067927,0.0,822.0
21.231667819003874,1.0,822.0
7.884773455139764,0.0,823.0
20.695081352011194,1.0,823.0
15.534415178954344,0.0,824.0
29.577342885897316,1.0,824.0
9.435807121980755,0.0,825.0
24.253860145868963,1.0,825.0
6.810039666786341,0.0,826.0
20.51771939425227,1.0,826.0
6.055795228531109,0.0,827.0
10.003408729398704,1.0,827.0
6.1316417197342385,0.0,828.0
9.693448849014166,1.0,828.0
5.4957985517866,0.0,829.0
9.166445089764236,1.0,829.0
8.539216587159052,0.0,830.0
12.370992892341304,1.0,830.0
12.969213563616446,0.0,831.0
16.738492287085823,1.0,831.0
8.285858306601243,0.0,832.0
12.053859769999061,1.0,832.0
6.642849754382452,0.0,833.0
10.09239740591868,1.0,833.0
6.20553345147408,0.0,834.0
11.232017395635442,1.0,834.0
6.4211094149901715,0.0,835.0
14.004769646757842,1.0,835.0
6.841457832490589,0.0,836.0
14.211963726773158,1.0,836.0
10.222989756626893,0.0,837.0
17.276194890897337,1.0,837.0
17.72546428083066,0.0,838.0
21.10552742102942,1.0,838.0
12.55640276114435,0.0,839.0
16.468356776397457,1.0,839.0
7.297722837939115,0.0,840.0
13.02636802031897,1.0,840.0
5.461951811339942,0.0,841.0
8.809428099382199,1.0,841.0
5.756450373873263,0.0,842.0
8.933311903228356,1.0,842.0
5.50709281408314,0.0,843.0
8.827955536274555,1.0,843.0
7.732092018492967,0.0,844.0
11.262398466117055,1.0,844.0
16.592538940553062,0.0,845.0
19.33310823338829,1.0,845.0
9.546403686153202,0.0,846.0
12.3305644190208,1.0,846.0
5.906863924735591,0.0,847.0
8.673883054402229,1.0,847.0
5.171379270925469,0.0,848.0
11.463898076885714,1.0,848.0
4.6605647071247995,0.0,849.0
9.956575715353793,1.0,849.0
5.296789619873793,0.0,850.0
12.162800803606626,1.0,850.0
7.97943662336038,0.0,851.0
14.557026327246787,1.0,851.0
13.23502002690976,0.0,852.0
17.96221514040134,1.0,852.0
9.898604350731242,0.0,853.0
16.49471323991492,1.0,853.0
5.0046944430097815,0.0,854.0
9.707916501089768,1.0,854.0
5.1394412547270445,0.0,855.0
17.98119598073294,1.0,855.0
5.495113235094409,0.0,856.0
19.941485749711983,1.0,856.0
5.315004799033385,0.0,857.0
17.46313260768781,1.0,857.0
8.575885373149783,0.0,858.0
21.401806590940048,1.0,858.0
15.513912136463713,0.0,859.0
28.50764083341096,1.0,859.0
7.51508679183691,0.0,860.0
21.178900170863876,1.0,860.0
5.809410848763652,0.0,861.0
18.024334017326062,1.0,861.0
7.694652359797076,0.0,862.0
16.211022095562818,1.0,862.0
7.30991999846274,0.0,863.0
16.008927067059243,1.0,863.0
8.447030200369241,0.0,864.0
16.334115483452422,1.0,864.0
12.91697749192224,0.0,865.0
20.061537339049924,1.0,865.0
18.768237469672176,0.0,866.0
24.667139552086983,1.0,866.0
11.961003266823342,0.0,867.0
19.74241601656971,1.0,867.0
8.835874027563003,0.0,868.0
17.544915470163875,1.0,868.0
6.665585070509959,0.0,869.0
10.297213289351076,1.0,869.0
5.909913106292887,0.0,870.0
10.315091890287526,1.0,870.0
6.878523997931998,0.0,871.0
10.634810801975007,1.0,871.0
7.902116570979947,0.0,872.0
11.899493705056525,1.0,872.0
14.32104069455346,0.0,873.0
16.008025471715015,1.0,873.0
10.037353620398704,0.0,874.0
12.704106314439501,1.0,874.0
5.693002121539793,0.0,875.0
11.288455700736696,1.0,875.0
5.839144386172423,0.0,876.0
13.502047291991339,1.0,876.0
5.69365834050202,0.0,877.0
11.967753071660926,1.0,877.0
5.839270765866585,0.0,878.0
12.332824921798977,1.0,878.0
7.033190160361019,0.0,879.0
13.32732758186026,1.0,879.0
12.764991795035572,0.0,880.0
20.937544921196626,1.0,880.0
6.561594125407274,0.0,881.0
15.399994088093168,1.0,881.0
4.876981464725034,0.0,882.0
12.318187894875564,1.0,882.0
4.564219950699199,0.0,883.0
10.131590311437982,1.0,883.0
4.693203240315943,0.0,884.0
9.295736294204989,1.0,884.0
5.298748722281476,0.0,885.0
8.903958373491195,1.0,885.0
7.81865168597562,0.0,886.0
12.653144897049476,1.0,886.0
13.443514384604265,0.0,887.0
24.128374663973442,1.0,887.0
6.192025590203334,0.0,888.0
10.427175044471577,1.0,888.0
4.507019024512214,0.0,889.0
9.257468870226608,1.0,889.0
5.34223593163726,0.0,890.0
14.60964588096848,1.0,890.0
6.113498199163415,0.0,891.0
15.080406767633518,1.0,891.0
6.185664478927012,0.0,892.0
14.081221544468624,1.0,892.0
8.673120867586585,0.0,893.0
19.725047711649342,1.0,893.0
14.599025209413838,0.0,894.0
37.44060581376452,1.0,894.0
9.341335911921346,0.0,895.0
23.255909621915816,1.0,895.0
5.903316173112848,0.0,896.0
17.232738516449043,1.0,896.0
6.748254762318496,0.0,897.0
9.914100412140456,1.0,897.0
6.271256538304043,0.0,898.0
9.419299588723817,1.0,898.0
5.750558734931934,0.0,899.0
9.65373261864406,1.0,899.0
9.231637034442752,0.0,900.0
13.147839752612306,1.0,900.0
13.322449586239593,0.0,901.0
16.573357890464873,1.0,901.0
9.881486199432512,0.0,902.0
13.24918931867611,1.0,902.0
5.6211133559506266,0.0,903.0
9.613143022070929,1.0,903.0
5.690529248759765,0.0,904.0
26.494785363225546,1.0,904.0
6.097166120877222,0.0,905.0
17.503256640576332,1.0,905.0
5.19529803951587,0.0,906.0
17.77121069008242,1.0,906.0
8.424862072834655,0.0,907.0
24.01860499649423,1.0,907.0
16.525775718438744,0.0,908.0
30.94416359952703,1.0,908.0
8.370914446587,0.0,909.0
24.589607998294348,1.0,909.0
6.07361650259579,0.0,910.0
25.279177736598925,1.0,910.0
6.569570812156346,0.0,911.0
14.116339899158726,1.0,911.0
7.099025729461866,0.0,912.0
16.015723775701247,1.0,912.0
6.847915791436577,0.0,913.0
16.263420159098906,1.0,913.0
10.211306800769432,0.0,914.0
22.42321857139478,1.0,914.0
13.054736570170896,0.0,915.0
19.91986874187507,1.0,915.0
8.326901740907656,0.0,916.0
15.832053256298227,1.0,916.0
6.245554122275966,0.0,917.0
15.249264370848053,1.0,917.0
7.050882448964758,0.0,918.0
10.649267162394109,1.0,918.0
7.749645767156885,0.0,919.0
15.074545095011405,1.0,919.0
7.285991675393346,0.0,920.0
14.276907255007762,1.0,920.0
10.80358371776544,0.0,921.0
16.703080783620532,1.0,921.0
17.25543735184026,0.0,922.0
26.294643357007146,1.0,922.0
11.221676409726932,0.0,923.0
15.377945825836173,1.0,923.0
8.496546720017623,0.0,924.0
14.350198357479629,1.0,924.0
5.7457289459983985,0.0,925.0
6.952407912371103,1.0,925.0
4.509649546187663,0.0,926.0
7.11955743538823,1.0,926.0
5.196088455472798,0.0,927.0
8.007072518421655,1.0,927.0
5.716781915896211,0.0,928.0
9.293355926149516,1.0,928.0
11.182763189853961,0.0,929.0
14.354959962179143,1.0,929.0
7.502325917075124,0.0,930.0
10.172127792673319,1.0,930.0
5.303281019494376,0.0,931.0
7.819927643163291,1.0,931.0
5.354375330995162,0.0,932.0
11.39349546701315,1.0,932.0
5.582632693381449,0.0,933.0
11.503526579770401,1.0,933.0
6.358320421680038,0.0,934.0
10.815846456756507,1.0,934.0
10.218434441806108,0.0,935.0
16.615994316931328,1.0,935.0
15.889280240178602,0.0,936.0
20.43773060228091,1.0,936.0
9.795667872630718,0.0,937.0
14.01734464348135,1.0,937.0
6.416693508698367,0.0,938.0
10.578802882705665,1.0,938.0
6.933534342776804,0.0,939.0
12.418313184794863,1.0,939.0
6.5492449618142805,0.0,940.0
12.418641945717575,1.0,940.0
6.648956369092529,0.0,941.0
12.645333676498232,1.0,941.0
10.502489090639878,0.0,942.0
16.777663043586752,1.0,942.0
18.197211015969796,0.0,943.0
22.297095979493402,1.0,943.0
10.859662861330326,0.0,944.0
17.020669915169005,1.0,944.0
6.291542433553675,0.0,945.0
10.83772664704938,1.0,945.0
6.354140337291856,0.0,946.0
26.222681195650598,1.0,946.0
7.025599995701048,0.0,947.0
17.173967181391166,1.0,947.0
6.402328784414865,0.0,948.0
14.11088125181579,1.0,948.0
9.965092664438174,0.0,949.0
18.09430580707189,1.0,949.0
16.41742749679931,0.0,950.0
24.854896782565554,1.0,950.0
10.458031667411005,0.0,951.0
20.22532455418825,1.0,951.0
5.893129796039909,0.0,952.0
16.012661131014898,1.0,952.0
7.503132836222438,0.0,953.0
18.767085720706408,1.0,953.0
7.122776426088265,0.0,954.0
18.40201951639666,1.0,954.0
7.926890899700027,0.0,955.0
22.492134156960525,1.0,955.0
11.83823125685052,0.0,956.0
27.703143312065645,1.0,956.0
15.767367698985419,0.0,957.0
27.02617810250927,1.0,957.0
10.09158657812099,0.0,958.0
22.420333987445563,1.0,958.0
7.152050479935388,0.0,959.0
19.016839791359363,1.0,959.0
6.838961073514062,0.0,960.0
15.681142438253975,1.0,960.0
7.328259385844857,0.0,961.0
15.547695469916162,1.0,961.0
7.029342311251492,0.0,962.0
14.393961343832062,1.0,962.0
8.78978843432129,0.0,963.0
16.731772014272934,1.0,963.0
13.387042638827644,0.0,964.0
22.472373758034344,1.0,964.0
9.871583850950802,0.0,965.0
18.296818192572754,1.0,965.0
6.743548747312327,0.0,966.0
14.995510013722466,1.0,966.0
5.800651997652534,0.0,967.0
13.529403067112147,1.0,967.0
6.214147248228125,0.0,968.0
14.262628086737521,1.0,968.0
5.701814390872192,0.0,969.0
14.821950304152534,1.0,969.0
9.325454197012682,0.0,970.0
17.193441814548482,1.0,970.0
12.084006321460151,0.0,971.0
18.392006857116133,1.0,971.0
10.322924391268772,0.0,972.0
16.595539481128217,1.0,972.0
7.0435541638775545,0.0,973.0
13.54062871088048,1.0,973.0
6.604303947641035,0.0,974.0
24.529240196720977,1.0,974.0
5.78542215876121,0.0,975.0
35.966602090589696,1.0,975.0
5.439049291836826,0.0,976.0
20.66231166187912,1.0,976.0
7.875704517768549,0.0,977.0
34.584805166045626,1.0,977.0
13.332978621658738,0.0,978.0
47.23541516462047,1.0,978.0
9.179342332993391,0.0,979.0
36.150091074899144,1.0,979.0
6.356764778846135,0.0,980.0
31.76476780032276,1.0,980.0
5.653993356880738,0.0,981.0
18.724935704059643,1.0,981.0
5.561201563583388,0.0,982.0
15.43475805848634,1.0,982.0
5.932078628060474,0.0,983.0
14.430621009638548,1.0,983.0
8.336010633371007,0.0,984.0
19.324351988044146,1.0,984.0
12.211269370670204,0.0,985.0
20.69686847380421,1.0,985.0
8.972552581140743,0.0,986.0
16.576154312633946,1.0,986.0
5.25780604429508,0.0,987.0
12.679868339404551,1.0,987.0
8.098122356552576,0.0,988.0
12.82346867843467,1.0,988.0
8.099567254293826,0.0,989.0
14.103327567891814,1.0,989.0
8.024123354075613,0.0,990.0
13.397708911303116,1.0,990.0
10.782548664534488,0.0,991.0
16.40027590482521,1.0,991.0
16.606613990417227,0.0,992.0
24.361849205972323,1.0,992.0
10.59691947701819,0.0,993.0
17.25597457411455,1.0,993.0
8.21483248414709,0.0,994.0
15.197943791921759,1.0,994.0
7.323080424148152,0.0,995.0
12.20680308621833,1.0,995.0
7.171016554254642,0.0,996.0
13.926949287134631,1.0,996.0
6.992002105991953,0.0,997.0
12.106643052740466,1.0,997.0
9.830432711612655,0.0,998.0
17.191593457233626,1.0,998.0
16.649241730993673,0.0,999.0
23.749792346797758,1.0,999.0
15.032485411617238,0.0,1000.0
20.472673067705845,1.0,1000.0
8.224813439929974,0.0,1001.0
13.276893832265847,1.0,1001.0
6.63929331687009,0.0,1002.0
12.360021310844886,1.0,1002.0
6.037071056238314,0.0,1003.0
12.582149040914944,1.0,1003.0
6.305204035071022,0.0,1004.0
12.27828708935077,1.0,1004.0
8.667064196741949,0.0,1005.0
14.759438390721941,1.0,1005.0
16.40660618119325,0.0,1006.0
22.816661142857214,1.0,1006.0
9.96036754047505,0.0,1007.0
17.613362451983985,1.0,1007.0
6.283639576866439,0.0,1008.0
12.403677460754745,1.0,1008.0
7.1244310880641875,0.0,1009.0
20.96951333800929,1.0,1009.0
6.523003152039952,0.0,1010.0
16.494122599419835,1.0,1010.0
6.5595164606060585,0.0,1011.0
17.216567127121134,1.0,1011.0
9.284920190133292,0.0,1012.0
20.34716977973656,1.0,1012.0
16.415244298438516,0.0,1013.0
28.597825122639215,1.0,1013.0
10.987457921280503,0.0,1014.0
22.882526678277284,1.0,1014.0
6.798455295775776,0.0,1015.0
21.717430539957487,1.0,1015.0
7.193489556515249,0.0,1016.0
12.67372220389677,1.0,1016.0
6.304931298136286,0.0,1017.0
11.086701593401692,1.0,1017.0
6.555239528548112,0.0,1018.0
10.154566226708745,1.0,1018.0
8.90449733294311,0.0,1019.0
13.485757340269728,1.0,1019.0
13.635557233028917,0.0,1020.0
21.539893127227725,1.0,1020.0
10.518611404691601,0.0,1021.0
14.495320898668878,1.0,1021.0
5.98936207022322,0.0,1022.0
11.613113409272355,1.0,1022.0
6.426730054174992,0.0,1023.0
15.929177137053118,1.0,1023.0
7.706028703750495,0.0,1024.0
16.81423454761329,1.0,1024.0
6.825845380160716,0.0,1025.0
18.043227998761207,1.0,1025.0
9.597491483237487,0.0,1026.0
28.39330499374909,1.0,1026.0
17.40517774625553,0.0,1027.0
40.08564812665478,1.0,1027.0
11.836738152421557,0.0,1028.0
19.32529875001438,1.0,1028.0
5.610832302680597,0.0,1029.0
7.852451522618735,1.0,1029.0
8.08857743242941,0.0,1030.0
18.181443520510125,1.0,1030.0
7.472520286782012,0.0,1031.0
20.790319526125582,1.0,1031.0
8.011105811275128,0.0,1032.0
21.273129044602403,1.0,1032.0
11.726968484942837,0.0,1033.0
30.318678354972246,1.0,1033.0
23.816499110628683,0.0,1034.0
45.382830861447594,1.0,1034.0
13.173644662138154,0.0,1035.0
40.27394475087901,1.0,1035.0
8.62439780395607,0.0,1036.0
26.81682384174089,1.0,1036.0
6.167939618237166,0.0,1037.0
12.057372343768517,1.0,1037.0
6.064540182218454,0.0,1038.0
11.167248888076553,1.0,1038.0
5.522953682856553,0.0,1039.0
11.120906192501906,1.0,1039.0
6.750607335526802,0.0,1040.0
12.21670760617269,1.0,1040.0
11.377166863082797,0.0,1041.0
18.02184594423915,1.0,1041.0
9.53560625674413,0.0,1042.0
14.87309716528611,1.0,1042.0
5.7919982458060675,0.0,1043.0
11.486700708657994,1.0,1043.0
5.536144509155465,0.0,1044.0
9.56048047319519,1.0,1044.0
5.332859948067572,0.0,1045.0
10.92203232617082,1.0,1045.0
6.611113685117365,0.0,1046.0
12.769435061879914,1.0,1046.0
9.052927895201206,0.0,1047.0
15.259750411113746,1.0,1047.0
13.892614833984114,0.0,1048.0
18.96692024643131,1.0,1048.0
8.407767373437887,0.0,1049.0
12.40154333767063,1.0,1049.0
5.047286137142674,0.0,1050.0
10.948640680488136,1.0,1050.0
5.642829382928905,0.0,1051.0
7.517191382895936,1.0,1051.0
5.827228648472473,0.0,1052.0
7.848817780688494,1.0,1052.0
5.529285262108055,0.0,1053.0
7.233802073208539,1.0,1053.0
7.895173070803528,0.0,1054.0
10.53868579852864,1.0,1054.0
13.108707214026182,0.0,1055.0
14.799232794098591,1.0,1055.0
8.315334307382386,0.0,1056.0
10.29957237697704,1.0,1056.0
6.190691003260706,0.0,1057.0
8.642483129066173,1.0,1057.0
7.161708320623664,0.0,1058.0
9.83296985997555,1.0,1058.0
7.090684669642557,0.0,1059.0
9.817342207339097,1.0,1059.0
7.493000745959641,0.0,1060.0
9.965165625911247,1.0,1060.0
9.634297506284252,0.0,1061.0
11.889714261913129,1.0,1061.0
18.783471651508723,0.0,1062.0
20.66660118847716,1.0,1062.0
12.906685146995581,0.0,1063.0
15.351760040049522,1.0,1063.0
8.04872266211978,0.0,1064.0
10.770189512168583,1.0,1064.0
6.204016460848722,0.0,1065.0
14.037829445603588,1.0,1065.0
6.311145183583468,0.0,1066.0
15.769827542931226,1.0,1066.0
6.420993458363549,0.0,1067.0
15.5317277647001,1.0,1067.0
7.35348016929249,0.0,1068.0
16.1090588713961,1.0,1068.0
14.549856993939459,0.0,1069.0
22.683478659859148,1.0,1069.0
9.279582710950452,0.0,1070.0
18.124192650433258,1.0,1070.0
5.484949441334418,0.0,1071.0
13.296272486342954,1.0,1071.0
5.118506957816711,0.0,1072.0
10.668618890213605,1.0,1072.0
5.259665693266507,0.0,1073.0
11.132851027932231,1.0,1073.0
5.028416476199446,0.0,1074.0
11.020783942644119,1.0,1074.0
7.735286254407151,0.0,1075.0
12.860561335839458,1.0,1075.0
13.286509112095102,0.0,1076.0
19.97213043694399,1.0,1076.0
6.235681305818853,0.0,1077.0
11.419448036662965,1.0,1077.0
4.767257398179131,0.0,1078.0
13.119330491347908,1.0,1078.0
5.700127591104693,0.0,1079.0
8.135458218867702,1.0,1079.0
5.245677068004786,0.0,1080.0
9.157441296565834,1.0,1080.0
5.0029794141006665,0.0,1081.0
8.567302411303627,1.0,1081.0
7.111289337041894,0.0,1082.0
10.92587713521913,1.0,1082.0
11.589275853750191,0.0,1083.0
13.868836342511436,1.0,1083.0
7.866429290518506,0.0,1084.0
10.790539683001379,1.0,1084.0
5.0475532282491,0.0,1085.0
8.88329898498698,1.0,1085.0
6.00813358061457,0.0,1086.0
8.578033393656987,1.0,1086.0
5.524142346853823,0.0,1087.0
8.196114826271549,1.0,1087.0
5.113908213547684,0.0,1088.0
7.791480051715168,1.0,1088.0
7.870268019444084,0.0,1089.0
10.529391896615774,1.0,1089.0
14.599450818005621,0.0,1090.0
17.25235125525165,1.0,1090.0
8.610406572927147,0.0,1091.0
11.317370158752922,1.0,1091.0
5.709838850014236,0.0,1092.0
9.720560116341343,1.0,1092.0
7.493676508173257,0.0,1093.0
9.904162017216,1.0,1093.0
6.5755658131846095,0.0,1094.0
8.97439702980542,1.0,1094.0
6.38962784229153,0.0,1095.0
9.617825585174739,1.0,1095.0
8.208744109805405,0.0,1096.0
12.175300667384706,1.0,1096.0
15.148821177368111,0.0,1097.0
20.478010112594056,1.0,1097.0
11.988140591819466,0.0,1098.0
16.1719685985722,1.0,1098.0
6.744834258978774,0.0,1099.0
9.791455216156228,1.0,1099.0
6.441123876188757,0.0,1100.0
13.690938031066988,1.0,1100.0
6.229897371908954,0.0,1101.0
15.389153229236115,1.0,1101.0
5.911364084157063,0.0,1102.0
10.687039924957816,1.0,1102.0
7.271838452523032,0.0,1103.0
11.465404644443534,1.0,1103.0
13.6894149603188,0.0,1104.0
22.105983824143145,1.0,1104.0
11.312612462703687,0.0,1105.0
16.38099018976739,1.0,1105.0
5.661518811663099,0.0,1106.0
11.373481440109092,1.0,1106.0
6.797410817547017,0.0,1107.0
14.911808872519789,1.0,1107.0
6.953854981585298,0.0,1108.0
15.851421487307894,1.0,1108.0
6.896118135983075,0.0,1109.0
17.14943736046442,1.0,1109.0
10.047217316671869,0.0,1110.0
20.3306209885036,1.0,1110.0
14.279676316624595,0.0,1111.0
23.081768826328982,1.0,1111.0
10.633844062458559,0.0,1112.0
20.833639097812174,1.0,1112.0
6.379564804851528,0.0,1113.0
17.328837027932526,1.0,1113.0
6.88883501752148,0.0,1114.0
12.281526926185784,1.0,1114.0
6.702255159384081,0.0,1115.0
12.572215423230418,1.0,1115.0
6.9862772361312455,0.0,1116.0
13.278303117859373,1.0,1116.0
9.400218426367001,0.0,1117.0
16.275177813607755,1.0,1117.0
13.7608038529595,0.0,1118.0
20.73559928999455,1.0,1118.0
10.566329510890963,0.0,1119.0
15.213963178181285,1.0,1119.0
7.4681478099381895,0.0,1120.0
13.983632968617986,1.0,1120.0
4.923570405267345,0.0,1121.0
8.787963094613866,1.0,1121.0
4.986808893362551,0.0,1122.0
10.800723020013207,1.0,1122.0
4.62003764896754,0.0,1123.0
9.649915604442523,1.0,1123.0
4.965660489273041,0.0,1124.0
9.823162621985583,1.0,1124.0
8.504714930633273,0.0,1125.0
13.793143157260156,1.0,1125.0
7.050593208839751,0.0,1126.0
12.39197800170652,1.0,1126.0
4.385304521681779,0.0,1127.0
10.984416991318241,1.0,1127.0
7.890277703403531,0.0,1128.0
12.882594397790267,1.0,1128.0
6.42457638783929,0.0,1129.0
10.983394227813472,1.0,1129.0
6.07447293131431,0.0,1130.0
10.854390960614433,1.0,1130.0
10.760056119022295,0.0,1131.0
16.168553741061075,1.0,1131.0
25.889834864658344,0.0,1132.0
30.685841333040564,1.0,1132.0
13.972644015342336,0.0,1133.0
18.776340536115704,1.0,1133.0
7.089584167425526,0.0,1134.0
11.899626164873911,1.0,1134.0
7.756701749604672,0.0,1135.0
24.667588612581817,1.0,1135.0
7.882174202665569,0.0,1136.0
35.880110607340576,1.0,1136.0
7.181254612371151,0.0,1137.0
21.586577178265962,1.0,1137.0
10.090363170565348,0.0,1138.0
35.098442644025646,1.0,1138.0
16.461131853396292,0.0,1139.0
48.109646048041206,1.0,1139.0
11.425417848611046,0.0,1140.0
36.5592837700429,1.0,1140.0
8.99273033706451,0.0,1141.0
32.4930066850014,1.0,1141.0
6.24895768813049,0.0,1142.0
9.325774706340209,1.0,1142.0
6.652623985991879,0.0,1143.0
10.784079552583036,1.0,1143.0
6.083481936046776,0.0,1144.0
10.207172751595918,1.0,1144.0
7.717595268687002,0.0,1145.0
11.620332252150693,1.0,1145.0
11.116774749095573,0.0,1146.0
12.6742811408949,1.0,1146.0
9.957284918242777,0.0,1147.0
12.146642443112848,1.0,1147.0
6.634304141861942,0.0,1148.0
10.7686143260826,1.0,1148.0
6.827427949252528,0.0,1149.0
10.424919318932638,1.0,1149.0
5.727813430031159,0.0,1150.0
10.068390475547915,1.0,1150.0
5.7117414941395355,0.0,1151.0
10.980567839325273,1.0,1151.0
9.358270790948584,0.0,1152.0
14.739121660563823,1.0,1152.0
16.600607697732165,0.0,1153.0
23.701320739672372,1.0,1153.0
9.38939189922727,0.0,1154.0
13.94369655094557,1.0,1154.0
7.291766054824965,0.0,1155.0
10.340142430298286,1.0,1155.0
5.2732096009788165,0.0,1156.0
9.23486861968268,1.0,1156.0
5.954634146272715,0.0,1157.0
10.563575649581205,1.0,1157.0
6.341041581423213,0.0,1158.0
12.453652595376438,1.0,1158.0
7.922514079911594,0.0,1159.0
12.710873925351045,1.0,1159.0
15.56376045709622,0.0,1160.0
19.326840061130863,1.0,1160.0
11.121405631156216,0.0,1161.0
15.029351976930268,1.0,1161.0
5.067171612879353,0.0,1162.0
10.915032802006031,1.0,1162.0
5.305037306379279,0.0,1163.0
17.03682523560117,1.0,1163.0
5.217036649807086,0.0,1164.0
18.038208423139302,1.0,1164.0
4.839604344438072,0.0,1165.0
18.139979689145008,1.0,1165.0
7.0132877471390715,0.0,1166.0
23.177754855541394,1.0,1166.0
10.495121719048809,0.0,1167.0
27.817618560256,1.0,1167.0
9.41563544617972,0.0,1168.0
29.840802856104364,1.0,1168.0
5.609041272237114,0.0,1169.0
17.489096903288264,1.0,1169.0
6.627227313279273,0.0,1170.0
22.572721406728114,1.0,1170.0
6.429459594993725,0.0,1171.0
23.466403037110165,1.0,1171.0
7.204858083167914,0.0,1172.0
23.77797284713925,1.0,1172.0
11.152504590416035,0.0,1173.0
27.83385769952321,1.0,1173.0
15.462009168636435,0.0,1174.0
27.538504445448332,1.0,1174.0
10.274238242669274,0.0,1175.0
20.266693275061627,1.0,1175.0
5.996856690097606,0.0,1176.0
21.176011678264675,1.0,1176.0
6.822318474672851,0.0,1177.0
34.907856419292685,1.0,1177.0
6.252463313188646,0.0,1178.0
31.071067487200615,1.0,1178.0
6.704266377129882,0.0,1179.0
32.29756591654993,1.0,1179.0
9.183631425296603,0.0,1180.0
33.849613661005826,1.0,1180.0
15.241728058703703,0.0,1181.0
46.98339060241633,1.0,1181.0
9.340519872590184,0.0,1182.0
41.339895367630874,1.0,1182.0
6.702186106561386,0.0,1183.0
30.634483404788725,1.0,1183.0
7.582454551869698,0.0,1184.0
14.00825095132468,1.0,1184.0
7.22782878690471,0.0,1185.0
12.360456039621308,1.0,1185.0
7.5973343494087215,0.0,1186.0
13.176515348663495,1.0,1186.0
10.278560775647556,0.0,1187.0
21.006118282710702,1.0,1187.0
15.9342514337798,0.0,1188.0
26.162928355063332,1.0,1188.0
10.27630939305382,0.0,1189.0
22.89633984856888,1.0,1189.0
6.133087486064448,0.0,1190.0
15.203399833497613,1.0,1190.0
6.84649912283673,0.0,1191.0
10.361932287339053,1.0,1191.0
6.835917103490434,0.0,1192.0
11.344338977490096,1.0,1192.0
6.757334991345718,0.0,1193.0
10.264593865109656,1.0,1193.0
8.97034810235054,0.0,1194.0
14.711170467708495,1.0,1194.0
15.400840962332717,0.0,1195.0
23.942068411359443,1.0,1195.0
10.271834422712134,0.0,1196.0
14.787694458303289,1.0,1196.0
7.05576348464684,0.0,1197.0
11.340709578504663,1.0,1197.0
7.140189029045871,0.0,1198.0
23.37485462891419,1.0,1198.0
6.9943281872370795,0.0,1199.0
13.581691688438777,1.0,1199.0
6.188126494344975,0.0,1200.0
15.08093617260725,1.0,1200.0
9.00372927911317,0.0,1201.0
16.273774608136367,1.0,1201.0
16.317590578415757,0.0,1202.0
51.9704597165783,1.0,1202.0
10.38173481283012,0.0,1203.0
34.74682697411468,1.0,1203.0
7.752504727731392,0.0,1204.0
17.458574252805708,1.0,1204.0
7.493506264736287,0.0,1205.0
8.452894044463314,1.0,1205.0
7.6872515475308365,0.0,1206.0
9.129937427026627,1.0,1206.0
8.324826681873029,0.0,1207.0
9.797975279213022,1.0,1207.0
10.250327291379211,0.0,1208.0
11.69825988251081,1.0,1208.0
16.9917697888704,0.0,1209.0
18.426220576400297,1.0,1209.0
10.678669767408046,0.0,1210.0
11.85421937390723,1.0,1210.0
6.883968747851549,0.0,1211.0
7.935629338970608,1.0,1211.0
5.4211124954399725,0.0,1212.0
10.340935452022215,1.0,1212.0
5.658092662495579,0.0,1213.0
10.419110630237281,1.0,1213.0
5.568657965543044,0.0,1214.0
9.75712814601213,1.0,1214.0
7.419845143366477,0.0,1215.0
13.288301879716611,1.0,1215.0
15.51176064159987,0.0,1216.0
27.876094575066237,1.0,1216.0
8.48944687382752,0.0,1217.0
15.943297787837716,1.0,1217.0
5.15589102681757,0.0,1218.0
11.224636126620888,1.0,1218.0
6.109266868026696,0.0,1219.0
10.654081751020874,1.0,1219.0
6.64209191051142,0.0,1220.0
12.204013612761047,1.0,1220.0
5.949760927891291,0.0,1221.0
10.823378860250875,1.0,1221.0
7.968397291924857,0.0,1222.0
13.309527588225182,1.0,1222.0
14.053181321244187,0.0,1223.0
19.29886194201733,1.0,1223.0
9.725280463064932,0.0,1224.0
16.64095148362827,1.0,1224.0
6.208779368431727,0.0,1225.0
11.48587511484766,1.0,1225.0
6.004698745557428,0.0,1226.0
8.98006240132201,1.0,1226.0
5.690232625628634,0.0,1227.0
9.55207774355931,1.0,1227.0
5.35595703149859,0.0,1228.0
9.538247201488877,1.0,1228.0
7.1441150511621405,0.0,1229.0
11.983512749820237,1.0,1229.0
16.981000154308198,0.0,1230.0
26.46685631938859,1.0,1230.0
9.457520543192604,0.0,1231.0
14.832106280611924,1.0,1231.0
5.271689570292163,0.0,1232.0
12.005263954651769,1.0,1232.0
6.8969128948847285,0.0,1233.0
10.255384216326561,1.0,1233.0
6.522131523014652,0.0,1234.0
12.240196857520951,1.0,1234.0
6.700501043971808,0.0,1235.0
13.22002253556639,1.0,1235.0
9.152297512722125,0.0,1236.0
15.158254922104092,1.0,1236.0
18.329947044241393,0.0,1237.0
22.050849271076924,1.0,1237.0
10.678644578328159,0.0,1238.0
14.423240174918426,1.0,1238.0
8.061414918353105,0.0,1239.0
13.252872135882635,1.0,1239.0
6.544958475278251,0.0,1240.0
19.676699878451824,1.0,1240.0
6.940909097374096,0.0,1241.0
15.790171633641387,1.0,1241.0
6.077635029437013,0.0,1242.0
16.1347586816571,1.0,1242.0
9.295463991564981,0.0,1243.0
17.68301025804713,1.0,1243.0
13.762107604994041,0.0,1244.0
35.86675344625482,1.0,1244.0
11.53093186446212,0.0,1245.0
41.484239653108546,1.0,1245.0
5.976070921899142,0.0,1246.0
14.222540968879919,1.0,1246.0
6.712146650503722,0.0,1247.0
8.766020365915757,1.0,1247.0
6.996036701728721,0.0,1248.0
10.779616308192576,1.0,1248.0
7.71695946156552,0.0,1249.0
11.892857251078777,1.0,1249.0
13.020290937633291,0.0,1250.0
16.93873287815161,1.0,1250.0
19.980332522529736,0.0,1251.0
21.942712116555853,1.0,1251.0
12.090150285495776,0.0,1252.0
13.541902062301267,1.0,1252.0
8.60980073212489,0.0,1253.0
11.495968552901715,1.0,1253.0
5.025510177526313,0.0,1254.0
8.79885476592552,1.0,1254.0
5.197357029654517,0.0,1255.0
9.170133987093788,1.0,1255.0
5.398680751155262,0.0,1256.0
9.139705144219187,1.0,1256.0
7.698488048661239,0.0,1257.0
11.717248974437794,1.0,1257.0
12.794628484775009,0.0,1258.0
16.808887079657634,1.0,1258.0
9.383608399611703,0.0,1259.0
13.39106464002422,1.0,1259.0
5.526583950430833,0.0,1260.0
8.647720720517837,1.0,1260.0
6.282288486733045,0.0,1261.0
10.471526934141366,1.0,1261.0
4.3763241803930155,0.0,1262.0
7.727567972875096,1.0,1262.0
5.276354761616872,0.0,1263.0
9.014807262757632,1.0,1263.0
7.271461484912211,0.0,1264.0
9.906569311529086,1.0,1264.0
12.954920063628485,0.0,1265.0
17.373157648399502,1.0,1265.0
7.769725372527791,0.0,1266.0
10.880897690022943,1.0,1266.0
4.701291540745199,0.0,1267.0
7.756919331139902,1.0,1267.0
7.352724496893812,0.0,1268.0
19.37002934447252,1.0,1268.0
7.2189904599030505,0.0,1269.0
25.944169012994607,1.0,1269.0
6.4836395687892505,0.0,1270.0
20.801387086702803,1.0,1270.0
8.99789105839302,0.0,1271.0
18.746530997172513,1.0,1271.0
15.539092096229359,0.0,1272.0
25.94057696333492,1.0,1272.0
10.623244237038797,0.0,1273.0
19.422658452673385,1.0,1273.0
6.722320867331404,0.0,1274.0
22.667635597159226,1.0,1274.0
6.890128346488482,0.0,1275.0
11.560294948677956,1.0,1275.0
6.069380394219732,0.0,1276.0
13.496001044214538,1.0,1276.0
6.987691298964406,0.0,1277.0
15.562302096225821,1.0,1277.0
10.166975757234523,0.0,1278.0
16.457899399567598,1.0,1278.0
16.47463928037241,0.0,1279.0
22.677066301833694,1.0,1279.0
8.954865938365204,0.0,1280.0
17.01540192310329,1.0,1280.0
6.9801919018510725,0.0,1281.0
13.849759523098935,1.0,1281.0
5.952592962207493,0.0,1282.0
9.633965705300126,1.0,1282.0
5.814483408312207,0.0,1283.0
9.679719497557713,1.0,1283.0
5.3884539846954365,0.0,1284.0
9.28410632227389,1.0,1284.0
8.538359289851668,0.0,1285.0
12.414173055498717,1.0,1285.0
12.985318940183664,0.0,1286.0
17.012086953323045,1.0,1286.0
9.580279090036372,0.0,1287.0
13.573253780949901,1.0,1287.0
5.434448810390068,0.0,1288.0
9.211570892200998,1.0,1288.0
6.484119898486109,0.0,1289.0
14.187059544002873,1.0,1289.0
6.765796350737049,0.0,1290.0
20.780540951571346,1.0,1290.0
6.531772426218324,0.0,1291.0
19.46693043215841,1.0,1291.0
9.835412332142125,0.0,1292.0
32.83841411529358,1.0,1292.0
16.02181953304965,0.0,1293.0
41.038682178111905,1.0,1293.0
12.186522402502266,0.0,1294.0
30.31068212497119,1.0,1294.0
6.700534050352348,0.0,1295.0
29.901727857498237,1.0,1295.0
8.256026618638689,0.0,1296.0
23.712691003502762,1.0,1296.0
8.517904454048455,0.0,1297.0
24.521037242546665,1.0,1297.0
7.643942398912179,0.0,1298.0
29.90790656509223,1.0,1298.0
11.973907024469362,0.0,1299.0
37.78345047231869,1.0,1299.0
15.537830905054134,0.0,1300.0
43.149695584213035,1.0,1300.0
12.771885785641278,0.0,1301.0
36.20326739414691,1.0,1301.0
9.558117476919344,0.0,1302.0
15.366989878941064,1.0,1302.0
6.5907365880264654,0.0,1303.0
11.387292873222863,1.0,1303.0
7.143684231035897,0.0,1304.0
11.508804126314397,1.0,1304.0
7.156998831262142,0.0,1305.0
11.731511205223432,1.0,1305.0
11.08581128971347,0.0,1306.0
16.360224833409365,1.0,1306.0
16.903412576527785,0.0,1307.0
21.5994487981208,1.0,1307.0
10.621167440826445,0.0,1308.0
15.273717755946471,1.0,1308.0
7.5273512680059,0.0,1309.0
12.147577913426776,1.0,1309.0
6.515815578364431,0.0,1310.0
18.06685492146013,1.0,1310.0
5.92906115000003,0.0,1311.0
18.992562729820943,1.0,1311.0
6.320445599913297,0.0,1312.0
16.10631803892077,1.0,1312.0
7.972765425823673,0.0,1313.0
16.805516520183552,1.0,1313.0
12.496546992765087,0.0,1314.0
23.001175062144526,1.0,1314.0
8.60166335641703,0.0,1315.0
21.071619445060144,1.0,1315.0
5.188329784553843,0.0,1316.0
13.622996133729092,1.0,1316.0
6.582041143909436,0.0,1317.0
19.19256011597649,1.0,1317.0
6.521707651600298,0.0,1318.0
20.95916714056701,1.0,1318.0
6.605262435562595,0.0,1319.0
17.326199123249094,1.0,1319.0
9.043690451570944,0.0,1320.0
19.049717186522674,1.0,1320.0
14.678256157513967,0.0,1321.0
25.0105166556765,1.0,1321.0
9.66807779967578,0.0,1322.0
21.88188787148133,1.0,1322.0
6.6038535842635,0.0,1323.0
17.19706947635609,1.0,1323.0
6.2049632228194485,0.0,1324.0
12.69132763360415,1.0,1324.0
4.663245172666319,0.0,1325.0
8.01014862623696,1.0,1325.0
5.313729710434296,0.0,1326.0
7.852018096725606,1.0,1326.0
6.002783506892232,0.0,1327.0
8.700530929517347,1.0,1327.0
8.597192729020742,0.0,1328.0
11.402947452117424,1.0,1328.0
6.644813199735165,0.0,1329.0
9.865842043605689,1.0,1329.0
4.354417063862604,0.0,1330.0
7.720759972576689,1.0,1330.0
7.26963961956103,0.0,1331.0
10.436106310492029,1.0,1331.0
7.284347870779592,0.0,1332.0
10.577006206433877,1.0,1332.0
6.745491346529962,0.0,1333.0
11.552570152728345,1.0,1333.0
10.800167991665255,0.0,1334.0
30.906225370765792,1.0,1334.0
18.039866993765404,0.0,1335.0
36.56008070041731,1.0,1335.0
11.125517965605294,0.0,1336.0
24.62441018660193,1.0,1336.0
7.539282640307173,0.0,1337.0
22.195113212075494,1.0,1337.0
5.921639491598914,0.0,1338.0
8.875928573334594,1.0,1338.0
6.4041098260850475,0.0,1339.0
8.830304200832684,1.0,1339.0
5.985729196882139,0.0,1340.0
8.953999955168205,1.0,1340.0
7.894279292759658,0.0,1341.0
10.233552667015836,1.0,1341.0
12.517141237096785,0.0,1342.0
15.082510055809644,1.0,1342.0
8.595325697043064,0.0,1343.0
11.094737344200352,1.0,1343.0
6.534614883602462,0.0,1344.0
9.36813926446089,1.0,1344.0
3.957298625014163,0.0,1345.0
9.65052231383374,1.0,1345.0
4.629315916276286,0.0,1346.0
10.444850395590663,1.0,1346.0
3.8669883910674563,0.0,1347.0
9.48686712421822,1.0,1347.0
4.697488423968103,0.0,1348.0
11.383853695220616,1.0,1348.0
9.081669504013478,0.0,1349.0
15.954373600009628,1.0,1349.0
6.565674756359204,0.0,1350.0
13.527930374523832,1.0,1350.0
4.306586475444871,0.0,1351.0
10.514592877850475,1.0,1351.0
7.391671591736582,0.0,1352.0
10.994744948392475,1.0,1352.0
7.2016456068853385,0.0,1353.0
11.19270419054471,1.0,1353.0
6.733383650668989,0.0,1354.0
10.926815211300141,1.0,1354.0
10.675973232969952,0.0,1355.0
14.90560584443448,1.0,1355.0
17.733794917583122,0.0,1356.0
20.536151286358848,1.0,1356.0
9.970778882089746,0.0,1357.0
12.44093167570659,1.0,1357.0
6.7247355446508115,0.0,1358.0
11.155442158291914,1.0,1358.0
5.988084810152255,0.0,1359.0
11.92720473306362,1.0,1359.0
5.642213553353445,0.0,1360.0
8.945583762403372,1.0,1360.0
4.938595691456753,0.0,1361.0
8.211354653935805,1.0,1361.0
7.655478563235029,0.0,1362.0
11.394676313709772,1.0,1362.0
11.362155474315742,0.0,1363.0
19.810561598019547,1.0,1363.0
7.387883675265505,0.0,1364.0
13.414126545602677,1.0,1364.0
5.845627968492921,0.0,1365.0
9.303932733962041,1.0,1365.0
6.1074267623066305,0.0,1366.0
18.576743135177917,1.0,1366.0
5.750815402970733,0.0,1367.0
18.674138884278385,1.0,1367.0
6.366444334258647,0.0,1368.0
18.127883284940534,1.0,1368.0
8.90533465270418,0.0,1369.0
22.3715666257782,1.0,1369.0
12.9776540768727,0.0,1370.0
25.7836359664099,1.0,1370.0
9.289376485811959,0.0,1371.0
25.73835077789824,1.0,1371.0
6.113934230823528,0.0,1372.0
21.23032020322672,1.0,1372.0
7.2034557462856865,0.0,1373.0
15.361969434730101,1.0,1373.0
7.302607782271276,0.0,1374.0
14.941105509679915,1.0,1374.0
7.211759456779646,0.0,1375.0
16.84283370783556,1.0,1375.0
12.21972508423284,0.0,1376.0
22.259370555028845,1.0,1376.0
16.451606038230377,0.0,1377.0
23.99180424972157,1.0,1377.0
14.167372106549074,0.0,1378.0
21.992291174609175,1.0,1378.0
7.667600590813425,0.0,1379.0
14.855202929748055,1.0,1379.0
5.407139504779347,0.0,1380.0
16.582919317778703,1.0,1380.0
4.745487518688023,0.0,1381.0
9.502303687282675,1.0,1381.0
4.727400022108905,0.0,1382.0
11.230590738262288,1.0,1382.0
6.991306366231924,0.0,1383.0
12.77543049720251,1.0,1383.0
14.115177727125323,0.0,1384.0
38.32877146993187,1.0,1384.0
8.294226292678264,0.0,1385.0
25.06134213889369,1.0,1385.0
4.88031988640685,0.0,1386.0
11.84152711767341,1.0,1386.0
6.746165805860186,0.0,1387.0
7.384288151249574,1.0,1387.0
6.098969311565974,0.0,1388.0
6.350446662723066,1.0,1388.0
7.174116548266245,0.0,1389.0
7.538876574966483,1.0,1389.0
8.462965767793426,0.0,1390.0
9.388995388365453,1.0,1390.0
16.396385929150995,0.0,1391.0
17.297158719833433,1.0,1391.0
10.28131463695751,0.0,1392.0
10.579818697498592,1.0,1392.0
6.362580416252887,0.0,1393.0
6.6235054095692805,1.0,1393.0
6.11149132436272,0.0,1394.0
21.13478323450855,1.0,1394.0
5.155549237060442,0.0,1395.0
16.662927218707217,1.0,1395.0
5.940908703466449,0.0,1396.0
16.88218730231335,1.0,1396.0
7.558296052724982,0.0,1397.0
36.19749040894871,1.0,1397.0
10.73847515762734,0.0,1398.0
38.03425553561777,1.0,1398.0
7.484555889758876,0.0,1399.0
21.985493597378404,1.0,1399.0
5.145815829132257,0.0,1400.0
17.64515324235405,1.0,1400.0
7.242929640335107,0.0,1401.0
33.62030313449988,1.0,1401.0
7.11498865743859,0.0,1402.0
22.927017107886947,1.0,1402.0
8.325647498443926,0.0,1403.0
29.919322864137982,1.0,1403.0
9.224197569967869,0.0,1404.0
27.579740272210678,1.0,1404.0
13.516772480694604,0.0,1405.0
48.88969105287727,1.0,1405.0
8.039675873767134,0.0,1406.0
36.655969881960054,1.0,1406.0
7.374263331723981,0.0,1407.0
48.302938795985376,1.0,1407.0
6.155181349242366,0.0,1408.0
21.166740793959637,1.0,1408.0
6.778359187214699,0.0,1409.0
18.3103330025549,1.0,1409.0
5.7906666989244595,0.0,1410.0
16.718126481651524,1.0,1410.0
9.45064305577707,0.0,1411.0
37.9991250206822,1.0,1411.0
17.548639979640654,0.0,1412.0
44.51100857522363,1.0,1412.0
10.312999893768394,0.0,1413.0
24.840116872757115,1.0,1413.0
6.603677694998131,0.0,1414.0
19.103035954360543,1.0,1414.0
7.723174649896096,0.0,1415.0
9.967800924827596,1.0,1415.0
7.64298955681882,0.0,1416.0
10.254805736076746,1.0,1416.0
6.756487682812034,0.0,1417.0
8.881623911170609,1.0,1417.0
10.230490456624015,0.0,1418.0
12.814158707626362,1.0,1418.0
17.251100921438592,0.0,1419.0
19.89293640387468,1.0,1419.0
10.689311719392693,0.0,1420.0
13.417766801949785,1.0,1420.0
7.052815059409582,0.0,1421.0
9.12773859406492,1.0,1421.0
7.793960741795757,0.0,1422.0
15.359023615259431,1.0,1422.0
7.098593172158094,0.0,1423.0
13.095343538523457,1.0,1423.0
7.292976867840219,0.0,1424.0
12.28134148244154,1.0,1424.0
11.200952311344633,0.0,1425.0
16.832455806895833,1.0,1425.0
16.815344170014267,0.0,1426.0
21.114697983309245,1.0,1426.0
10.803283620278462,0.0,1427.0
14.988047965934284,1.0,1427.0
6.546369498049502,0.0,1428.0
10.904056443270175,1.0,1428.0
6.738425375309462,0.0,1429.0
14.32745609264033,1.0,1429.0
6.927650086841492,0.0,1430.0
11.941202912804236,1.0,1430.0
6.673327672533432,0.0,1431.0
11.787495672591108,1.0,1431.0
12.274757578096217,0.0,1432.0
19.246113837129215,1.0,1432.0
16.054905389564148,0.0,1433.0
24.192675436374973,1.0,1433.0
10.219405089973328,0.0,1434.0
18.797697835852304,1.0,1434.0
8.602131525868723,0.0,1435.0
16.062808246250988,1.0,1435.0
5.809478164408227,0.0,1436.0
12.997079200459103,1.0,1436.0
5.5900812780406515,0.0,1437.0
8.887942027292889,1.0,1437.0
5.395680210579542,0.0,1438.0
8.376869492522731,1.0,1438.0
7.309906969628316,0.0,1439.0
10.177020988600763,1.0,1439.0
10.57498760568215,0.0,1440.0
18.15536283398862,1.0,1440.0
7.063454839921479,0.0,1441.0
20.10179817470044,1.0,1441.0
5.337023963560168,0.0,1442.0
8.988039088071083,1.0,1442.0
6.760113607441029,0.0,1443.0
12.513213043507864,1.0,1443.0
6.035914095738483,0.0,1444.0
14.321325591733562,1.0,1444.0
6.278567885906643,0.0,1445.0
14.949129100232915,1.0,1445.0
8.169593765145123,0.0,1446.0
19.169558143037275,1.0,1446.0
17.791587787173025,0.0,1447.0
34.45582839080977,1.0,1447.0
9.75229792278455,0.0,1448.0
21.701332546397083,1.0,1448.0
7.092142596218625,0.0,1449.0
14.166160859239685,1.0,1449.0
7.7299366149791435,0.0,1450.0
12.592104807617842,1.0,1450.0
6.219441297962588,0.0,1451.0
10.734276398576531,1.0,1451.0
6.627697219908494,0.0,1452.0
12.450934780508241,1.0,1452.0
9.344838931212422,0.0,1453.0
15.858174332206694,1.0,1453.0
14.066661387668164,0.0,1454.0
23.87373217463189,1.0,1454.0
10.451220627050887,0.0,1455.0
14.103509971574049,1.0,1455.0
7.630224339112127,0.0,1456.0
12.311544926480257,1.0,1456.0
7.580323903141429,0.0,1457.0
16.016412566749587,1.0,1457.0
7.991133476641622,0.0,1458.0
15.275225192093055,1.0,1458.0
7.87444636665464,0.0,1459.0
15.78765750288553,1.0,1459.0
11.222736522557199,0.0,1460.0
17.637855792174637,1.0,1460.0
20.166185371704096,0.0,1461.0
29.82209084405732,1.0,1461.0
12.149463620067278,0.0,1462.0
22.122824461268294,1.0,1462.0
8.514698492183141,0.0,1463.0
14.861687380657619,1.0,1463.0
7.576247615134208,0.0,1464.0
15.071163243880822,1.0,1464.0
7.498690437967157,0.0,1465.0
10.081861421787746,1.0,1465.0
6.766029566873588,0.0,1466.0
11.665692573607583,1.0,1466.0
9.313059432499056,0.0,1467.0
12.418141638474403,1.0,1467.0
14.92523986366709,0.0,1468.0
19.413781907757713,1.0,1468.0
10.834135031683825,0.0,1469.0
14.883922823836583,1.0,1469.0
7.509733243758427,0.0,1470.0
12.155389133978217,1.0,1470.0
4.9200626087372825,0.0,1471.0
9.152096868671201,1.0,1471.0
5.97594410791045,0.0,1472.0
10.417265312983544,1.0,1472.0
5.512849821735203,0.0,1473.0
9.992933112200749,1.0,1473.0
7.425765011449315,0.0,1474.0
11.436219620965025,1.0,1474.0
13.082218290691632,0.0,1475.0
17.796462742732867,1.0,1475.0
9.330892432515268,0.0,1476.0
16.7052283698338,1.0,1476.0
6.003548299474956,0.0,1477.0
11.01884568637139,1.0,1477.0
7.852960950045956,0.0,1478.0
35.67046797503625,1.0,1478.0
7.132734798558344,0.0,1479.0
26.962472747842458,1.0,1479.0
7.886030737664909,0.0,1480.0
29.188614581035154,1.0,1480.0
11.021240820438816,0.0,1481.0
32.67269776406677,1.0,1481.0
14.794541110810636,0.0,1482.0
33.327656403636205,1.0,1482.0
10.672484979691225,0.0,1483.0
36.821958101532445,1.0,1483.0
6.853317980496911,0.0,1484.0
26.838313601294583,1.0,1484.0
5.876780345974096,0.0,1485.0
10.608616764593666,1.0,1485.0
6.216200592538711,0.0,1486.0
13.484314614000933,1.0,1486.0
5.529961024322163,0.0,1487.0
11.129088300540944,1.0,1487.0
8.262914094827629,0.0,1488.0
15.90672107227751,1.0,1488.0
12.56896255756098,0.0,1489.0
22.519361380914816,1.0,1489.0
7.552938595996221,0.0,1490.0
15.282432309020162,1.0,1490.0
5.040359140156414,0.0,1491.0
10.21830979928987,1.0,1491.0
6.289488220654226,0.0,1492.0
12.197705485411381,1.0,1492.0
5.713566399552326,0.0,1493.0
11.049283215135311,1.0,1493.0
5.804231018477696,0.0,1494.0
11.037235886207318,1.0,1494.0
7.467410377907903,0.0,1495.0
12.165149468164456,1.0,1495.0
11.805609226842217,0.0,1496.0
16.331487567541902,1.0,1496.0
8.865462944909748,0.0,1497.0
13.710102143669983,1.0,1497.0
6.148659549007454,0.0,1498.0
11.560575502913151,1.0,1498.0
7.798069601889384,0.0,1499.0
16.636616790404723,1.0,1499.0
7.766276640046965,0.0,1500.0
20.90659145058763,1.0,1500.0
7.356627501402648,0.0,1501.0
22.363949100565495,1.0,1501.0
10.169392171731754,0.0,1502.0
24.474438747521983,1.0,1502.0
16.654330793732505,0.0,1503.0
23.015762145202697,1.0,1503.0
10.786282294195512,0.0,1504.0
18.851665005351645,1.0,1504.0
6.843531588641724,0.0,1505.0
20.954100226846652,1.0,1505.0
6.928644621204909,0.0,1506.0
11.620577194238262,1.0,1506.0
7.22646814229264,0.0,1507.0
12.672656445237807,1.0,1507.0
6.928269390772801,0.0,1508.0
12.59852107429387,1.0,1508.0
9.547571938309732,0.0,1509.0
15.077903059945694,1.0,1509.0
14.957088849497286,0.0,1510.0
19.156564486432988,1.0,1510.0
11.306193590261168,0.0,1511.0
16.53844365418144,1.0,1511.0
6.722641810953658,0.0,1512.0
11.593921067528354,1.0,1512.0
6.552363630488705,0.0,1513.0
12.334470897885382,1.0,1513.0
6.360263455191908,0.0,1514.0
13.244326523362224,1.0,1514.0
6.691004760830195,0.0,1515.0
13.587003109952276,1.0,1515.0
9.417087292632958,0.0,1516.0
18.214989294881526,1.0,1516.0
13.492321267069034,0.0,1517.0
19.187154886854742,1.0,1517.0
9.42284430028485,0.0,1518.0
13.437792554804775,1.0,1518.0
7.155010631124171,0.0,1519.0
12.707269281151461,1.0,1519.0
7.291200169115239,0.0,1520.0
12.766549609342226,1.0,1520.0
5.826788708162379,0.0,1521.0
12.090293602674738,1.0,1521.0
6.719500558965935,0.0,1522.0
12.420242320883446,1.0,1522.0
8.554090304575345,0.0,1523.0
17.270787924597663,1.0,1523.0
14.894241660726818,0.0,1524.0
24.3190707652102,1.0,1524.0
9.408589452505238,0.0,1525.0
19.052739007527734,1.0,1525.0
6.229860022583308,0.0,1526.0
13.539216385225044,1.0,1526.0
6.03837350538966,0.0,1527.0
9.09825738174981,1.0,1527.0
5.727352643585888,0.0,1528.0
8.927045902443476,1.0,1528.0
5.901459129908081,0.0,1529.0
9.944774197102332,1.0,1529.0
7.857438526154034,0.0,1530.0
14.23105270643053,1.0,1530.0
13.522328410001833,0.0,1531.0
20.561930572510082,1.0,1531.0
8.869796769544532,0.0,1532.0
14.457478214693811,1.0,1532.0
5.44173974615217,0.0,1533.0
11.239921120911541,1.0,1533.0
5.868856208857257,0.0,1534.0
10.626380277492357,1.0,1534.0
5.751582367025613,0.0,1535.0
10.6865926016414,1.0,1535.0
5.894566876480502,0.0,1536.0
11.010216689310171,1.0,1536.0
6.355542239879455,0.0,1537.0
11.08822379556082,1.0,1537.0
14.953082048607389,0.0,1538.0
19.755549081702483,1.0,1538.0
9.424831631834355,0.0,1539.0
14.620604433630573,1.0,1539.0
5.381718511575627,0.0,1540.0
9.725409448526175,1.0,1540.0
